profile_id,catalog_id,profile_role,candidate_provider_entry_id,activation_requirement,rationale,provenance
profile.volcker_1979,adapter.demand.global.coffee,excluded,NONE,NONE,Not reviewed for the 1979 profile.,doc:mandate.m4-proving-lens
profile.volcker_1979,adapter.demand.global.pork,excluded,NONE,NONE,Not reviewed for the 1979 profile.,doc:mandate.m4-proving-lens
profile.volcker_1979,adapter.demand.global.timber,excluded,NONE,NONE,Not reviewed for the 1979 profile.,doc:mandate.m4-proving-lens
profile.volcker_1979,adapter.export.arabian_peninsula.petroleum,excluded,NONE,NONE,Not reviewed for the 1979 profile.,doc:mandate.m4-proving-lens
profile.volcker_1979,adapter.external.china,excluded,NONE,NONE,Not reviewed for the 1979 profile.,doc:mandate.m4-proving-lens
profile.volcker_1979,adapter.external.emerging_markets,excluded,NONE,NONE,Not reviewed for the 1979 profile.,doc:mandate.m4-proving-lens
profile.volcker_1979,adapter.external.euro_area,excluded,NONE,NONE,Not reviewed for the 1979 profile.,doc:mandate.m4-proving-lens
profile.volcker_1979,adapter.external.external_energy,boundary_candidate,NONE,NONE,Researched 1979 channel provider; candidate coverage only.,doc:mandate.m4-proving-lens
profile.volcker_1979,adapter.external.external_world,boundary_candidate,NONE,NONE,Researched 1979 channel provider; candidate coverage only.,doc:mandate.m4-proving-lens
profile.volcker_1979,adapter.external.freight_global,boundary_candidate,NONE,NONE,Researched 1979 channel provider; candidate coverage only.,doc:mandate.m4-proving-lens
profile.volcker_1979,adapter.external.freight_gulf_hormuz,boundary_candidate,NONE,NONE,Researched 1979 channel provider; candidate coverage only.,doc:mandate.m4-proving-lens
profile.volcker_1979,adapter.external.freight_gulf_suez,excluded,NONE,NONE,Not reviewed for the 1979 profile.,doc:mandate.m4-proving-lens
profile.volcker_1979,adapter.external.gulf_exporters,boundary_candidate,NONE,NONE,Researched 1979 channel provider; candidate coverage only.,doc:mandate.m4-proving-lens
profile.volcker_1979,adapter.external.iran,boundary_candidate,NONE,NONE,Researched 1979 channel provider; candidate coverage only.,doc:mandate.m4-proving-lens
profile.volcker_1979,adapter.external.japan,boundary_candidate,NONE,NONE,Researched 1979 channel provider; candidate coverage only.,doc:mandate.m4-proving-lens
profile.volcker_1979,adapter.external.latin_america_debtors,boundary_candidate,NONE,NONE,Researched 1979 channel provider; candidate coverage only.,doc:mandate.m4-proving-lens
profile.volcker_1979,adapter.external.mexico,boundary_candidate,NONE,NONE,Researched 1979 channel provider; candidate coverage only.,doc:mandate.m4-proving-lens
profile.volcker_1979,adapter.external.non_gulf_opec,boundary_candidate,NONE,NONE,Researched 1979 channel provider; candidate coverage only.,doc:mandate.m4-proving-lens
profile.volcker_1979,adapter.external.offshore_asia,excluded,NONE,NONE,Not reviewed for the 1979 profile.,doc:mandate.m4-proving-lens
profile.volcker_1979,adapter.external.oil_exporters,boundary_candidate,NONE,NONE,Researched 1979 channel provider; candidate coverage only.,doc:mandate.m4-proving-lens
profile.volcker_1979,adapter.external.russia,excluded,NONE,NONE,Not reviewed for the 1979 profile.,doc:mandate.m4-proving-lens
profile.volcker_1979,adapter.external.switzerland,boundary_candidate,NONE,NONE,Researched 1979 channel provider; candidate coverage only.,doc:mandate.m4-proving-lens
profile.volcker_1979,adapter.external.united_kingdom,boundary_candidate,NONE,NONE,Researched 1979 channel provider; candidate coverage only.,doc:mandate.m4-proving-lens
profile.volcker_1979,adapter.external.west_germany,boundary_candidate,NONE,NONE,Researched 1979 channel provider; candidate coverage only.,doc:mandate.m4-proving-lens
profile.volcker_1979,adapter.flow.global.coffee,excluded,NONE,NONE,Not reviewed for the 1979 profile.,doc:mandate.m4-proving-lens
profile.volcker_1979,adapter.flow.global.pork,excluded,NONE,NONE,Not reviewed for the 1979 profile.,doc:mandate.m4-proving-lens
profile.volcker_1979,adapter.flow.global.timber,excluded,NONE,NONE,Not reviewed for the 1979 profile.,doc:mandate.m4-proving-lens
profile.volcker_1979,adapter.hydropower.caucasus,excluded,NONE,NONE,Not reviewed for the 1979 profile.,doc:mandate.m4-proving-lens
profile.volcker_1979,adapter.hydropower.congo_basin,excluded,NONE,NONE,Not reviewed for the 1979 profile.,doc:mandate.m4-proving-lens
profile.volcker_1979,adapter.incident.amazon_basin.climate,excluded,NONE,NONE,Not reviewed for the 1979 profile.,doc:mandate.m4-proving-lens
profile.volcker_1979,adapter.incident.external.chokepoint_blockage,excluded,NONE,NONE,Not reviewed for the 1979 profile.,doc:mandate.m4-proving-lens
profile.volcker_1979,adapter.incident.external.cyber,excluded,NONE,NONE,Not reviewed for the 1979 profile.,doc:mandate.m4-proving-lens
profile.volcker_1979,adapter.incident.external.drought,excluded,NONE,NONE,Not reviewed for the 1979 profile.,doc:mandate.m4-proving-lens
profile.volcker_1979,adapter.incident.external.gaffe_leak,excluded,NONE,NONE,Not reviewed for the 1979 profile.,doc:mandate.m4-proving-lens
profile.volcker_1979,adapter.incident.external.geological,excluded,NONE,NONE,Not reviewed for the 1979 profile.,doc:mandate.m4-proving-lens
profile.volcker_1979,adapter.incident.external.outbreak,excluded,NONE,NONE,Not reviewed for the 1979 profile.,doc:mandate.m4-proving-lens
profile.volcker_1979,adapter.incident.external.statistical_release_failure,excluded,NONE,NONE,Not reviewed for the 1979 profile.,doc:mandate.m4-proving-lens
profile.volcker_1979,adapter.incident.external.technological_breakthrough,excluded,NONE,NONE,Not reviewed for the 1979 profile.,doc:mandate.m4-proving-lens
profile.volcker_1979,adapter.incident.external.weather,excluded,NONE,NONE,Not reviewed for the 1979 profile.,doc:mandate.m4-proving-lens
profile.volcker_1979,adapter.incident.external.wildfire,excluded,NONE,NONE,Not reviewed for the 1979 profile.,doc:mandate.m4-proving-lens
profile.volcker_1979,adapter.input.amazon_basin.feed_grain,excluded,NONE,NONE,Not reviewed for the 1979 profile.,doc:mandate.m4-proving-lens
profile.volcker_1979,adapter.input.sa.feed_grain,excluded,NONE,NONE,Not reviewed for the 1979 profile.,doc:mandate.m4-proving-lens
profile.volcker_1979,adapter.macro.us.broad,excluded,NONE,NONE,Not reviewed for the 1979 profile.,doc:mandate.m4-proving-lens
profile.volcker_1979,adapter.market.global.coffee,excluded,NONE,NONE,Not reviewed for the 1979 profile.,doc:mandate.m4-proving-lens
profile.volcker_1979,adapter.market.global.pork,excluded,NONE,NONE,Not reviewed for the 1979 profile.,doc:mandate.m4-proving-lens
profile.volcker_1979,adapter.market.global.timber,excluded,NONE,NONE,Not reviewed for the 1979 profile.,doc:mandate.m4-proving-lens
profile.volcker_1979,adapter.market.us.treasury.external_buyer,excluded,NONE,NONE,Not reviewed for the 1979 profile.,doc:mandate.m4-proving-lens
profile.volcker_1979,adapter.market.us.treasury_demand.phase2,excluded,NONE,NONE,Not reviewed for the 1979 profile.,doc:mandate.m4-proving-lens
profile.volcker_1979,adapter.process.amazon_basin.climate_agriculture,excluded,NONE,NONE,Not reviewed for the 1979 profile.,doc:mandate.m4-proving-lens
profile.volcker_1979,adapter.process.arabian_peninsula.resources,excluded,NONE,NONE,Not reviewed for the 1979 profile.,doc:mandate.m4-proving-lens
profile.volcker_1979,adapter.process.caucasus.resources,excluded,NONE,NONE,Not reviewed for the 1979 profile.,doc:mandate.m4-proving-lens
profile.volcker_1979,adapter.process.climate_agriculture,excluded,NONE,NONE,Not reviewed for the 1979 profile.,doc:mandate.m4-proving-lens
profile.volcker_1979,adapter.process.congo_basin.ecology,excluded,NONE,NONE,Not reviewed for the 1979 profile.,doc:mandate.m4-proving-lens
profile.volcker_1979,adapter.process.epidemic,excluded,NONE,NONE,Not reviewed for the 1979 profile.,doc:mandate.m4-proving-lens
profile.volcker_1979,adapter.process.war,excluded,NONE,NONE,Not reviewed for the 1979 profile.,doc:mandate.m4-proving-lens
profile.volcker_1979,adapter.real.us.construction_inputs,excluded,NONE,NONE,Not reviewed for the 1979 profile.,doc:mandate.m4-proving-lens
profile.volcker_1979,adapter.real.us.food_baskets,excluded,NONE,NONE,Not reviewed for the 1979 profile.,doc:mandate.m4-proving-lens
profile.volcker_1979,adapter.real.us.housing_activity,excluded,NONE,NONE,Not reviewed for the 1979 profile.,doc:mandate.m4-proving-lens
profile.volcker_1979,adapter.sector.arabian_peninsula.gas,excluded,NONE,NONE,Not reviewed for the 1979 profile.,doc:mandate.m4-proving-lens
profile.volcker_1979,adapter.sector.arabian_peninsula.petroleum,excluded,NONE,NONE,Not reviewed for the 1979 profile.,doc:mandate.m4-proving-lens
profile.volcker_1979,adapter.sector.caucasus.petroleum,excluded,NONE,NONE,Not reviewed for the 1979 profile.,doc:mandate.m4-proving-lens
profile.volcker_1979,adapter.sector.congo_basin.forestry,excluded,NONE,NONE,Not reviewed for the 1979 profile.,doc:mandate.m4-proving-lens
profile.volcker_1979,adapter.sector.drc.copper_cobalt,excluded,NONE,NONE,Not reviewed for the 1979 profile.,doc:mandate.m4-proving-lens
profile.volcker_1979,adapter.supply.row.green_coffee,excluded,NONE,NONE,Not reviewed for the 1979 profile.,doc:mandate.m4-proving-lens
profile.volcker_1979,adapter.supply.row.live_hogs,excluded,NONE,NONE,Not reviewed for the 1979 profile.,doc:mandate.m4-proving-lens
profile.volcker_1979,adapter.supply.row.timber,excluded,NONE,NONE,Not reviewed for the 1979 profile.,doc:mandate.m4-proving-lens
profile.volcker_1979,adapter.transform.coffee_roasting,excluded,NONE,NONE,Not reviewed for the 1979 profile.,doc:mandate.m4-proving-lens
profile.volcker_1979,adapter.transform.hogs_slaughter,excluded,NONE,NONE,Not reviewed for the 1979 profile.,doc:mandate.m4-proving-lens
profile.volcker_1979,adapter.transform.timber_milling,excluded,NONE,NONE,Not reviewed for the 1979 profile.,doc:mandate.m4-proving-lens
profile.volcker_1979,adapter.transit.caucasus.energy,excluded,NONE,NONE,Not reviewed for the 1979 profile.,doc:mandate.m4-proving-lens
profile.volcker_1979,adapter.transport.drc.minerals,excluded,NONE,NONE,Not reviewed for the 1979 profile.,doc:mandate.m4-proving-lens
profile.volcker_1979,adapter.water.arabian_peninsula,excluded,NONE,NONE,Not reviewed for the 1979 profile.,doc:mandate.m4-proving-lens
profile.volcker_1979,agreement.central_bank.swap_lines,excluded,NONE,NONE,Not reviewed for the 1979 profile.,doc:mandate.m4-proving-lens
profile.volcker_1979,agreement.foreign.information_sharing,excluded,NONE,NONE,Not reviewed for the 1979 profile.,doc:mandate.m4-proving-lens
profile.volcker_1979,agreement.foreign.liquidity_support,excluded,NONE,NONE,Not reviewed for the 1979 profile.,doc:mandate.m4-proving-lens
profile.volcker_1979,agreement.foreign.regulatory_memoranda,excluded,NONE,NONE,Not reviewed for the 1979 profile.,doc:mandate.m4-proving-lens
profile.volcker_1979,agreement.foreign.sanctions_coordination,excluded,NONE,NONE,Not reviewed for the 1979 profile.,doc:mandate.m4-proving-lens
profile.volcker_1979,agreement.us.federal_reserve.swap_lines,excluded,NONE,NONE,Not reviewed for the 1979 profile.,doc:mandate.m4-proving-lens
profile.volcker_1979,agreement.us.repo.bilateral,excluded,NONE,NONE,Not reviewed for the 1979 profile.,doc:mandate.m4-proving-lens
profile.volcker_1979,auth.us.primary_dealer_designation,excluded,NONE,NONE,Not reviewed for the 1979 profile.,doc:mandate.m4-proving-lens
profile.volcker_1979,body.il.cabinet,excluded,NONE,NONE,Not reviewed for the 1979 profile.,doc:mandate.m4-proving-lens
profile.volcker_1979,body.jp.cabinet,reference,NONE,NONE,Researched 1979 role holder or Fed body; identity retained for reference.,doc:mandate.m4-proving-lens
profile.volcker_1979,body.opec,excluded,NONE,NONE,Not reviewed for the 1979 profile.,doc:mandate.m4-proving-lens
profile.volcker_1979,body.us.federal_reserve.board_voting,excluded,NONE,NONE,Not reviewed for the 1979 profile.,doc:mandate.m4-proving-lens
profile.volcker_1979,body.us.federal_reserve.fomc,slice_candidate,NONE,NONE,Selected in the Volcker 1979 opening.,doc:mandate.m4-proving-lens
profile.volcker_1979,body.us.federal_reserve.reserve_bank_boards,excluded,NONE,NONE,Not reviewed for the 1979 profile.,doc:mandate.m4-proving-lens
profile.volcker_1979,body.us.treasury.tbac,excluded,NONE,NONE,Not reviewed for the 1979 profile.,doc:mandate.m4-proving-lens
profile.volcker_1979,coalition.il.governing_parties,excluded,NONE,NONE,Not reviewed for the 1979 profile.,doc:mandate.m4-proving-lens
profile.volcker_1979,coalition.ir.factional_networks,excluded,NONE,NONE,Not reviewed for the 1979 profile.,doc:mandate.m4-proving-lens
profile.volcker_1979,coalition.ru.elite_networks,excluded,NONE,NONE,Not reviewed for the 1979 profile.,doc:mandate.m4-proving-lens
profile.volcker_1979,coalition.uk.parties,excluded,NONE,NONE,Not reviewed for the 1979 profile.,doc:mandate.m4-proving-lens
profile.volcker_1979,cohort.eu.exposed_banks,excluded,NONE,NONE,Not reviewed for the 1979 profile.,doc:mandate.m4-proving-lens
profile.volcker_1979,cohort.foreign.central_bank,excluded,NONE,NONE,Not reviewed for the 1979 profile.,doc:mandate.m4-proving-lens
profile.volcker_1979,cohort.foreign.central_banks,excluded,NONE,NONE,Not reviewed for the 1979 profile.,doc:mandate.m4-proving-lens
profile.volcker_1979,cohort.foreign.finance_ministries,excluded,NONE,NONE,Not reviewed for the 1979 profile.,doc:mandate.m4-proving-lens
profile.volcker_1979,cohort.foreign.finance_ministry,excluded,NONE,NONE,Not reviewed for the 1979 profile.,doc:mandate.m4-proving-lens
profile.volcker_1979,cohort.foreign.sovereign_fund,excluded,NONE,NONE,Not reviewed for the 1979 profile.,doc:mandate.m4-proving-lens
profile.volcker_1979,cohort.foreign.sovereign_funds,excluded,NONE,NONE,Not reviewed for the 1979 profile.,doc:mandate.m4-proving-lens
profile.volcker_1979,cohort.foreign.state_bank,excluded,NONE,NONE,Not reviewed for the 1979 profile.,doc:mandate.m4-proving-lens
profile.volcker_1979,cohort.foreign.state_banks,excluded,NONE,NONE,Not reviewed for the 1979 profile.,doc:mandate.m4-proving-lens
profile.volcker_1979,cohort.jp.banks,excluded,NONE,NONE,Not reviewed for the 1979 profile.,doc:mandate.m4-proving-lens
profile.volcker_1979,cohort.jp.insurers,excluded,NONE,NONE,Not reviewed for the 1979 profile.,doc:mandate.m4-proving-lens
profile.volcker_1979,cohort.jp.pensions,excluded,NONE,NONE,Not reviewed for the 1979 profile.,doc:mandate.m4-proving-lens
profile.volcker_1979,cohort.ru.energy_firms,excluded,NONE,NONE,Not reviewed for the 1979 profile.,doc:mandate.m4-proving-lens
profile.volcker_1979,cohort.sg.dollar_funding_banks,excluded,NONE,NONE,Not reviewed for the 1979 profile.,doc:mandate.m4-proving-lens
profile.volcker_1979,cohort.uk.pensions,excluded,NONE,NONE,Not reviewed for the 1979 profile.,doc:mandate.m4-proving-lens
profile.volcker_1979,cohort.us.asset_manager,excluded,NONE,NONE,Not reviewed for the 1979 profile.,doc:mandate.m4-proving-lens
profile.volcker_1979,cohort.us.bank.community_credit_union,excluded,NONE,NONE,Not reviewed for the 1979 profile.,doc:mandate.m4-proving-lens
profile.volcker_1979,cohort.us.bank.regional_cre_concentrated,excluded,NONE,NONE,Not reviewed for the 1979 profile.,doc:mandate.m4-proving-lens
profile.volcker_1979,cohort.us.bank.systemically_important,excluded,NONE,NONE,Not reviewed for the 1979 profile.,doc:mandate.m4-proving-lens
profile.volcker_1979,cohort.us.custodian.tri_party,excluded,NONE,NONE,Not reviewed for the 1979 profile.,doc:mandate.m4-proving-lens
profile.volcker_1979,cohort.us.dealer.non_primary,excluded,NONE,NONE,Not reviewed for the 1979 profile.,doc:mandate.m4-proving-lens
profile.volcker_1979,cohort.us.dealer.primary,excluded,NONE,NONE,Not reviewed for the 1979 profile.,doc:mandate.m4-proving-lens
profile.volcker_1979,cohort.us.fund.money_market_complex,excluded,NONE,NONE,Not reviewed for the 1979 profile.,doc:mandate.m4-proving-lens
profile.volcker_1979,cohort.us.fund.small_hedge,excluded,NONE,NONE,Not reviewed for the 1979 profile.,doc:mandate.m4-proving-lens
profile.volcker_1979,cohort.us.insurer,excluded,NONE,NONE,Not reviewed for the 1979 profile.,doc:mandate.m4-proving-lens
profile.volcker_1979,cohort.us.insurer.regional,excluded,NONE,NONE,Not reviewed for the 1979 profile.,doc:mandate.m4-proving-lens
profile.volcker_1979,cohort.us.pension,excluded,NONE,NONE,Not reviewed for the 1979 profile.,doc:mandate.m4-proving-lens
profile.volcker_1979,cohort.us.petroleum_producers,reference,NONE,NONE,Researched 1979 role holder or Fed body; identity retained for reference.,doc:mandate.m4-proving-lens
profile.volcker_1979,facility.central_bank.swap_lines,excluded,NONE,NONE,Not reviewed for the 1979 profile.,doc:mandate.m4-proving-lens
profile.volcker_1979,facility.fima_repo,excluded,NONE,NONE,Not reviewed for the 1979 profile.,doc:mandate.m4-proving-lens
profile.volcker_1979,facility.us.federal_reserve.discount_window,excluded,NONE,NONE,Not reviewed for the 1979 profile.,doc:mandate.m4-proving-lens
profile.volcker_1979,facility.us.federal_reserve.fima_repo,excluded,NONE,NONE,Not reviewed for the 1979 profile.,doc:mandate.m4-proving-lens
profile.volcker_1979,facility.us.federal_reserve.rrp,excluded,NONE,NONE,Not reviewed for the 1979 profile.,doc:mandate.m4-proving-lens
profile.volcker_1979,facility.us.federal_reserve.section_13_3,excluded,NONE,NONE,Not reviewed for the 1979 profile.,doc:mandate.m4-proving-lens
profile.volcker_1979,facility.us.federal_reserve.srf,excluded,NONE,NONE,Not reviewed for the 1979 profile.,doc:mandate.m4-proving-lens
profile.volcker_1979,federated.euro_area,excluded,NONE,NONE,Not reviewed for the 1979 profile.,doc:mandate.m4-proving-lens
profile.volcker_1979,federation.us.federal_reserve,excluded,NONE,NONE,Not reviewed for the 1979 profile.,doc:mandate.m4-proving-lens
profile.volcker_1979,firm.iq.inoc,reference,NONE,NONE,Researched 1979 role holder or Fed body; identity retained for reference.,doc:mandate.m4-proving-lens
profile.volcker_1979,firm.ir.nioc,reference,NONE,NONE,Researched 1979 role holder or Fed body; identity retained for reference.,doc:mandate.m4-proving-lens
profile.volcker_1979,firm.kw.koc,reference,NONE,NONE,Researched 1979 role holder or Fed body; identity retained for reference.,doc:mandate.m4-proving-lens
profile.volcker_1979,firm.sa.aramco,reference,NONE,NONE,Researched 1979 role holder or Fed body; identity retained for reference.,doc:mandate.m4-proving-lens
profile.volcker_1979,firm.sa.saudi_aramco,excluded,NONE,NONE,Not reviewed for the 1979 profile.,doc:mandate.m4-proving-lens
profile.volcker_1979,firm.uk.bnoc,reference,NONE,NONE,Researched 1979 role holder or Fed body; identity retained for reference.,doc:mandate.m4-proving-lens
profile.volcker_1979,firm.ve.pdvsa,reference,NONE,NONE,Researched 1979 role holder or Fed body; identity retained for reference.,doc:mandate.m4-proving-lens
profile.volcker_1979,generator.chokepoint_blockage,excluded,NONE,NONE,Not reviewed for the 1979 profile.,doc:mandate.m4-proving-lens
profile.volcker_1979,generator.climate.amazon_basin,excluded,NONE,NONE,Not reviewed for the 1979 profile.,doc:mandate.m4-proving-lens
profile.volcker_1979,generator.cyber,excluded,NONE,NONE,Not reviewed for the 1979 profile.,doc:mandate.m4-proving-lens
profile.volcker_1979,generator.drought,excluded,NONE,NONE,Not reviewed for the 1979 profile.,doc:mandate.m4-proving-lens
profile.volcker_1979,generator.gaffe_leak,excluded,NONE,NONE,Not reviewed for the 1979 profile.,doc:mandate.m4-proving-lens
profile.volcker_1979,generator.geological,excluded,NONE,NONE,Not reviewed for the 1979 profile.,doc:mandate.m4-proving-lens
profile.volcker_1979,generator.outbreak,excluded,NONE,NONE,Not reviewed for the 1979 profile.,doc:mandate.m4-proving-lens
profile.volcker_1979,generator.statistical_release_failure,excluded,NONE,NONE,Not reviewed for the 1979 profile.,doc:mandate.m4-proving-lens
profile.volcker_1979,generator.technological_breakthrough,excluded,NONE,NONE,Not reviewed for the 1979 profile.,doc:mandate.m4-proving-lens
profile.volcker_1979,generator.weather,excluded,NONE,NONE,Not reviewed for the 1979 profile.,doc:mandate.m4-proving-lens
profile.volcker_1979,generator.wildfire,excluded,NONE,NONE,Not reviewed for the 1979 profile.,doc:mandate.m4-proving-lens
profile.volcker_1979,household.us.cohorts,excluded,NONE,NONE,Not reviewed for the 1979 profile.,doc:mandate.m4-proving-lens
profile.volcker_1979,industry.amazon_basin.coffee,excluded,NONE,NONE,Not reviewed for the 1979 profile.,doc:mandate.m4-proving-lens
profile.volcker_1979,industry.amazon_basin.forestry,excluded,NONE,NONE,Not reviewed for the 1979 profile.,doc:mandate.m4-proving-lens
profile.volcker_1979,industry.amazon_basin.pork,excluded,NONE,NONE,Not reviewed for the 1979 profile.,doc:mandate.m4-proving-lens
profile.volcker_1979,industry.arabian_peninsula.gas,excluded,NONE,NONE,Not reviewed for the 1979 profile.,doc:mandate.m4-proving-lens
profile.volcker_1979,industry.arabian_peninsula.petroleum,excluded,NONE,NONE,Not reviewed for the 1979 profile.,doc:mandate.m4-proving-lens
profile.volcker_1979,industry.caucasus.petroleum,excluded,NONE,NONE,Not reviewed for the 1979 profile.,doc:mandate.m4-proving-lens
profile.volcker_1979,industry.congo_basin.forestry,excluded,NONE,NONE,Not reviewed for the 1979 profile.,doc:mandate.m4-proving-lens
profile.volcker_1979,industry.drc.copper_cobalt,excluded,NONE,NONE,Not reviewed for the 1979 profile.,doc:mandate.m4-proving-lens
profile.volcker_1979,industry.sa.coffee.aggregate,excluded,NONE,NONE,Not reviewed for the 1979 profile.,doc:mandate.m4-proving-lens
profile.volcker_1979,industry.sa.forestry.aggregate,excluded,NONE,NONE,Not reviewed for the 1979 profile.,doc:mandate.m4-proving-lens
profile.volcker_1979,industry.sa.pork.aggregate,excluded,NONE,NONE,Not reviewed for the 1979 profile.,doc:mandate.m4-proving-lens
profile.volcker_1979,inst.global.bis,excluded,NONE,NONE,Not reviewed for the 1979 profile.,doc:mandate.m4-proving-lens
profile.volcker_1979,inst.global.imf,excluded,NONE,NONE,Not reviewed for the 1979 profile.,doc:mandate.m4-proving-lens
profile.volcker_1979,inst.global.settlement.cls,excluded,NONE,NONE,Not reviewed for the 1979 profile.,doc:mandate.m4-proving-lens
profile.volcker_1979,inst.us.bank.burrow,excluded,NONE,NONE,Not reviewed for the 1979 profile.,doc:mandate.m4-proving-lens
profile.volcker_1979,inst.us.clearing.cme,excluded,NONE,NONE,Not reviewed for the 1979 profile.,doc:mandate.m4-proving-lens
profile.volcker_1979,inst.us.clearing.ficc,excluded,NONE,NONE,Not reviewed for the 1979 profile.,doc:mandate.m4-proving-lens
profile.volcker_1979,inst.us.cme,excluded,NONE,NONE,Not reviewed for the 1979 profile.,doc:mandate.m4-proving-lens
profile.volcker_1979,inst.us.depository.dtcc,excluded,NONE,NONE,Not reviewed for the 1979 profile.,doc:mandate.m4-proving-lens
profile.volcker_1979,inst.us.federal_reserve.board,slice_candidate,NONE,NONE,Selected in the Volcker 1979 opening.,doc:mandate.m4-proving-lens
profile.volcker_1979,inst.us.federal_reserve.new_york,slice_candidate,NONE,NONE,Selected in the Volcker 1979 opening.,doc:mandate.m4-proving-lens
profile.volcker_1979,inst.us.federal_reserve.reserve_banks_other,excluded,NONE,NONE,Not reviewed for the 1979 profile.,doc:mandate.m4-proving-lens
profile.volcker_1979,inst.us.fhlb.system,excluded,NONE,NONE,Not reviewed for the 1979 profile.,doc:mandate.m4-proving-lens
profile.volcker_1979,inst.us.ficc,excluded,NONE,NONE,Not reviewed for the 1979 profile.,doc:mandate.m4-proving-lens
profile.volcker_1979,inst.us.fund.macro_fund_7,excluded,NONE,NONE,Not reviewed for the 1979 profile.,doc:mandate.m4-proving-lens
profile.volcker_1979,inst.us.fund.pamplona_brothers,excluded,NONE,NONE,Not reviewed for the 1979 profile.,doc:mandate.m4-proving-lens
profile.volcker_1979,inst.us.gse.fannie_mae,excluded,NONE,NONE,Not reviewed for the 1979 profile.,doc:mandate.m4-proving-lens
profile.volcker_1979,inst.us.gse.freddie_mac,excluded,NONE,NONE,Not reviewed for the 1979 profile.,doc:mandate.m4-proving-lens
profile.volcker_1979,inst.us.leveraged_funds,excluded,NONE,NONE,Not reviewed for the 1979 profile.,doc:mandate.m4-proving-lens
profile.volcker_1979,inst.us.primary_dealers,excluded,NONE,NONE,Not reviewed for the 1979 profile.,doc:mandate.m4-proving-lens
profile.volcker_1979,inst.us.systemically_important_banks,excluded,NONE,NONE,Not reviewed for the 1979 profile.,doc:mandate.m4-proving-lens
profile.volcker_1979,inst.us.treasury,reference,NONE,NONE,Researched 1979 role holder or Fed body; identity retained for reference.,doc:mandate.m4-proving-lens
profile.volcker_1979,institution.ae.central_bank,excluded,NONE,NONE,Not reviewed for the 1979 profile.,doc:mandate.m4-proving-lens
profile.volcker_1979,institution.ae.energy_companies,excluded,NONE,NONE,Not reviewed for the 1979 profile.,doc:mandate.m4-proving-lens
profile.volcker_1979,institution.ae.sovereign_funds,excluded,NONE,NONE,Not reviewed for the 1979 profile.,doc:mandate.m4-proving-lens
profile.volcker_1979,institution.bis,excluded,NONE,NONE,Not reviewed for the 1979 profile.,doc:mandate.m4-proving-lens
profile.volcker_1979,institution.cn.military,excluded,NONE,NONE,Not reviewed for the 1979 profile.,doc:mandate.m4-proving-lens
profile.volcker_1979,institution.cn.party_leadership,excluded,NONE,NONE,Not reviewed for the 1979 profile.,doc:mandate.m4-proving-lens
profile.volcker_1979,institution.cn.pboc,excluded,NONE,NONE,Not reviewed for the 1979 profile.,doc:mandate.m4-proving-lens
profile.volcker_1979,institution.cn.policy_banks,excluded,NONE,NONE,Not reviewed for the 1979 profile.,doc:mandate.m4-proving-lens
profile.volcker_1979,institution.cn.safe,excluded,NONE,NONE,Not reviewed for the 1979 profile.,doc:mandate.m4-proving-lens
profile.volcker_1979,institution.cn.state_council,excluded,NONE,NONE,Not reviewed for the 1979 profile.,doc:mandate.m4-proving-lens
profile.volcker_1979,institution.de.government,excluded,NONE,NONE,Not reviewed for the 1979 profile.,doc:mandate.m4-proving-lens
profile.volcker_1979,institution.eu.commission,excluded,NONE,NONE,Not reviewed for the 1979 profile.,doc:mandate.m4-proving-lens
profile.volcker_1979,institution.eu.ecb,excluded,NONE,NONE,Not reviewed for the 1979 profile.,doc:mandate.m4-proving-lens
profile.volcker_1979,institution.eu.member_governments,excluded,NONE,NONE,Not reviewed for the 1979 profile.,doc:mandate.m4-proving-lens
profile.volcker_1979,institution.eu.national_central_banks,excluded,NONE,NONE,Not reviewed for the 1979 profile.,doc:mandate.m4-proving-lens
profile.volcker_1979,institution.fr.government,excluded,NONE,NONE,Not reviewed for the 1979 profile.,doc:mandate.m4-proving-lens
profile.volcker_1979,institution.il.bank_of_israel,excluded,NONE,NONE,Not reviewed for the 1979 profile.,doc:mandate.m4-proving-lens
profile.volcker_1979,institution.il.security,excluded,NONE,NONE,Not reviewed for the 1979 profile.,doc:mandate.m4-proving-lens
profile.volcker_1979,institution.imf,excluded,NONE,NONE,Not reviewed for the 1979 profile.,doc:mandate.m4-proving-lens
profile.volcker_1979,institution.iq.central_bank,reference,NONE,NONE,Researched 1979 role holder or Fed body; identity retained for reference.,doc:mandate.m4-proving-lens
profile.volcker_1979,institution.iq.finance_ministry,reference,NONE,NONE,Researched 1979 role holder or Fed body; identity retained for reference.,doc:mandate.m4-proving-lens
profile.volcker_1979,institution.iq.foreign_ministry,reference,NONE,NONE,Researched 1979 role holder or Fed body; identity retained for reference.,doc:mandate.m4-proving-lens
profile.volcker_1979,institution.iq.oil_ministry,reference,NONE,NONE,Researched 1979 role holder or Fed body; identity retained for reference.,doc:mandate.m4-proving-lens
profile.volcker_1979,institution.iq.revolutionary_command_council,reference,NONE,NONE,Researched 1979 role holder or Fed body; identity retained for reference.,doc:mandate.m4-proving-lens
profile.volcker_1979,institution.ir.central_bank,reference,NONE,NONE,Researched 1979 role holder or Fed body; identity retained for reference.,doc:mandate.m4-proving-lens
profile.volcker_1979,institution.ir.finance_ministry,reference,NONE,NONE,Researched 1979 role holder or Fed body; identity retained for reference.,doc:mandate.m4-proving-lens
profile.volcker_1979,institution.ir.foreign_ministry,reference,NONE,NONE,Researched 1979 role holder or Fed body; identity retained for reference.,doc:mandate.m4-proving-lens
profile.volcker_1979,institution.ir.interim_government,reference,NONE,NONE,Researched 1979 role holder or Fed body; identity retained for reference.,doc:mandate.m4-proving-lens
profile.volcker_1979,institution.ir.irgc,excluded,NONE,NONE,Not reviewed for the 1979 profile.,doc:mandate.m4-proving-lens
profile.volcker_1979,institution.ir.oil,excluded,NONE,NONE,Not reviewed for the 1979 profile.,doc:mandate.m4-proving-lens
profile.volcker_1979,institution.it.government,excluded,NONE,NONE,Not reviewed for the 1979 profile.,doc:mandate.m4-proving-lens
profile.volcker_1979,institution.jp.boj,reference,NONE,NONE,Researched 1979 role holder or Fed body; identity retained for reference.,doc:mandate.m4-proving-lens
profile.volcker_1979,institution.jp.foreign_ministry,reference,NONE,NONE,Researched 1979 role holder or Fed body; identity retained for reference.,doc:mandate.m4-proving-lens
profile.volcker_1979,institution.jp.jnoc,reference,NONE,NONE,Researched 1979 role holder or Fed body; identity retained for reference.,doc:mandate.m4-proving-lens
profile.volcker_1979,institution.jp.miti,reference,NONE,NONE,Researched 1979 role holder or Fed body; identity retained for reference.,doc:mandate.m4-proving-lens
profile.volcker_1979,institution.jp.mof,reference,NONE,NONE,Researched 1979 role holder or Fed body; identity retained for reference.,doc:mandate.m4-proving-lens
profile.volcker_1979,institution.kw.central_bank,reference,NONE,NONE,Researched 1979 role holder or Fed body; identity retained for reference.,doc:mandate.m4-proving-lens
profile.volcker_1979,institution.kw.council_of_ministers,reference,NONE,NONE,Researched 1979 role holder or Fed body; identity retained for reference.,doc:mandate.m4-proving-lens
profile.volcker_1979,institution.kw.finance_ministry,reference,NONE,NONE,Researched 1979 role holder or Fed body; identity retained for reference.,doc:mandate.m4-proving-lens
profile.volcker_1979,institution.kw.foreign_ministry,reference,NONE,NONE,Researched 1979 role holder or Fed body; identity retained for reference.,doc:mandate.m4-proving-lens
profile.volcker_1979,institution.kw.oil_ministry,reference,NONE,NONE,Researched 1979 role holder or Fed body; identity retained for reference.,doc:mandate.m4-proving-lens
profile.volcker_1979,institution.media.aftv,excluded,NONE,NONE,Not reviewed for the 1979 profile.,doc:mandate.m4-proving-lens
profile.volcker_1979,institution.media.gnbc,excluded,NONE,NONE,Not reviewed for the 1979 profile.,doc:mandate.m4-proving-lens
profile.volcker_1979,institution.media.honkbox,excluded,NONE,NONE,Not reviewed for the 1979 profile.,doc:mandate.m4-proving-lens
profile.volcker_1979,institution.media.loonberg,excluded,NONE,NONE,Not reviewed for the 1979 profile.,doc:mandate.m4-proving-lens
profile.volcker_1979,institution.media.wool_street_journal,excluded,NONE,NONE,Not reviewed for the 1979 profile.,doc:mandate.m4-proving-lens
profile.volcker_1979,institution.qa.central_bank,excluded,NONE,NONE,Not reviewed for the 1979 profile.,doc:mandate.m4-proving-lens
profile.volcker_1979,institution.qa.energy_companies,excluded,NONE,NONE,Not reviewed for the 1979 profile.,doc:mandate.m4-proving-lens
profile.volcker_1979,institution.qa.sovereign_funds,excluded,NONE,NONE,Not reviewed for the 1979 profile.,doc:mandate.m4-proving-lens
profile.volcker_1979,institution.ru.central_bank,excluded,NONE,NONE,Not reviewed for the 1979 profile.,doc:mandate.m4-proving-lens
profile.volcker_1979,institution.ru.presidency,excluded,NONE,NONE,Not reviewed for the 1979 profile.,doc:mandate.m4-proving-lens
profile.volcker_1979,institution.ru.security,excluded,NONE,NONE,Not reviewed for the 1979 profile.,doc:mandate.m4-proving-lens
profile.volcker_1979,institution.sa.council_of_ministers,reference,NONE,NONE,Researched 1979 role holder or Fed body; identity retained for reference.,doc:mandate.m4-proving-lens
profile.volcker_1979,institution.sa.energy_ministry,reference,NONE,NONE,Researched 1979 role holder or Fed body; identity retained for reference.,doc:mandate.m4-proving-lens
profile.volcker_1979,institution.sa.finance_ministry,reference,NONE,NONE,Researched 1979 role holder or Fed body; identity retained for reference.,doc:mandate.m4-proving-lens
profile.volcker_1979,institution.sa.foreign_ministry,reference,NONE,NONE,Researched 1979 role holder or Fed body; identity retained for reference.,doc:mandate.m4-proving-lens
profile.volcker_1979,institution.sa.sama,reference,NONE,NONE,Researched 1979 role holder or Fed body; identity retained for reference.,doc:mandate.m4-proving-lens
profile.volcker_1979,institution.sa.sovereign_funds,excluded,NONE,NONE,Not reviewed for the 1979 profile.,doc:mandate.m4-proving-lens
profile.volcker_1979,institution.sg.mas,excluded,NONE,NONE,Not reviewed for the 1979 profile.,doc:mandate.m4-proving-lens
profile.volcker_1979,institution.sg.shipping,excluded,NONE,NONE,Not reviewed for the 1979 profile.,doc:mandate.m4-proving-lens
profile.volcker_1979,institution.sg.sovereign_funds,excluded,NONE,NONE,Not reviewed for the 1979 profile.,doc:mandate.m4-proving-lens
profile.volcker_1979,institution.su.council_of_ministers,reference,NONE,NONE,Researched 1979 role holder or Fed body; identity retained for reference.,doc:mandate.m4-proving-lens
profile.volcker_1979,institution.su.finance_ministry,reference,NONE,NONE,Researched 1979 role holder or Fed body; identity retained for reference.,doc:mandate.m4-proving-lens
profile.volcker_1979,institution.su.foreign_ministry,reference,NONE,NONE,Researched 1979 role holder or Fed body; identity retained for reference.,doc:mandate.m4-proving-lens
profile.volcker_1979,institution.su.gosbank,reference,NONE,NONE,Researched 1979 role holder or Fed body; identity retained for reference.,doc:mandate.m4-proving-lens
profile.volcker_1979,institution.su.gosplan,reference,NONE,NONE,Researched 1979 role holder or Fed body; identity retained for reference.,doc:mandate.m4-proving-lens
profile.volcker_1979,institution.su.oil_ministry,reference,NONE,NONE,Researched 1979 role holder or Fed body; identity retained for reference.,doc:mandate.m4-proving-lens
profile.volcker_1979,institution.uk.boe,reference,NONE,NONE,Researched 1979 role holder or Fed body; identity retained for reference.,doc:mandate.m4-proving-lens
profile.volcker_1979,institution.uk.department_of_energy,reference,NONE,NONE,Researched 1979 role holder or Fed body; identity retained for reference.,doc:mandate.m4-proving-lens
profile.volcker_1979,institution.uk.dmo,excluded,NONE,NONE,Not reviewed for the 1979 profile.,doc:mandate.m4-proving-lens
profile.volcker_1979,institution.uk.foreign_office,reference,NONE,NONE,Researched 1979 role holder or Fed body; identity retained for reference.,doc:mandate.m4-proving-lens
profile.volcker_1979,institution.uk.government,reference,NONE,NONE,Researched 1979 role holder or Fed body; identity retained for reference.,doc:mandate.m4-proving-lens
profile.volcker_1979,institution.uk.treasury,reference,NONE,NONE,Researched 1979 role holder or Fed body; identity retained for reference.,doc:mandate.m4-proving-lens
profile.volcker_1979,institution.us.american.bankers.association,excluded,NONE,NONE,Not reviewed for the 1979 profile.,doc:mandate.m4-proving-lens
profile.volcker_1979,institution.us.bank.policy.institute,excluded,NONE,NONE,Not reviewed for the 1979 profile.,doc:mandate.m4-proving-lens
profile.volcker_1979,institution.us.bea,excluded,NONE,NONE,Not reviewed for the 1979 profile.,doc:mandate.m4-proving-lens
profile.volcker_1979,institution.us.bls,excluded,NONE,NONE,Not reviewed for the 1979 profile.,doc:mandate.m4-proving-lens
profile.volcker_1979,institution.us.chamber.of.commerce,excluded,NONE,NONE,Not reviewed for the 1979 profile.,doc:mandate.m4-proving-lens
profile.volcker_1979,institution.us.community.reinvestment.advocates,excluded,NONE,NONE,Not reviewed for the 1979 profile.,doc:mandate.m4-proving-lens
profile.volcker_1979,institution.us.consumer.finance.advocates,excluded,NONE,NONE,Not reviewed for the 1979 profile.,doc:mandate.m4-proving-lens
profile.volcker_1979,institution.us.department_of_energy,reference,NONE,NONE,Researched 1979 role holder or Fed body; identity retained for reference.,doc:mandate.m4-proving-lens
profile.volcker_1979,institution.us.farm.bureau.analogue,excluded,NONE,NONE,Not reviewed for the 1979 profile.,doc:mandate.m4-proving-lens
profile.volcker_1979,institution.us.homebuilders,excluded,NONE,NONE,Not reviewed for the 1979 profile.,doc:mandate.m4-proving-lens
profile.volcker_1979,institution.us.independent.community.bankers,excluded,NONE,NONE,Not reviewed for the 1979 profile.,doc:mandate.m4-proving-lens
profile.volcker_1979,institution.us.investment.company.institute.analogue,excluded,NONE,NONE,Not reviewed for the 1979 profile.,doc:mandate.m4-proving-lens
profile.volcker_1979,institution.us.labor.federation,excluded,NONE,NONE,Not reviewed for the 1979 profile.,doc:mandate.m4-proving-lens
profile.volcker_1979,institution.us.managed.funds.association,excluded,NONE,NONE,Not reviewed for the 1979 profile.,doc:mandate.m4-proving-lens
profile.volcker_1979,institution.us.member.unions,excluded,NONE,NONE,Not reviewed for the 1979 profile.,doc:mandate.m4-proving-lens
profile.volcker_1979,institution.us.mortgage.bankers,excluded,NONE,NONE,Not reviewed for the 1979 profile.,doc:mandate.m4-proving-lens
profile.volcker_1979,institution.us.new_york_fed,excluded,NONE,NONE,Not reviewed for the 1979 profile.,doc:mandate.m4-proving-lens
profile.volcker_1979,institution.us.policy.institutes,excluded,NONE,NONE,Not reviewed for the 1979 profile.,doc:mandate.m4-proving-lens
profile.volcker_1979,institution.us.presidency,reference,NONE,NONE,Researched 1979 role holder or Fed body; identity retained for reference.,doc:mandate.m4-proving-lens
profile.volcker_1979,institution.us.realtors,excluded,NONE,NONE,Not reviewed for the 1979 profile.,doc:mandate.m4-proving-lens
profile.volcker_1979,institution.us.retiree.association.aarp.analogue,excluded,NONE,NONE,Not reviewed for the 1979 profile.,doc:mandate.m4-proving-lens
profile.volcker_1979,institution.us.securities.industry.association,excluded,NONE,NONE,Not reviewed for the 1979 profile.,doc:mandate.m4-proving-lens
profile.volcker_1979,institution.us.small.business.federation,excluded,NONE,NONE,Not reviewed for the 1979 profile.,doc:mandate.m4-proving-lens
profile.volcker_1979,institution.us.state_department,reference,NONE,NONE,Researched 1979 role holder or Fed body; identity retained for reference.,doc:mandate.m4-proving-lens
profile.volcker_1979,institution.us.think.tanks,excluded,NONE,NONE,Not reviewed for the 1979 profile.,doc:mandate.m4-proving-lens
profile.volcker_1979,institution.ve.central_bank,reference,NONE,NONE,Researched 1979 role holder or Fed body; identity retained for reference.,doc:mandate.m4-proving-lens
profile.volcker_1979,institution.ve.energy_mines_ministry,reference,NONE,NONE,Researched 1979 role holder or Fed body; identity retained for reference.,doc:mandate.m4-proving-lens
profile.volcker_1979,institution.ve.finance_ministry,reference,NONE,NONE,Researched 1979 role holder or Fed body; identity retained for reference.,doc:mandate.m4-proving-lens
profile.volcker_1979,institution.ve.foreign_ministry,reference,NONE,NONE,Researched 1979 role holder or Fed body; identity retained for reference.,doc:mandate.m4-proving-lens
profile.volcker_1979,institution.ve.presidency,reference,NONE,NONE,Researched 1979 role holder or Fed body; identity retained for reference.,doc:mandate.m4-proving-lens
profile.volcker_1979,instrument.cross_border.capital_controls,excluded,NONE,NONE,Not reviewed for the 1979 profile.,doc:mandate.m4-proving-lens
profile.volcker_1979,legal.us.dodd_frank,excluded,NONE,NONE,Not reviewed for the 1979 profile.,doc:mandate.m4-proving-lens
profile.volcker_1979,legal.us.federal_reserve.act.section_12a,slice_candidate,NONE,NONE,Selected in the Volcker 1979 opening.,doc:mandate.m4-proving-lens
profile.volcker_1979,legal.us.federal_reserve.act.section_14,slice_candidate,NONE,NONE,Selected in the Volcker 1979 opening.,doc:mandate.m4-proving-lens
profile.volcker_1979,legal.us.federal_reserve.domestic_authorization.1979,slice_candidate,NONE,NONE,Selected in the Volcker 1979 opening.,doc:mandate.m4-proving-lens
profile.volcker_1979,legal.us.federal_reserve.domestic_authorization.2006,excluded,NONE,NONE,Not reviewed for the 1979 profile.,doc:mandate.m4-proving-lens
profile.volcker_1979,legal.us.federal_reserve.fomc_rules.section_3,slice_candidate,NONE,NONE,Selected in the Volcker 1979 opening.,doc:mandate.m4-proving-lens
profile.volcker_1979,legal.us.federal_reserve.section_13_3,excluded,NONE,NONE,Not reviewed for the 1979 profile.,doc:mandate.m4-proving-lens
profile.volcker_1979,market.global.fx_spot_forward_basis,excluded,NONE,NONE,Not reviewed for the 1979 profile.,doc:mandate.m4-proving-lens
profile.volcker_1979,market.product.global.coffee,excluded,NONE,NONE,Not reviewed for the 1979 profile.,doc:mandate.m4-proving-lens
profile.volcker_1979,market.product.global.pork,excluded,NONE,NONE,Not reviewed for the 1979 profile.,doc:mandate.m4-proving-lens
profile.volcker_1979,market.product.global.timber,excluded,NONE,NONE,Not reviewed for the 1979 profile.,doc:mandate.m4-proving-lens
profile.volcker_1979,market.us.corporate_bond,excluded,NONE,NONE,Not reviewed for the 1979 profile.,doc:mandate.m4-proving-lens
profile.volcker_1979,market.us.equity,excluded,NONE,NONE,Not reviewed for the 1979 profile.,doc:mandate.m4-proving-lens
profile.volcker_1979,market.us.fed_funds,excluded,NONE,NONE,Not reviewed for the 1979 profile.,doc:mandate.m4-proving-lens
profile.volcker_1979,market.us.federal_funds,slice_candidate,NONE,NONE,Selected in the Volcker 1979 opening.,doc:mandate.m4-proving-lens
profile.volcker_1979,market.us.mbs_tba,excluded,NONE,NONE,Not reviewed for the 1979 profile.,doc:mandate.m4-proving-lens
profile.volcker_1979,market.us.sofr_futures,excluded,NONE,NONE,Not reviewed for the 1979 profile.,doc:mandate.m4-proving-lens
profile.volcker_1979,market.us.treasury.auction,excluded,NONE,NONE,Not reviewed for the 1979 profile.,doc:mandate.m4-proving-lens
profile.volcker_1979,market.us.treasury.futures,excluded,NONE,NONE,Not reviewed for the 1979 profile.,doc:mandate.m4-proving-lens
profile.volcker_1979,market.us.treasury.secondary,excluded,NONE,NONE,Not reviewed for the 1979 profile.,doc:mandate.m4-proving-lens
profile.volcker_1979,market.us.treasury_futures,excluded,NONE,NONE,Not reviewed for the 1979 profile.,doc:mandate.m4-proving-lens
profile.volcker_1979,mechanism.cross_border.chokepoint_shipping,excluded,NONE,NONE,Not reviewed for the 1979 profile.,doc:mandate.m4-proving-lens
profile.volcker_1979,mechanism.demand.global.coffee,excluded,NONE,NONE,Not reviewed for the 1979 profile.,doc:mandate.m4-proving-lens
profile.volcker_1979,mechanism.demand.global.pork,excluded,NONE,NONE,Not reviewed for the 1979 profile.,doc:mandate.m4-proving-lens
profile.volcker_1979,mechanism.demand.global.timber,excluded,NONE,NONE,Not reviewed for the 1979 profile.,doc:mandate.m4-proving-lens
profile.volcker_1979,mechanism.export.arabian_peninsula.petroleum,excluded,NONE,NONE,Not reviewed for the 1979 profile.,doc:mandate.m4-proving-lens
profile.volcker_1979,mechanism.flow.global.coffee,excluded,NONE,NONE,Not reviewed for the 1979 profile.,doc:mandate.m4-proving-lens
profile.volcker_1979,mechanism.flow.global.pork,excluded,NONE,NONE,Not reviewed for the 1979 profile.,doc:mandate.m4-proving-lens
profile.volcker_1979,mechanism.flow.global.timber,excluded,NONE,NONE,Not reviewed for the 1979 profile.,doc:mandate.m4-proving-lens
profile.volcker_1979,mechanism.hydropower.caucasus,excluded,NONE,NONE,Not reviewed for the 1979 profile.,doc:mandate.m4-proving-lens
profile.volcker_1979,mechanism.hydropower.congo_basin,excluded,NONE,NONE,Not reviewed for the 1979 profile.,doc:mandate.m4-proving-lens
profile.volcker_1979,mechanism.measurement.us.consumer_prices,excluded,NONE,NONE,Not reviewed for the 1979 profile.,doc:mandate.m4-proving-lens
profile.volcker_1979,mechanism.sector.sa.coffee,excluded,NONE,NONE,Not reviewed for the 1979 profile.,doc:mandate.m4-proving-lens
profile.volcker_1979,mechanism.sector.sa.forestry,excluded,NONE,NONE,Not reviewed for the 1979 profile.,doc:mandate.m4-proving-lens
profile.volcker_1979,mechanism.sector.sa.hog_production,excluded,NONE,NONE,Not reviewed for the 1979 profile.,doc:mandate.m4-proving-lens
profile.volcker_1979,mechanism.transform.global.coffee_roasting,excluded,NONE,NONE,Not reviewed for the 1979 profile.,doc:mandate.m4-proving-lens
profile.volcker_1979,mechanism.transform.global.hogs_slaughter,excluded,NONE,NONE,Not reviewed for the 1979 profile.,doc:mandate.m4-proving-lens
profile.volcker_1979,mechanism.transform.global.timber_milling,excluded,NONE,NONE,Not reviewed for the 1979 profile.,doc:mandate.m4-proving-lens
profile.volcker_1979,mechanism.transit.caucasus.energy,excluded,NONE,NONE,Not reviewed for the 1979 profile.,doc:mandate.m4-proving-lens
profile.volcker_1979,mechanism.transport.drc.minerals,excluded,NONE,NONE,Not reviewed for the 1979 profile.,doc:mandate.m4-proving-lens
profile.volcker_1979,mechanism.us.bank.regional_aggregate,excluded,NONE,NONE,Not reviewed for the 1979 profile.,doc:mandate.m4-proving-lens
profile.volcker_1979,mechanism.us.chips,excluded,NONE,NONE,Not reviewed for the 1979 profile.,doc:mandate.m4-proving-lens
profile.volcker_1979,mechanism.us.clearing.ficc_repo,excluded,NONE,NONE,Not reviewed for the 1979 profile.,doc:mandate.m4-proving-lens
profile.volcker_1979,mechanism.us.external_market_inputs,excluded,NONE,NONE,Not reviewed for the 1979 profile.,doc:mandate.m4-proving-lens
profile.volcker_1979,mechanism.us.fedwire.funds,excluded,NONE,NONE,Not reviewed for the 1979 profile.,doc:mandate.m4-proving-lens
profile.volcker_1979,mechanism.us.fedwire.securities,excluded,NONE,NONE,Not reviewed for the 1979 profile.,doc:mandate.m4-proving-lens
profile.volcker_1979,mechanism.us.ficc.sponsored_gcf_repo,excluded,NONE,NONE,Not reviewed for the 1979 profile.,doc:mandate.m4-proving-lens
profile.volcker_1979,mechanism.us.nss,excluded,NONE,NONE,Not reviewed for the 1979 profile.,doc:mandate.m4-proving-lens
profile.volcker_1979,mechanism.us.payment.chips,excluded,NONE,NONE,Not reviewed for the 1979 profile.,doc:mandate.m4-proving-lens
profile.volcker_1979,mechanism.us.payment.fedwire_funds,excluded,NONE,NONE,Not reviewed for the 1979 profile.,doc:mandate.m4-proving-lens
profile.volcker_1979,mechanism.us.repo.tri_party,excluded,NONE,NONE,Not reviewed for the 1979 profile.,doc:mandate.m4-proving-lens
profile.volcker_1979,mechanism.us.settlement.fedwire_securities,excluded,NONE,NONE,Not reviewed for the 1979 profile.,doc:mandate.m4-proving-lens
profile.volcker_1979,mechanism.us.settlement.nss,excluded,NONE,NONE,Not reviewed for the 1979 profile.,doc:mandate.m4-proving-lens
profile.volcker_1979,mechanism.water.arabian_peninsula,excluded,NONE,NONE,Not reviewed for the 1979 profile.,doc:mandate.m4-proving-lens
profile.volcker_1979,network.media.goosetogetherstrong,excluded,NONE,NONE,Not reviewed for the 1979 profile.,doc:mandate.m4-proving-lens
profile.volcker_1979,network.media.honkbox,excluded,NONE,NONE,Not reviewed for the 1979 profile.,doc:mandate.m4-proving-lens
profile.volcker_1979,network.media.the_herd,excluded,NONE,NONE,Not reviewed for the 1979 profile.,doc:mandate.m4-proving-lens
profile.volcker_1979,office.media.aftv.anchor_chair,excluded,NONE,NONE,Not reviewed for the 1979 profile.,doc:mandate.m4-proving-lens
profile.volcker_1979,office.media.gnbc.anchor_chair,excluded,NONE,NONE,Not reviewed for the 1979 profile.,doc:mandate.m4-proving-lens
profile.volcker_1979,office.media.wool_street_journal.fed_beat,excluded,NONE,NONE,Not reviewed for the 1979 profile.,doc:mandate.m4-proving-lens
profile.volcker_1979,office.us.federal_reserve.board_chair,anchor,NONE,NONE,Selected in the Volcker 1979 opening.,doc:mandate.m4-proving-lens
profile.volcker_1979,office.us.federal_reserve.chief_of_staff,excluded,NONE,NONE,Not reviewed for the 1979 profile.,doc:mandate.m4-proving-lens
profile.volcker_1979,office.us.federal_reserve.division_director,excluded,NONE,NONE,Not reviewed for the 1979 profile.,doc:mandate.m4-proving-lens
profile.volcker_1979,office.us.federal_reserve.fomc_chair,anchor,NONE,NONE,Selected in the Volcker 1979 opening.,doc:mandate.m4-proving-lens
profile.volcker_1979,office.us.federal_reserve.governor,slice_candidate,NONE,NONE,Selected in the Volcker 1979 opening.,doc:mandate.m4-proving-lens
profile.volcker_1979,office.us.federal_reserve.ny_president,slice_candidate,NONE,NONE,Selected in the Volcker 1979 opening.,doc:mandate.m4-proving-lens
profile.volcker_1979,office.us.federal_reserve.reserve_bank_president,slice_candidate,NONE,NONE,Selected in the Volcker 1979 opening.,doc:mandate.m4-proving-lens
profile.volcker_1979,office.us.federal_reserve.vice_chair,excluded,NONE,NONE,Not reviewed for the 1979 profile.,doc:mandate.m4-proving-lens
profile.volcker_1979,office.us.federal_reserve.vice_chair_supervision,excluded,NONE,NONE,Not reviewed for the 1979 profile.,doc:mandate.m4-proving-lens
profile.volcker_1979,office.us.treasury.secretary,excluded,NONE,NONE,Not reviewed for the 1979 profile.,doc:mandate.m4-proving-lens
profile.volcker_1979,organization.us.agricultural.producers,excluded,NONE,NONE,Not reviewed for the 1979 profile.,doc:mandate.m4-proving-lens
profile.volcker_1979,organization.us.all.banks,excluded,NONE,NONE,Not reviewed for the 1979 profile.,doc:mandate.m4-proving-lens
profile.volcker_1979,organization.us.asset.managers,excluded,NONE,NONE,Not reviewed for the 1979 profile.,doc:mandate.m4-proving-lens
profile.volcker_1979,organization.us.business.generally,excluded,NONE,NONE,Not reviewed for the 1979 profile.,doc:mandate.m4-proving-lens
profile.volcker_1979,organization.us.community.banks.credit.unions,excluded,NONE,NONE,Not reviewed for the 1979 profile.,doc:mandate.m4-proving-lens
profile.volcker_1979,organization.us.dealers.market.makers,excluded,NONE,NONE,Not reviewed for the 1979 profile.,doc:mandate.m4-proving-lens
profile.volcker_1979,organization.us.endowments,excluded,NONE,NONE,Not reviewed for the 1979 profile.,doc:mandate.m4-proving-lens
profile.volcker_1979,organization.us.hedge.funds,excluded,NONE,NONE,Not reviewed for the 1979 profile.,doc:mandate.m4-proving-lens
profile.volcker_1979,organization.us.homebuilders,excluded,NONE,NONE,Not reviewed for the 1979 profile.,doc:mandate.m4-proving-lens
profile.volcker_1979,organization.us.insurers,excluded,NONE,NONE,Not reviewed for the 1979 profile.,doc:mandate.m4-proving-lens
profile.volcker_1979,organization.us.large.banks,excluded,NONE,NONE,Not reviewed for the 1979 profile.,doc:mandate.m4-proving-lens
profile.volcker_1979,organization.us.money.market.fund.complexes,excluded,NONE,NONE,Not reviewed for the 1979 profile.,doc:mandate.m4-proving-lens
profile.volcker_1979,organization.us.money.market.mutual.funds,excluded,NONE,NONE,Not reviewed for the 1979 profile.,doc:mandate.m4-proving-lens
profile.volcker_1979,organization.us.mortgage.originators,excluded,NONE,NONE,Not reviewed for the 1979 profile.,doc:mandate.m4-proving-lens
profile.volcker_1979,organization.us.municipalities.by.rating.market.access,excluded,NONE,NONE,Not reviewed for the 1979 profile.,doc:mandate.m4-proving-lens
profile.volcker_1979,organization.us.nonprimary.broker.dealers,excluded,NONE,NONE,Not reviewed for the 1979 profile.,doc:mandate.m4-proving-lens
profile.volcker_1979,organization.us.nonprofits,excluded,NONE,NONE,Not reviewed for the 1979 profile.,doc:mandate.m4-proving-lens
profile.volcker_1979,organization.us.payroll.intermediaries,excluded,NONE,NONE,Not reviewed for the 1979 profile.,doc:mandate.m4-proving-lens
profile.volcker_1979,organization.us.pensions,excluded,NONE,NONE,Not reviewed for the 1979 profile.,doc:mandate.m4-proving-lens
profile.volcker_1979,organization.us.real.estate.agents,excluded,NONE,NONE,Not reviewed for the 1979 profile.,doc:mandate.m4-proving-lens
profile.volcker_1979,organization.us.regional.insurers,excluded,NONE,NONE,Not reviewed for the 1979 profile.,doc:mandate.m4-proving-lens
profile.volcker_1979,organization.us.small.businesses,excluded,NONE,NONE,Not reviewed for the 1979 profile.,doc:mandate.m4-proving-lens
profile.volcker_1979,organization.us.small.firms,excluded,NONE,NONE,Not reviewed for the 1979 profile.,doc:mandate.m4-proving-lens
profile.volcker_1979,organization.us.small.hedge.funds,excluded,NONE,NONE,Not reviewed for the 1979 profile.,doc:mandate.m4-proving-lens
profile.volcker_1979,organization_cohort.market.credit_rating_agencies,excluded,NONE,NONE,Not reviewed for the 1979 profile.,doc:mandate.m4-proving-lens
profile.volcker_1979,outlet.media.aftv,excluded,NONE,NONE,Not reviewed for the 1979 profile.,doc:mandate.m4-proving-lens
profile.volcker_1979,outlet.media.gnbc,excluded,NONE,NONE,Not reviewed for the 1979 profile.,doc:mandate.m4-proving-lens
profile.volcker_1979,outlet.media.loonberg,excluded,NONE,NONE,Not reviewed for the 1979 profile.,doc:mandate.m4-proving-lens
profile.volcker_1979,outlet.media.wool_street_journal,excluded,NONE,NONE,Not reviewed for the 1979 profile.,doc:mandate.m4-proving-lens
profile.volcker_1979,person.cn.pboc_governor,excluded,NONE,NONE,Not reviewed for the 1979 profile.,doc:mandate.m4-proving-lens
profile.volcker_1979,person.cn.safe_head,excluded,NONE,NONE,Not reviewed for the 1979 profile.,doc:mandate.m4-proving-lens
profile.volcker_1979,person.cn.xi,excluded,NONE,NONE,Not reviewed for the 1979 profile.,doc:mandate.m4-proving-lens
profile.volcker_1979,person.eu.ecb_president,excluded,NONE,NONE,Not reviewed for the 1979 profile.,doc:mandate.m4-proving-lens
profile.volcker_1979,person.il.boi_governor,excluded,NONE,NONE,Not reviewed for the 1979 profile.,doc:mandate.m4-proving-lens
profile.volcker_1979,person.il.prime_minister,excluded,NONE,NONE,Not reviewed for the 1979 profile.,doc:mandate.m4-proving-lens
profile.volcker_1979,person.ir.central_bank_head,excluded,NONE,NONE,Not reviewed for the 1979 profile.,doc:mandate.m4-proving-lens
profile.volcker_1979,person.ir.irgc_head,excluded,NONE,NONE,Not reviewed for the 1979 profile.,doc:mandate.m4-proving-lens
profile.volcker_1979,person.ir.president,excluded,NONE,NONE,Not reviewed for the 1979 profile.,doc:mandate.m4-proving-lens
profile.volcker_1979,person.ir.supreme_leader,excluded,NONE,NONE,Not reviewed for the 1979 profile.,doc:mandate.m4-proving-lens
profile.volcker_1979,person.jp.boj_governor,excluded,NONE,NONE,Not reviewed for the 1979 profile.,doc:mandate.m4-proving-lens
profile.volcker_1979,person.jp.mof_international_affairs_vice_minister,excluded,NONE,NONE,Not reviewed for the 1979 profile.,doc:mandate.m4-proving-lens
profile.volcker_1979,person.media.aftv_host,excluded,NONE,NONE,Not reviewed for the 1979 profile.,doc:mandate.m4-proving-lens
profile.volcker_1979,person.media.gnbc_anchor,excluded,NONE,NONE,Not reviewed for the 1979 profile.,doc:mandate.m4-proving-lens
profile.volcker_1979,person.media.wool_street_journal_fed_reporter,excluded,NONE,NONE,Not reviewed for the 1979 profile.,doc:mandate.m4-proving-lens
profile.volcker_1979,person.sa.aramco_ceo,excluded,NONE,NONE,Not reviewed for the 1979 profile.,doc:mandate.m4-proving-lens
profile.volcker_1979,person.sa.crown,excluded,NONE,NONE,Not reviewed for the 1979 profile.,doc:mandate.m4-proving-lens
profile.volcker_1979,person.sa.pif_head,excluded,NONE,NONE,Not reviewed for the 1979 profile.,doc:mandate.m4-proving-lens
profile.volcker_1979,person.sa.sama_governor,excluded,NONE,NONE,Not reviewed for the 1979 profile.,doc:mandate.m4-proving-lens
profile.volcker_1979,person.uk.boe_governor,excluded,NONE,NONE,Not reviewed for the 1979 profile.,doc:mandate.m4-proving-lens
profile.volcker_1979,person.uk.dmo_chief,excluded,NONE,NONE,Not reviewed for the 1979 profile.,doc:mandate.m4-proving-lens
profile.volcker_1979,person.us.alan_greenspaniel,excluded,NONE,NONE,Not reviewed for the 1979 profile.,doc:mandate.m4-proving-lens
profile.volcker_1979,person.us.avery_agendaloon,excluded,NONE,NONE,Not reviewed for the 1979 profile.,doc:mandate.m4-proving-lens
profile.volcker_1979,person.us.ben_bernankey,excluded,NONE,NONE,Not reviewed for the 1979 profile.,doc:mandate.m4-proving-lens
profile.volcker_1979,person.us.janet_jackrabbit,excluded,NONE,NONE,Not reviewed for the 1979 profile.,doc:mandate.m4-proving-lens
profile.volcker_1979,person.us.jerome_owl,excluded,NONE,NONE,Not reviewed for the 1979 profile.,doc:mandate.m4-proving-lens
profile.volcker_1979,person.us.kevin_boarsh,excluded,NONE,NONE,Not reviewed for the 1979 profile.,doc:mandate.m4-proving-lens
profile.volcker_1979,person.us.paul_vulture,anchor,NONE,NONE,Selected in the Volcker 1979 opening.,doc:mandate.m4-proving-lens
profile.volcker_1979,person.us.primary_dealer.rates_head,excluded,NONE,NONE,Not reviewed for the 1979 profile.,doc:mandate.m4-proving-lens
profile.volcker_1979,person.us.treasury.secretary,excluded,NONE,NONE,Not reviewed for the 1979 profile.,doc:mandate.m4-proving-lens
profile.volcker_1979,pop.us.affluent.homeowners,excluded,NONE,NONE,Not reviewed for the 1979 profile.,doc:mandate.m4-proving-lens
profile.volcker_1979,pop.us.college.students,excluded,NONE,NONE,Not reviewed for the 1979 profile.,doc:mandate.m4-proving-lens
profile.volcker_1979,pop.us.fixed.rate.homeowners.by.mortgage.vintage,excluded,NONE,NONE,Not reviewed for the 1979 profile.,doc:mandate.m4-proving-lens
profile.volcker_1979,pop.us.fixed.rate.owners.low.mortgage.vintages,excluded,NONE,NONE,Not reviewed for the 1979 profile.,doc:mandate.m4-proving-lens
profile.volcker_1979,pop.us.high.income.finance.professionals,excluded,NONE,NONE,Not reviewed for the 1979 profile.,doc:mandate.m4-proving-lens
profile.volcker_1979,pop.us.high.income.professionals,excluded,NONE,NONE,Not reviewed for the 1979 profile.,doc:mandate.m4-proving-lens
profile.volcker_1979,pop.us.leftist.male.college.students.georgia.tech,excluded,NONE,NONE,Not reviewed for the 1979 profile.,doc:mandate.m4-proving-lens
profile.volcker_1979,pop.us.low.income.service.workers,excluded,NONE,NONE,Not reviewed for the 1979 profile.,doc:mandate.m4-proving-lens
profile.volcker_1979,pop.us.low.income.underserved.borrowers,excluded,NONE,NONE,Not reviewed for the 1979 profile.,doc:mandate.m4-proving-lens
profile.volcker_1979,pop.us.near.retirees,excluded,NONE,NONE,Not reviewed for the 1979 profile.,doc:mandate.m4-proving-lens
profile.volcker_1979,pop.us.parents.paying.childcare,excluded,NONE,NONE,Not reviewed for the 1979 profile.,doc:mandate.m4-proving-lens
profile.volcker_1979,pop.us.public.low_attention_residual,excluded,NONE,NONE,Not reviewed for the 1979 profile.,doc:mandate.m4-proving-lens
profile.volcker_1979,pop.us.renters.supply.constrained.metros,excluded,NONE,NONE,Not reviewed for the 1979 profile.,doc:mandate.m4-proving-lens
profile.volcker_1979,pop.us.retail.traders,excluded,NONE,NONE,Not reviewed for the 1979 profile.,doc:mandate.m4-proving-lens
profile.volcker_1979,pop.us.retirees,excluded,NONE,NONE,Not reviewed for the 1979 profile.,doc:mandate.m4-proving-lens
profile.volcker_1979,pop.us.small.business.owners,excluded,NONE,NONE,Not reviewed for the 1979 profile.,doc:mandate.m4-proving-lens
profile.volcker_1979,pop.us.strategic.production.workers.fab.technicians,excluded,NONE,NONE,Not reviewed for the 1979 profile.,doc:mandate.m4-proving-lens
profile.volcker_1979,pop.us.suburban.parents.childcare.costs,excluded,NONE,NONE,Not reviewed for the 1979 profile.,doc:mandate.m4-proving-lens
profile.volcker_1979,pop.us.uninsured.depositors,excluded,NONE,NONE,Not reviewed for the 1979 profile.,doc:mandate.m4-proving-lens
profile.volcker_1979,pop.us.workers.by.sector,excluded,NONE,NONE,Not reviewed for the 1979 profile.,doc:mandate.m4-proving-lens
profile.volcker_1979,pop.us.young.renters,excluded,NONE,NONE,Not reviewed for the 1979 profile.,doc:mandate.m4-proving-lens
profile.volcker_1979,poplens.media.honkbox.posting_population,excluded,NONE,NONE,Not reviewed for the 1979 profile.,doc:mandate.m4-proving-lens
profile.volcker_1979,population.us.person.cells,excluded,NONE,NONE,Not reviewed for the 1979 profile.,doc:mandate.m4-proving-lens
profile.volcker_1979,process.climate_agriculture.amazon_basin,excluded,NONE,NONE,Not reviewed for the 1979 profile.,doc:mandate.m4-proving-lens
profile.volcker_1979,process.climate_agriculture.regional,excluded,NONE,NONE,Not reviewed for the 1979 profile.,doc:mandate.m4-proving-lens
profile.volcker_1979,process.ecology.congo_basin,excluded,NONE,NONE,Not reviewed for the 1979 profile.,doc:mandate.m4-proving-lens
profile.volcker_1979,process.epidemic,excluded,NONE,NONE,Not reviewed for the 1979 profile.,doc:mandate.m4-proving-lens
profile.volcker_1979,process.resources.arabian_peninsula,excluded,NONE,NONE,Not reviewed for the 1979 profile.,doc:mandate.m4-proving-lens
profile.volcker_1979,process.resources.caucasus,excluded,NONE,NONE,Not reviewed for the 1979 profile.,doc:mandate.m4-proving-lens
profile.volcker_1979,process.us.statistical_release_calendar,excluded,NONE,NONE,Not reviewed for the 1979 profile.,doc:mandate.m4-proving-lens
profile.volcker_1979,process.war,excluded,NONE,NONE,Not reviewed for the 1979 profile.,doc:mandate.m4-proving-lens
profile.volcker_1979,record.media.goosetogetherstrong.margin_call,excluded,NONE,NONE,Not reviewed for the 1979 profile.,doc:mandate.m4-proving-lens
profile.volcker_1979,record.media.loonberg.ust_10y_auction_tail,excluded,NONE,NONE,Not reviewed for the 1979 profile.,doc:mandate.m4-proving-lens
profile.volcker_1979,record.media.the_herd.large_fox_shop_cutting_10s,excluded,NONE,NONE,Not reviewed for the 1979 profile.,doc:mandate.m4-proving-lens
profile.volcker_1979,record.us.federal_reserve.action_result,excluded,NONE,NONE,Not reviewed for the 1979 profile.,doc:mandate.m4-proving-lens
profile.volcker_1979,record.us.federal_reserve.analytical_task,excluded,NONE,NONE,Not reviewed for the 1979 profile.,doc:mandate.m4-proving-lens
profile.volcker_1979,record.us.federal_reserve.assessment,excluded,NONE,NONE,Not reviewed for the 1979 profile.,doc:mandate.m4-proving-lens
profile.volcker_1979,record.us.federal_reserve.authorization_decision,excluded,NONE,NONE,Not reviewed for the 1979 profile.,doc:mandate.m4-proving-lens
profile.volcker_1979,record.us.federal_reserve.case_file,excluded,NONE,NONE,Not reviewed for the 1979 profile.,doc:mandate.m4-proving-lens
profile.volcker_1979,record.us.federal_reserve.chairmanship_program,excluded,NONE,NONE,Not reviewed for the 1979 profile.,doc:mandate.m4-proving-lens
profile.volcker_1979,record.us.federal_reserve.directive,excluded,NONE,NONE,Not reviewed for the 1979 profile.,doc:mandate.m4-proving-lens
profile.volcker_1979,record.us.federal_reserve.discount_rate,excluded,NONE,NONE,Not reviewed for the 1979 profile.,doc:mandate.m4-proving-lens
profile.volcker_1979,record.us.federal_reserve.institutional_project,excluded,NONE,NONE,Not reviewed for the 1979 profile.,doc:mandate.m4-proving-lens
profile.volcker_1979,record.us.federal_reserve.iorb,excluded,NONE,NONE,Not reviewed for the 1979 profile.,doc:mandate.m4-proving-lens
profile.volcker_1979,record.us.federal_reserve.legacy_dossier,excluded,NONE,NONE,Not reviewed for the 1979 profile.,doc:mandate.m4-proving-lens
profile.volcker_1979,record.us.federal_reserve.policy_package,slice_candidate,NONE,NONE,Selected in the Volcker 1979 opening.,doc:mandate.m4-proving-lens
profile.volcker_1979,record.us.federal_reserve.stage_receipt,excluded,NONE,NONE,Not reviewed for the 1979 profile.,doc:mandate.m4-proving-lens
profile.volcker_1979,record.us.federal_reserve.target_range,excluded,NONE,NONE,Not reviewed for the 1979 profile.,doc:mandate.m4-proving-lens
profile.volcker_1979,record.us.treasury.esf,excluded,NONE,NONE,Not reviewed for the 1979 profile.,doc:mandate.m4-proving-lens
profile.volcker_1979,record.us.treasury.indemnification_13_3,excluded,NONE,NONE,Not reviewed for the 1979 profile.,doc:mandate.m4-proving-lens
profile.volcker_1979,reference.market.credit_ratings,excluded,NONE,NONE,Not reviewed for the 1979 profile.,doc:mandate.m4-proving-lens
profile.volcker_1979,reference.market.index_membership,excluded,NONE,NONE,Not reviewed for the 1979 profile.,doc:mandate.m4-proving-lens
profile.volcker_1979,reference.market.move,excluded,NONE,NONE,Not reviewed for the 1979 profile.,doc:mandate.m4-proving-lens
profile.volcker_1979,reference.market.vendor_indices,excluded,NONE,NONE,Not reviewed for the 1979 profile.,doc:mandate.m4-proving-lens
profile.volcker_1979,reference.market.vix,excluded,NONE,NONE,Not reviewed for the 1979 profile.,doc:mandate.m4-proving-lens
profile.volcker_1979,reference.unknown.move_index,excluded,NONE,NONE,Not reviewed for the 1979 profile.,doc:mandate.m4-proving-lens
profile.volcker_1979,reference.unknown.vix,excluded,NONE,NONE,Not reviewed for the 1979 profile.,doc:mandate.m4-proving-lens
profile.volcker_1979,reference.us.bea.pce,excluded,NONE,NONE,Not reviewed for the 1979 profile.,doc:mandate.m4-proving-lens
profile.volcker_1979,reference.us.bls.cpi,excluded,NONE,NONE,Not reviewed for the 1979 profile.,doc:mandate.m4-proving-lens
profile.volcker_1979,reference.us.consumer_price_index,excluded,NONE,NONE,Not reviewed for the 1979 profile.,doc:mandate.m4-proving-lens
profile.volcker_1979,reference.us.federal_reserve.acm_term_premium,excluded,NONE,NONE,Not reviewed for the 1979 profile.,doc:mandate.m4-proving-lens
profile.volcker_1979,reference.us.federal_reserve.effr,excluded,NONE,NONE,Not reviewed for the 1979 profile.,doc:mandate.m4-proving-lens
profile.volcker_1979,reference.us.federal_reserve.h6,slice_candidate,NONE,NONE,Selected in the Volcker 1979 opening.,doc:mandate.m4-proving-lens
profile.volcker_1979,reference.us.federal_reserve.obfr,excluded,NONE,NONE,Not reviewed for the 1979 profile.,doc:mandate.m4-proving-lens
profile.volcker_1979,reference.us.nyfed.effr,excluded,NONE,NONE,Not reviewed for the 1979 profile.,doc:mandate.m4-proving-lens
profile.volcker_1979,reference.us.nyfed.obfr,excluded,NONE,NONE,Not reviewed for the 1979 profile.,doc:mandate.m4-proving-lens
profile.volcker_1979,reference.us.nyfed.sofr,excluded,NONE,NONE,Not reviewed for the 1979 profile.,doc:mandate.m4-proving-lens
profile.volcker_1979,reference.us.personal_consumption_expenditures,excluded,NONE,NONE,Not reviewed for the 1979 profile.,doc:mandate.m4-proving-lens
profile.volcker_1979,reference.us.treasury.par_yield_curve,excluded,NONE,NONE,Not reviewed for the 1979 profile.,doc:mandate.m4-proving-lens
profile.volcker_1979,region.af.congo_basin,excluded,NONE,NONE,Not reviewed for the 1979 profile.,doc:mandate.m4-proving-lens
profile.volcker_1979,region.cn.aggregate,excluded,NONE,NONE,Not reviewed for the 1979 profile.,doc:mandate.m4-proving-lens
profile.volcker_1979,region.cn.provinces,excluded,NONE,NONE,Not reviewed for the 1979 profile.,doc:mandate.m4-proving-lens
profile.volcker_1979,region.eurasia.caucasus,excluded,NONE,NONE,Not reviewed for the 1979 profile.,doc:mandate.m4-proving-lens
profile.volcker_1979,region.external.china,excluded,NONE,NONE,Not reviewed for the 1979 profile.,doc:mandate.m4-proving-lens
profile.volcker_1979,region.external.emerging_markets,excluded,NONE,NONE,Not reviewed for the 1979 profile.,doc:mandate.m4-proving-lens
profile.volcker_1979,region.external.euro_area,excluded,NONE,NONE,Not reviewed for the 1979 profile.,doc:mandate.m4-proving-lens
profile.volcker_1979,region.external.external_energy,reference,NONE,NONE,Non-owning 1979 channel scope.,doc:mandate.m4-proving-lens
profile.volcker_1979,region.external.external_world,reference,NONE,NONE,Non-owning 1979 channel scope.,doc:mandate.m4-proving-lens
profile.volcker_1979,region.external.freight_global,reference,NONE,NONE,Non-owning 1979 channel scope.,doc:mandate.m4-proving-lens
profile.volcker_1979,region.external.freight_gulf_hormuz,reference,NONE,NONE,Non-owning 1979 channel scope.,doc:mandate.m4-proving-lens
profile.volcker_1979,region.external.freight_gulf_suez,excluded,NONE,NONE,Not reviewed for the 1979 profile.,doc:mandate.m4-proving-lens
profile.volcker_1979,region.external.gulf_exporters,reference,NONE,NONE,Non-owning 1979 channel scope.,doc:mandate.m4-proving-lens
profile.volcker_1979,region.external.iran,reference,NONE,NONE,Non-owning 1979 channel scope.,doc:mandate.m4-proving-lens
profile.volcker_1979,region.external.japan,reference,NONE,NONE,Non-owning 1979 channel scope.,doc:mandate.m4-proving-lens
profile.volcker_1979,region.external.latin_america_debtors,reference,NONE,NONE,Non-owning 1979 channel scope.,doc:mandate.m4-proving-lens
profile.volcker_1979,region.external.mexico,reference,NONE,NONE,Non-owning 1979 channel scope.,doc:mandate.m4-proving-lens
profile.volcker_1979,region.external.non_gulf_opec,reference,NONE,NONE,Non-owning 1979 channel scope.,doc:mandate.m4-proving-lens
profile.volcker_1979,region.external.offshore_asia,excluded,NONE,NONE,Not reviewed for the 1979 profile.,doc:mandate.m4-proving-lens
profile.volcker_1979,region.external.oil_exporters,reference,NONE,NONE,Non-owning 1979 channel scope.,doc:mandate.m4-proving-lens
profile.volcker_1979,region.external.russia,excluded,NONE,NONE,Not reviewed for the 1979 profile.,doc:mandate.m4-proving-lens
profile.volcker_1979,region.external.switzerland,reference,NONE,NONE,Non-owning 1979 channel scope.,doc:mandate.m4-proving-lens
profile.volcker_1979,region.external.united_kingdom,reference,NONE,NONE,Non-owning 1979 channel scope.,doc:mandate.m4-proving-lens
profile.volcker_1979,region.external.west_germany,reference,NONE,NONE,Non-owning 1979 channel scope.,doc:mandate.m4-proving-lens
profile.volcker_1979,region.hormuz,excluded,NONE,NONE,Not reviewed for the 1979 profile.,doc:mandate.m4-proving-lens
profile.volcker_1979,region.me.arabian_peninsula,excluded,NONE,NONE,Not reviewed for the 1979 profile.,doc:mandate.m4-proving-lens
profile.volcker_1979,region.middle_east.gulf,excluded,NONE,NONE,Not reviewed for the 1979 profile.,doc:mandate.m4-proving-lens
profile.volcker_1979,region.panama,excluded,NONE,NONE,Not reviewed for the 1979 profile.,doc:mandate.m4-proving-lens
profile.volcker_1979,region.sa.aggregate,excluded,NONE,NONE,Not reviewed for the 1979 profile.,doc:mandate.m4-proving-lens
profile.volcker_1979,region.sa.amazon_basin,excluded,NONE,NONE,Not reviewed for the 1979 profile.,doc:mandate.m4-proving-lens
profile.volcker_1979,region.suez,excluded,NONE,NONE,Not reviewed for the 1979 profile.,doc:mandate.m4-proving-lens
profile.volcker_1979,region.taiwan_strait,excluded,NONE,NONE,Not reviewed for the 1979 profile.,doc:mandate.m4-proving-lens
profile.volcker_1979,region.us.aggregate,excluded,NONE,NONE,Not reviewed for the 1979 profile.,doc:mandate.m4-proving-lens
profile.volcker_1979,region.us.census_divisions,excluded,NONE,NONE,Not reviewed for the 1979 profile.,doc:mandate.m4-proving-lens
profile.volcker_1979,region.us.federal_reserve_districts,excluded,NONE,NONE,Not reviewed for the 1979 profile.,doc:mandate.m4-proving-lens
profile.volcker_1979,region.us.home_district,excluded,NONE,NONE,Not reviewed for the 1979 profile.,doc:mandate.m4-proving-lens
profile.volcker_1979,region.us.metros,excluded,NONE,NONE,Not reviewed for the 1979 profile.,doc:mandate.m4-proving-lens
profile.volcker_1979,region.us.states,excluded,NONE,NONE,Not reviewed for the 1979 profile.,doc:mandate.m4-proving-lens
profile.volcker_1979,role_holder.fomc.1979.balles,slice_candidate,NONE,NONE,Selected in the Volcker 1979 opening.,doc:mandate.m4-proving-lens
profile.volcker_1979,role_holder.fomc.1979.black,slice_candidate,NONE,NONE,Selected in the Volcker 1979 opening.,doc:mandate.m4-proving-lens
profile.volcker_1979,role_holder.fomc.1979.coldwell,slice_candidate,NONE,NONE,Selected in the Volcker 1979 opening.,doc:mandate.m4-proving-lens
profile.volcker_1979,role_holder.fomc.1979.kimbrel,slice_candidate,NONE,NONE,Selected in the Volcker 1979 opening.,doc:mandate.m4-proving-lens
profile.volcker_1979,role_holder.fomc.1979.mayo,slice_candidate,NONE,NONE,Selected in the Volcker 1979 opening.,doc:mandate.m4-proving-lens
profile.volcker_1979,role_holder.fomc.1979.partee,slice_candidate,NONE,NONE,Selected in the Volcker 1979 opening.,doc:mandate.m4-proving-lens
profile.volcker_1979,role_holder.fomc.1979.rice,slice_candidate,NONE,NONE,Selected in the Volcker 1979 opening.,doc:mandate.m4-proving-lens
profile.volcker_1979,role_holder.fomc.1979.schultz,slice_candidate,NONE,NONE,Selected in the Volcker 1979 opening.,doc:mandate.m4-proving-lens
profile.volcker_1979,role_holder.fomc.1979.teeters,slice_candidate,NONE,NONE,Selected in the Volcker 1979 opening.,doc:mandate.m4-proving-lens
profile.volcker_1979,role_holder.fomc.1979.timlen,slice_candidate,NONE,NONE,Selected in the Volcker 1979 opening.,doc:mandate.m4-proving-lens
profile.volcker_1979,role_holder.fomc.1979.wallich,slice_candidate,NONE,NONE,Selected in the Volcker 1979 opening.,doc:mandate.m4-proving-lens
profile.volcker_1979,role_holder.fomc.governor_1,excluded,NONE,NONE,Not reviewed for the 1979 profile.,doc:mandate.m4-proving-lens
profile.volcker_1979,role_holder.fomc.governor_2,excluded,NONE,NONE,Not reviewed for the 1979 profile.,doc:mandate.m4-proving-lens
profile.volcker_1979,schedule.us.federal_reserve.blackout,excluded,NONE,NONE,Not reviewed for the 1979 profile.,doc:mandate.m4-proving-lens
profile.volcker_1979,schedule.us.federal_reserve.fomc,slice_candidate,NONE,NONE,Selected in the Volcker 1979 opening.,doc:mandate.m4-proving-lens
profile.volcker_1979,schedule.us.treasury.auction,excluded,NONE,NONE,Not reviewed for the 1979 profile.,doc:mandate.m4-proving-lens
profile.volcker_1979,scheduled_process.unknown.call_report_calendar,excluded,NONE,NONE,Not reviewed for the 1979 profile.,doc:mandate.m4-proving-lens
profile.volcker_1979,sovereign.afghanistan,reference,NONE,NONE,Roster sovereign on the profile date; identity-only composition root.,doc:mandate.m4-proving-lens
profile.volcker_1979,sovereign.albania,reference,NONE,NONE,Roster sovereign on the profile date; identity-only composition root.,doc:mandate.m4-proving-lens
profile.volcker_1979,sovereign.algeria,reference,NONE,NONE,Roster sovereign on the profile date; identity-only composition root.,doc:mandate.m4-proving-lens
profile.volcker_1979,sovereign.andorra,reference,NONE,NONE,Roster sovereign on the profile date; identity-only composition root.,doc:mandate.m4-proving-lens
profile.volcker_1979,sovereign.angola,reference,NONE,NONE,Roster sovereign on the profile date; identity-only composition root.,doc:mandate.m4-proving-lens
profile.volcker_1979,sovereign.argentina,reference,NONE,NONE,Roster sovereign on the profile date; identity-only composition root.,doc:mandate.m4-proving-lens
profile.volcker_1979,sovereign.armenia,excluded,NONE,NONE,Not reviewed for the 1979 profile.,doc:mandate.m4-proving-lens
profile.volcker_1979,sovereign.australia,reference,NONE,NONE,Roster sovereign on the profile date; identity-only composition root.,doc:mandate.m4-proving-lens
profile.volcker_1979,sovereign.austria,reference,NONE,NONE,Roster sovereign on the profile date; identity-only composition root.,doc:mandate.m4-proving-lens
profile.volcker_1979,sovereign.azerbaijan,excluded,NONE,NONE,Not reviewed for the 1979 profile.,doc:mandate.m4-proving-lens
profile.volcker_1979,sovereign.bahamas,reference,NONE,NONE,Roster sovereign on the profile date; identity-only composition root.,doc:mandate.m4-proving-lens
profile.volcker_1979,sovereign.bahrain,reference,NONE,NONE,Roster sovereign on the profile date; identity-only composition root.,doc:mandate.m4-proving-lens
profile.volcker_1979,sovereign.bangladesh,reference,NONE,NONE,Roster sovereign on the profile date; identity-only composition root.,doc:mandate.m4-proving-lens
profile.volcker_1979,sovereign.barbados,reference,NONE,NONE,Roster sovereign on the profile date; identity-only composition root.,doc:mandate.m4-proving-lens
profile.volcker_1979,sovereign.belgium,reference,NONE,NONE,Roster sovereign on the profile date; identity-only composition root.,doc:mandate.m4-proving-lens
profile.volcker_1979,sovereign.benin,reference,NONE,NONE,Roster sovereign on the profile date; identity-only composition root.,doc:mandate.m4-proving-lens
profile.volcker_1979,sovereign.bhutan,reference,NONE,NONE,Roster sovereign on the profile date; identity-only composition root.,doc:mandate.m4-proving-lens
profile.volcker_1979,sovereign.bolivia,reference,NONE,NONE,Roster sovereign on the profile date; identity-only composition root.,doc:mandate.m4-proving-lens
profile.volcker_1979,sovereign.bophuthatswana,reference,NONE,NONE,Roster sovereign on the profile date; identity-only composition root.,doc:mandate.m4-proving-lens
profile.volcker_1979,sovereign.botswana,reference,NONE,NONE,Roster sovereign on the profile date; identity-only composition root.,doc:mandate.m4-proving-lens
profile.volcker_1979,sovereign.brazil,reference,NONE,NONE,Roster sovereign on the profile date; identity-only composition root.,doc:mandate.m4-proving-lens
profile.volcker_1979,sovereign.bulgaria,reference,NONE,NONE,Roster sovereign on the profile date; identity-only composition root.,doc:mandate.m4-proving-lens
profile.volcker_1979,sovereign.burkina_faso,reference,NONE,NONE,Roster sovereign on the profile date; identity-only composition root.,doc:mandate.m4-proving-lens
profile.volcker_1979,sovereign.burundi,reference,NONE,NONE,Roster sovereign on the profile date; identity-only composition root.,doc:mandate.m4-proving-lens
profile.volcker_1979,sovereign.byelorussian_ssr,reference,NONE,NONE,Roster sovereign on the profile date; identity-only composition root.,doc:mandate.m4-proving-lens
profile.volcker_1979,sovereign.cambodia,reference,NONE,NONE,Roster sovereign on the profile date; identity-only composition root.,doc:mandate.m4-proving-lens
profile.volcker_1979,sovereign.cameroon,reference,NONE,NONE,Roster sovereign on the profile date; identity-only composition root.,doc:mandate.m4-proving-lens
profile.volcker_1979,sovereign.canada,reference,NONE,NONE,Roster sovereign on the profile date; identity-only composition root.,doc:mandate.m4-proving-lens
profile.volcker_1979,sovereign.cape_verde,reference,NONE,NONE,Roster sovereign on the profile date; identity-only composition root.,doc:mandate.m4-proving-lens
profile.volcker_1979,sovereign.central_african_republic,reference,NONE,NONE,Roster sovereign on the profile date; identity-only composition root.,doc:mandate.m4-proving-lens
profile.volcker_1979,sovereign.chad,reference,NONE,NONE,Roster sovereign on the profile date; identity-only composition root.,doc:mandate.m4-proving-lens
profile.volcker_1979,sovereign.chile,reference,NONE,NONE,Roster sovereign on the profile date; identity-only composition root.,doc:mandate.m4-proving-lens
profile.volcker_1979,sovereign.china,reference,NONE,NONE,Roster sovereign on the profile date; identity-only composition root.,doc:mandate.m4-proving-lens
profile.volcker_1979,sovereign.colombia,reference,NONE,NONE,Roster sovereign on the profile date; identity-only composition root.,doc:mandate.m4-proving-lens
profile.volcker_1979,sovereign.comoros,reference,NONE,NONE,Roster sovereign on the profile date; identity-only composition root.,doc:mandate.m4-proving-lens
profile.volcker_1979,sovereign.congo,reference,NONE,NONE,Roster sovereign on the profile date; identity-only composition root.,doc:mandate.m4-proving-lens
profile.volcker_1979,sovereign.costa_rica,reference,NONE,NONE,Roster sovereign on the profile date; identity-only composition root.,doc:mandate.m4-proving-lens
profile.volcker_1979,sovereign.cote_divoire,reference,NONE,NONE,Roster sovereign on the profile date; identity-only composition root.,doc:mandate.m4-proving-lens
profile.volcker_1979,sovereign.cuba,reference,NONE,NONE,Roster sovereign on the profile date; identity-only composition root.,doc:mandate.m4-proving-lens
profile.volcker_1979,sovereign.cyprus,reference,NONE,NONE,Roster sovereign on the profile date; identity-only composition root.,doc:mandate.m4-proving-lens
profile.volcker_1979,sovereign.czechoslovakia,reference,NONE,NONE,Roster sovereign on the profile date; identity-only composition root.,doc:mandate.m4-proving-lens
profile.volcker_1979,sovereign.denmark,reference,NONE,NONE,Roster sovereign on the profile date; identity-only composition root.,doc:mandate.m4-proving-lens
profile.volcker_1979,sovereign.djibouti,reference,NONE,NONE,Roster sovereign on the profile date; identity-only composition root.,doc:mandate.m4-proving-lens
profile.volcker_1979,sovereign.dominica,reference,NONE,NONE,Roster sovereign on the profile date; identity-only composition root.,doc:mandate.m4-proving-lens
profile.volcker_1979,sovereign.dominican_republic,reference,NONE,NONE,Roster sovereign on the profile date; identity-only composition root.,doc:mandate.m4-proving-lens
profile.volcker_1979,sovereign.drc,reference,NONE,NONE,Roster sovereign on the profile date; identity-only composition root.,doc:mandate.m4-proving-lens
profile.volcker_1979,sovereign.east_germany,reference,NONE,NONE,Roster sovereign on the profile date; identity-only composition root.,doc:mandate.m4-proving-lens
profile.volcker_1979,sovereign.ecuador,reference,NONE,NONE,Roster sovereign on the profile date; identity-only composition root.,doc:mandate.m4-proving-lens
profile.volcker_1979,sovereign.egypt,reference,NONE,NONE,Roster sovereign on the profile date; identity-only composition root.,doc:mandate.m4-proving-lens
profile.volcker_1979,sovereign.el_salvador,reference,NONE,NONE,Roster sovereign on the profile date; identity-only composition root.,doc:mandate.m4-proving-lens
profile.volcker_1979,sovereign.equatorial_guinea,reference,NONE,NONE,Roster sovereign on the profile date; identity-only composition root.,doc:mandate.m4-proving-lens
profile.volcker_1979,sovereign.eswatini,reference,NONE,NONE,Roster sovereign on the profile date; identity-only composition root.,doc:mandate.m4-proving-lens
profile.volcker_1979,sovereign.ethiopia,reference,NONE,NONE,Roster sovereign on the profile date; identity-only composition root.,doc:mandate.m4-proving-lens
profile.volcker_1979,sovereign.fiji,reference,NONE,NONE,Roster sovereign on the profile date; identity-only composition root.,doc:mandate.m4-proving-lens
profile.volcker_1979,sovereign.finland,reference,NONE,NONE,Roster sovereign on the profile date; identity-only composition root.,doc:mandate.m4-proving-lens
profile.volcker_1979,sovereign.france,reference,NONE,NONE,Roster sovereign on the profile date; identity-only composition root.,doc:mandate.m4-proving-lens
profile.volcker_1979,sovereign.gabon,reference,NONE,NONE,Roster sovereign on the profile date; identity-only composition root.,doc:mandate.m4-proving-lens
profile.volcker_1979,sovereign.gambia,reference,NONE,NONE,Roster sovereign on the profile date; identity-only composition root.,doc:mandate.m4-proving-lens
profile.volcker_1979,sovereign.georgia,excluded,NONE,NONE,Not reviewed for the 1979 profile.,doc:mandate.m4-proving-lens
profile.volcker_1979,sovereign.germany,reference,NONE,NONE,Roster sovereign on the profile date; identity-only composition root.,doc:mandate.m4-proving-lens
profile.volcker_1979,sovereign.ghana,reference,NONE,NONE,Roster sovereign on the profile date; identity-only composition root.,doc:mandate.m4-proving-lens
profile.volcker_1979,sovereign.greece,reference,NONE,NONE,Roster sovereign on the profile date; identity-only composition root.,doc:mandate.m4-proving-lens
profile.volcker_1979,sovereign.grenada,reference,NONE,NONE,Roster sovereign on the profile date; identity-only composition root.,doc:mandate.m4-proving-lens
profile.volcker_1979,sovereign.guatemala,reference,NONE,NONE,Roster sovereign on the profile date; identity-only composition root.,doc:mandate.m4-proving-lens
profile.volcker_1979,sovereign.guinea,reference,NONE,NONE,Roster sovereign on the profile date; identity-only composition root.,doc:mandate.m4-proving-lens
profile.volcker_1979,sovereign.guinea_bissau,reference,NONE,NONE,Roster sovereign on the profile date; identity-only composition root.,doc:mandate.m4-proving-lens
profile.volcker_1979,sovereign.guyana,reference,NONE,NONE,Roster sovereign on the profile date; identity-only composition root.,doc:mandate.m4-proving-lens
profile.volcker_1979,sovereign.haiti,reference,NONE,NONE,Roster sovereign on the profile date; identity-only composition root.,doc:mandate.m4-proving-lens
profile.volcker_1979,sovereign.holy_see,reference,NONE,NONE,Roster sovereign on the profile date; identity-only composition root.,doc:mandate.m4-proving-lens
profile.volcker_1979,sovereign.honduras,reference,NONE,NONE,Roster sovereign on the profile date; identity-only composition root.,doc:mandate.m4-proving-lens
profile.volcker_1979,sovereign.hungary,reference,NONE,NONE,Roster sovereign on the profile date; identity-only composition root.,doc:mandate.m4-proving-lens
profile.volcker_1979,sovereign.iceland,reference,NONE,NONE,Roster sovereign on the profile date; identity-only composition root.,doc:mandate.m4-proving-lens
profile.volcker_1979,sovereign.india,reference,NONE,NONE,Roster sovereign on the profile date; identity-only composition root.,doc:mandate.m4-proving-lens
profile.volcker_1979,sovereign.indonesia,reference,NONE,NONE,Roster sovereign on the profile date; identity-only composition root.,doc:mandate.m4-proving-lens
profile.volcker_1979,sovereign.iran,reference,NONE,NONE,Roster sovereign on the profile date; identity-only composition root.,doc:mandate.m4-proving-lens
profile.volcker_1979,sovereign.iraq,reference,NONE,NONE,Roster sovereign on the profile date; identity-only composition root.,doc:mandate.m4-proving-lens
profile.volcker_1979,sovereign.ireland,reference,NONE,NONE,Roster sovereign on the profile date; identity-only composition root.,doc:mandate.m4-proving-lens
profile.volcker_1979,sovereign.israel,reference,NONE,NONE,Roster sovereign on the profile date; identity-only composition root.,doc:mandate.m4-proving-lens
profile.volcker_1979,sovereign.italy,reference,NONE,NONE,Roster sovereign on the profile date; identity-only composition root.,doc:mandate.m4-proving-lens
profile.volcker_1979,sovereign.jamaica,reference,NONE,NONE,Roster sovereign on the profile date; identity-only composition root.,doc:mandate.m4-proving-lens
profile.volcker_1979,sovereign.japan,reference,NONE,NONE,Roster sovereign on the profile date; identity-only composition root.,doc:mandate.m4-proving-lens
profile.volcker_1979,sovereign.jordan,reference,NONE,NONE,Roster sovereign on the profile date; identity-only composition root.,doc:mandate.m4-proving-lens
profile.volcker_1979,sovereign.kenya,reference,NONE,NONE,Roster sovereign on the profile date; identity-only composition root.,doc:mandate.m4-proving-lens
profile.volcker_1979,sovereign.kiribati,reference,NONE,NONE,Roster sovereign on the profile date; identity-only composition root.,doc:mandate.m4-proving-lens
profile.volcker_1979,sovereign.kuwait,reference,NONE,NONE,Roster sovereign on the profile date; identity-only composition root.,doc:mandate.m4-proving-lens
profile.volcker_1979,sovereign.laos,reference,NONE,NONE,Roster sovereign on the profile date; identity-only composition root.,doc:mandate.m4-proving-lens
profile.volcker_1979,sovereign.lebanon,reference,NONE,NONE,Roster sovereign on the profile date; identity-only composition root.,doc:mandate.m4-proving-lens
profile.volcker_1979,sovereign.lesotho,reference,NONE,NONE,Roster sovereign on the profile date; identity-only composition root.,doc:mandate.m4-proving-lens
profile.volcker_1979,sovereign.liberia,reference,NONE,NONE,Roster sovereign on the profile date; identity-only composition root.,doc:mandate.m4-proving-lens
profile.volcker_1979,sovereign.libya,reference,NONE,NONE,Roster sovereign on the profile date; identity-only composition root.,doc:mandate.m4-proving-lens
profile.volcker_1979,sovereign.liechtenstein,reference,NONE,NONE,Roster sovereign on the profile date; identity-only composition root.,doc:mandate.m4-proving-lens
profile.volcker_1979,sovereign.luxembourg,reference,NONE,NONE,Roster sovereign on the profile date; identity-only composition root.,doc:mandate.m4-proving-lens
profile.volcker_1979,sovereign.madagascar,reference,NONE,NONE,Roster sovereign on the profile date; identity-only composition root.,doc:mandate.m4-proving-lens
profile.volcker_1979,sovereign.malawi,reference,NONE,NONE,Roster sovereign on the profile date; identity-only composition root.,doc:mandate.m4-proving-lens
profile.volcker_1979,sovereign.malaysia,reference,NONE,NONE,Roster sovereign on the profile date; identity-only composition root.,doc:mandate.m4-proving-lens
profile.volcker_1979,sovereign.maldives,reference,NONE,NONE,Roster sovereign on the profile date; identity-only composition root.,doc:mandate.m4-proving-lens
profile.volcker_1979,sovereign.mali,reference,NONE,NONE,Roster sovereign on the profile date; identity-only composition root.,doc:mandate.m4-proving-lens
profile.volcker_1979,sovereign.malta,reference,NONE,NONE,Roster sovereign on the profile date; identity-only composition root.,doc:mandate.m4-proving-lens
profile.volcker_1979,sovereign.mauritania,reference,NONE,NONE,Roster sovereign on the profile date; identity-only composition root.,doc:mandate.m4-proving-lens
profile.volcker_1979,sovereign.mauritius,reference,NONE,NONE,Roster sovereign on the profile date; identity-only composition root.,doc:mandate.m4-proving-lens
profile.volcker_1979,sovereign.mexico,reference,NONE,NONE,Roster sovereign on the profile date; identity-only composition root.,doc:mandate.m4-proving-lens
profile.volcker_1979,sovereign.monaco,reference,NONE,NONE,Roster sovereign on the profile date; identity-only composition root.,doc:mandate.m4-proving-lens
profile.volcker_1979,sovereign.mongolia,reference,NONE,NONE,Roster sovereign on the profile date; identity-only composition root.,doc:mandate.m4-proving-lens
profile.volcker_1979,sovereign.morocco,reference,NONE,NONE,Roster sovereign on the profile date; identity-only composition root.,doc:mandate.m4-proving-lens
profile.volcker_1979,sovereign.mozambique,reference,NONE,NONE,Roster sovereign on the profile date; identity-only composition root.,doc:mandate.m4-proving-lens
profile.volcker_1979,sovereign.myanmar,reference,NONE,NONE,Roster sovereign on the profile date; identity-only composition root.,doc:mandate.m4-proving-lens
profile.volcker_1979,sovereign.nauru,reference,NONE,NONE,Roster sovereign on the profile date; identity-only composition root.,doc:mandate.m4-proving-lens
profile.volcker_1979,sovereign.nepal,reference,NONE,NONE,Roster sovereign on the profile date; identity-only composition root.,doc:mandate.m4-proving-lens
profile.volcker_1979,sovereign.netherlands,reference,NONE,NONE,Roster sovereign on the profile date; identity-only composition root.,doc:mandate.m4-proving-lens
profile.volcker_1979,sovereign.new_zealand,reference,NONE,NONE,Roster sovereign on the profile date; identity-only composition root.,doc:mandate.m4-proving-lens
profile.volcker_1979,sovereign.nicaragua,reference,NONE,NONE,Roster sovereign on the profile date; identity-only composition root.,doc:mandate.m4-proving-lens
profile.volcker_1979,sovereign.niger,reference,NONE,NONE,Roster sovereign on the profile date; identity-only composition root.,doc:mandate.m4-proving-lens
profile.volcker_1979,sovereign.nigeria,reference,NONE,NONE,Roster sovereign on the profile date; identity-only composition root.,doc:mandate.m4-proving-lens
profile.volcker_1979,sovereign.north_korea,reference,NONE,NONE,Roster sovereign on the profile date; identity-only composition root.,doc:mandate.m4-proving-lens
profile.volcker_1979,sovereign.north_yemen,reference,NONE,NONE,Roster sovereign on the profile date; identity-only composition root.,doc:mandate.m4-proving-lens
profile.volcker_1979,sovereign.norway,reference,NONE,NONE,Roster sovereign on the profile date; identity-only composition root.,doc:mandate.m4-proving-lens
profile.volcker_1979,sovereign.oman,reference,NONE,NONE,Roster sovereign on the profile date; identity-only composition root.,doc:mandate.m4-proving-lens
profile.volcker_1979,sovereign.pakistan,reference,NONE,NONE,Roster sovereign on the profile date; identity-only composition root.,doc:mandate.m4-proving-lens
profile.volcker_1979,sovereign.panama,reference,NONE,NONE,Roster sovereign on the profile date; identity-only composition root.,doc:mandate.m4-proving-lens
profile.volcker_1979,sovereign.papua_new_guinea,reference,NONE,NONE,Roster sovereign on the profile date; identity-only composition root.,doc:mandate.m4-proving-lens
profile.volcker_1979,sovereign.paraguay,reference,NONE,NONE,Roster sovereign on the profile date; identity-only composition root.,doc:mandate.m4-proving-lens
profile.volcker_1979,sovereign.peru,reference,NONE,NONE,Roster sovereign on the profile date; identity-only composition root.,doc:mandate.m4-proving-lens
profile.volcker_1979,sovereign.philippines,reference,NONE,NONE,Roster sovereign on the profile date; identity-only composition root.,doc:mandate.m4-proving-lens
profile.volcker_1979,sovereign.poland,reference,NONE,NONE,Roster sovereign on the profile date; identity-only composition root.,doc:mandate.m4-proving-lens
profile.volcker_1979,sovereign.portugal,reference,NONE,NONE,Roster sovereign on the profile date; identity-only composition root.,doc:mandate.m4-proving-lens
profile.volcker_1979,sovereign.qatar,reference,NONE,NONE,Roster sovereign on the profile date; identity-only composition root.,doc:mandate.m4-proving-lens
profile.volcker_1979,sovereign.romania,reference,NONE,NONE,Roster sovereign on the profile date; identity-only composition root.,doc:mandate.m4-proving-lens
profile.volcker_1979,sovereign.russia,excluded,NONE,NONE,Not reviewed for the 1979 profile.,doc:mandate.m4-proving-lens
profile.volcker_1979,sovereign.rwanda,reference,NONE,NONE,Roster sovereign on the profile date; identity-only composition root.,doc:mandate.m4-proving-lens
profile.volcker_1979,sovereign.sahrawi_arab_democratic_republic,reference,NONE,NONE,Roster sovereign on the profile date; identity-only composition root.,doc:mandate.m4-proving-lens
profile.volcker_1979,sovereign.saint_lucia,reference,NONE,NONE,Roster sovereign on the profile date; identity-only composition root.,doc:mandate.m4-proving-lens
profile.volcker_1979,sovereign.samoa,reference,NONE,NONE,Roster sovereign on the profile date; identity-only composition root.,doc:mandate.m4-proving-lens
profile.volcker_1979,sovereign.san_marino,reference,NONE,NONE,Roster sovereign on the profile date; identity-only composition root.,doc:mandate.m4-proving-lens
profile.volcker_1979,sovereign.sao_tome_and_principe,reference,NONE,NONE,Roster sovereign on the profile date; identity-only composition root.,doc:mandate.m4-proving-lens
profile.volcker_1979,sovereign.saudi_arabia,reference,NONE,NONE,Roster sovereign on the profile date; identity-only composition root.,doc:mandate.m4-proving-lens
profile.volcker_1979,sovereign.senegal,reference,NONE,NONE,Roster sovereign on the profile date; identity-only composition root.,doc:mandate.m4-proving-lens
profile.volcker_1979,sovereign.seychelles,reference,NONE,NONE,Roster sovereign on the profile date; identity-only composition root.,doc:mandate.m4-proving-lens
profile.volcker_1979,sovereign.sierra_leone,reference,NONE,NONE,Roster sovereign on the profile date; identity-only composition root.,doc:mandate.m4-proving-lens
profile.volcker_1979,sovereign.singapore,reference,NONE,NONE,Roster sovereign on the profile date; identity-only composition root.,doc:mandate.m4-proving-lens
profile.volcker_1979,sovereign.solomon_islands,reference,NONE,NONE,Roster sovereign on the profile date; identity-only composition root.,doc:mandate.m4-proving-lens
profile.volcker_1979,sovereign.somalia,reference,NONE,NONE,Roster sovereign on the profile date; identity-only composition root.,doc:mandate.m4-proving-lens
profile.volcker_1979,sovereign.south_africa,reference,NONE,NONE,Roster sovereign on the profile date; identity-only composition root.,doc:mandate.m4-proving-lens
profile.volcker_1979,sovereign.south_korea,reference,NONE,NONE,Roster sovereign on the profile date; identity-only composition root.,doc:mandate.m4-proving-lens
profile.volcker_1979,sovereign.south_yemen,reference,NONE,NONE,Roster sovereign on the profile date; identity-only composition root.,doc:mandate.m4-proving-lens
profile.volcker_1979,sovereign.spain,reference,NONE,NONE,Roster sovereign on the profile date; identity-only composition root.,doc:mandate.m4-proving-lens
profile.volcker_1979,sovereign.sri_lanka,reference,NONE,NONE,Roster sovereign on the profile date; identity-only composition root.,doc:mandate.m4-proving-lens
profile.volcker_1979,sovereign.sudan,reference,NONE,NONE,Roster sovereign on the profile date; identity-only composition root.,doc:mandate.m4-proving-lens
profile.volcker_1979,sovereign.suriname,reference,NONE,NONE,Roster sovereign on the profile date; identity-only composition root.,doc:mandate.m4-proving-lens
profile.volcker_1979,sovereign.sweden,reference,NONE,NONE,Roster sovereign on the profile date; identity-only composition root.,doc:mandate.m4-proving-lens
profile.volcker_1979,sovereign.switzerland,reference,NONE,NONE,Roster sovereign on the profile date; identity-only composition root.,doc:mandate.m4-proving-lens
profile.volcker_1979,sovereign.syria,reference,NONE,NONE,Roster sovereign on the profile date; identity-only composition root.,doc:mandate.m4-proving-lens
profile.volcker_1979,sovereign.taiwan,reference,NONE,NONE,Roster sovereign on the profile date; identity-only composition root.,doc:mandate.m4-proving-lens
profile.volcker_1979,sovereign.tanzania,reference,NONE,NONE,Roster sovereign on the profile date; identity-only composition root.,doc:mandate.m4-proving-lens
profile.volcker_1979,sovereign.thailand,reference,NONE,NONE,Roster sovereign on the profile date; identity-only composition root.,doc:mandate.m4-proving-lens
profile.volcker_1979,sovereign.togo,reference,NONE,NONE,Roster sovereign on the profile date; identity-only composition root.,doc:mandate.m4-proving-lens
profile.volcker_1979,sovereign.tonga,reference,NONE,NONE,Roster sovereign on the profile date; identity-only composition root.,doc:mandate.m4-proving-lens
profile.volcker_1979,sovereign.transkei,reference,NONE,NONE,Roster sovereign on the profile date; identity-only composition root.,doc:mandate.m4-proving-lens
profile.volcker_1979,sovereign.trinidad_and_tobago,reference,NONE,NONE,Roster sovereign on the profile date; identity-only composition root.,doc:mandate.m4-proving-lens
profile.volcker_1979,sovereign.tunisia,reference,NONE,NONE,Roster sovereign on the profile date; identity-only composition root.,doc:mandate.m4-proving-lens
profile.volcker_1979,sovereign.turkey,reference,NONE,NONE,Roster sovereign on the profile date; identity-only composition root.,doc:mandate.m4-proving-lens
profile.volcker_1979,sovereign.tuvalu,reference,NONE,NONE,Roster sovereign on the profile date; identity-only composition root.,doc:mandate.m4-proving-lens
profile.volcker_1979,sovereign.uae,reference,NONE,NONE,Roster sovereign on the profile date; identity-only composition root.,doc:mandate.m4-proving-lens
profile.volcker_1979,sovereign.uganda,reference,NONE,NONE,Roster sovereign on the profile date; identity-only composition root.,doc:mandate.m4-proving-lens
profile.volcker_1979,sovereign.ukrainian_ssr,reference,NONE,NONE,Roster sovereign on the profile date; identity-only composition root.,doc:mandate.m4-proving-lens
profile.volcker_1979,sovereign.united_kingdom,reference,NONE,NONE,Roster sovereign on the profile date; identity-only composition root.,doc:mandate.m4-proving-lens
profile.volcker_1979,sovereign.united_states,reference,NONE,NONE,Roster sovereign on the profile date; identity-only composition root.,doc:mandate.m4-proving-lens
profile.volcker_1979,sovereign.uruguay,reference,NONE,NONE,Roster sovereign on the profile date; identity-only composition root.,doc:mandate.m4-proving-lens
profile.volcker_1979,sovereign.ussr,reference,NONE,NONE,Roster sovereign on the profile date; identity-only composition root.,doc:mandate.m4-proving-lens
profile.volcker_1979,sovereign.venezuela,reference,NONE,NONE,Roster sovereign on the profile date; identity-only composition root.,doc:mandate.m4-proving-lens
profile.volcker_1979,sovereign.vietnam,reference,NONE,NONE,Roster sovereign on the profile date; identity-only composition root.,doc:mandate.m4-proving-lens
profile.volcker_1979,sovereign.yugoslavia,reference,NONE,NONE,Roster sovereign on the profile date; identity-only composition root.,doc:mandate.m4-proving-lens
profile.volcker_1979,sovereign.zambia,reference,NONE,NONE,Roster sovereign on the profile date; identity-only composition root.,doc:mandate.m4-proving-lens
profile.volcker_1979,sovereign.zimbabwe_rhodesia,reference,NONE,NONE,Roster sovereign on the profile date; identity-only composition root.,doc:mandate.m4-proving-lens
profile.volcker_1979,staff.us.federal_reserve.communications,excluded,NONE,NONE,Not reviewed for the 1979 profile.,doc:mandate.m4-proving-lens
profile.volcker_1979,staff.us.federal_reserve.financial_stability,excluded,NONE,NONE,Not reviewed for the 1979 profile.,doc:mandate.m4-proving-lens
profile.volcker_1979,staff.us.federal_reserve.international,excluded,NONE,NONE,Not reviewed for the 1979 profile.,doc:mandate.m4-proving-lens
profile.volcker_1979,staff.us.federal_reserve.legal,excluded,NONE,NONE,Not reviewed for the 1979 profile.,doc:mandate.m4-proving-lens
profile.volcker_1979,staff.us.federal_reserve.markets,excluded,NONE,NONE,Not reviewed for the 1979 profile.,doc:mandate.m4-proving-lens
profile.volcker_1979,staff.us.federal_reserve.monetary_affairs,excluded,NONE,NONE,Not reviewed for the 1979 profile.,doc:mandate.m4-proving-lens
profile.volcker_1979,staff.us.federal_reserve.ny_markets_group,excluded,NONE,NONE,Not reviewed for the 1979 profile.,doc:mandate.m4-proving-lens
profile.volcker_1979,staff.us.federal_reserve.research,excluded,NONE,NONE,Not reviewed for the 1979 profile.,doc:mandate.m4-proving-lens
profile.volcker_1979,staff.us.federal_reserve.supervision,excluded,NONE,NONE,Not reviewed for the 1979 profile.,doc:mandate.m4-proving-lens
profile.volcker_1979,staff.us.treasury.debt_management,excluded,NONE,NONE,Not reviewed for the 1979 profile.,doc:mandate.m4-proving-lens
profile.volcker_1979,staff.us.treasury.ofr,excluded,NONE,NONE,Not reviewed for the 1979 profile.,doc:mandate.m4-proving-lens
profile.volcker_1979,stateful.us.treasury.duration_supply,excluded,NONE,NONE,Not reviewed for the 1979 profile.,doc:mandate.m4-proving-lens
