profile_id,catalog_id,profile_role,candidate_provider_entry_id,activation_requirement,rationale,provenance
profile.early_2006.bernankey,adapter.demand.global.coffee,reserve,adapter.external.external_world,"Source-backed opening state, covered probes, and named-plus-residual reconciliation.",Rich regional content is reserved for composition and future promotion.,Early-2006 profile planning index.
profile.early_2006.bernankey,adapter.demand.global.pork,reserve,adapter.external.external_world,"Source-backed opening state, covered probes, and named-plus-residual reconciliation.",Rich regional content is reserved for composition and future promotion.,Early-2006 profile planning index.
profile.early_2006.bernankey,adapter.demand.global.timber,reserve,adapter.external.external_world,"Source-backed opening state, covered probes, and named-plus-residual reconciliation.",Rich regional content is reserved for composition and future promotion.,Early-2006 profile planning index.
profile.early_2006.bernankey,adapter.export.arabian_peninsula.petroleum,reserve,adapter.external.gulf_exporters,"Source-backed opening state, covered probes, and named-plus-residual reconciliation.",Rich regional content is reserved for composition and future promotion.,Early-2006 profile planning index.
profile.early_2006.bernankey,adapter.external.china,boundary_candidate,adapter.external.china,Receiving module selects this provider in a future representation manifest.,Channel-specific external candidate; role does not activate it.,Early-2006 profile planning index.
profile.early_2006.bernankey,adapter.external.emerging_markets,boundary_candidate,adapter.external.emerging_markets,Receiving module selects this provider in a future representation manifest.,Channel-specific external candidate; role does not activate it.,Early-2006 profile planning index.
profile.early_2006.bernankey,adapter.external.euro_area,boundary_candidate,adapter.external.euro_area,Receiving module selects this provider in a future representation manifest.,Channel-specific external candidate; role does not activate it.,Early-2006 profile planning index.
profile.early_2006.bernankey,adapter.external.external_energy,boundary_candidate,adapter.external.external_energy,Receiving module selects this provider in a future representation manifest.,Channel-specific external candidate; role does not activate it.,Early-2006 profile planning index.
profile.early_2006.bernankey,adapter.external.external_world,boundary_candidate,adapter.external.external_world,Receiving module selects this provider in a future representation manifest.,Channel-specific external candidate; role does not activate it.,Early-2006 profile planning index.
profile.early_2006.bernankey,adapter.external.freight_global,boundary_candidate,adapter.external.freight_global,Receiving module selects this provider in a future representation manifest.,Channel-specific external candidate; role does not activate it.,Early-2006 profile planning index.
profile.early_2006.bernankey,adapter.external.freight_gulf_hormuz,excluded,NONE,NONE,Authored for the 1979 profile; not reviewed for 2006.,doc:mandate.m4-proving-lens
profile.early_2006.bernankey,adapter.external.freight_gulf_suez,boundary_candidate,adapter.external.freight_gulf_suez,Receiving module selects this provider in a future representation manifest.,Channel-specific external candidate; role does not activate it.,Early-2006 profile planning index.
profile.early_2006.bernankey,adapter.external.gulf_exporters,boundary_candidate,adapter.external.gulf_exporters,Receiving module selects this provider in a future representation manifest.,Channel-specific external candidate; role does not activate it.,Early-2006 profile planning index.
profile.early_2006.bernankey,adapter.external.iran,excluded,NONE,NONE,Authored for the 1979 profile; not reviewed for 2006.,doc:mandate.m4-proving-lens
profile.early_2006.bernankey,adapter.external.japan,boundary_candidate,adapter.external.japan,Receiving module selects this provider in a future representation manifest.,Channel-specific external candidate; role does not activate it.,Early-2006 profile planning index.
profile.early_2006.bernankey,adapter.external.latin_america_debtors,excluded,NONE,NONE,Authored for the 1979 profile; not reviewed for 2006.,doc:mandate.m4-proving-lens
profile.early_2006.bernankey,adapter.external.mexico,excluded,NONE,NONE,Authored for the 1979 profile; not reviewed for 2006.,doc:mandate.m4-proving-lens
profile.early_2006.bernankey,adapter.external.non_gulf_opec,excluded,NONE,NONE,Authored for the 1979 profile; not reviewed for 2006.,doc:mandate.m4-proving-lens
profile.early_2006.bernankey,adapter.external.offshore_asia,boundary_candidate,adapter.external.offshore_asia,Receiving module selects this provider in a future representation manifest.,Channel-specific external candidate; role does not activate it.,Early-2006 profile planning index.
profile.early_2006.bernankey,adapter.external.oil_exporters,boundary_candidate,adapter.external.oil_exporters,Receiving module selects this provider in a future representation manifest.,Channel-specific external candidate; role does not activate it.,Early-2006 profile planning index.
profile.early_2006.bernankey,adapter.external.russia,boundary_candidate,adapter.external.russia,Receiving module selects this provider in a future representation manifest.,Channel-specific external candidate; role does not activate it.,Early-2006 profile planning index.
profile.early_2006.bernankey,adapter.external.switzerland,excluded,NONE,NONE,Authored for the 1979 profile; not reviewed for 2006.,doc:mandate.m4-proving-lens
profile.early_2006.bernankey,adapter.external.united_kingdom,boundary_candidate,adapter.external.united_kingdom,Receiving module selects this provider in a future representation manifest.,Channel-specific external candidate; role does not activate it.,Early-2006 profile planning index.
profile.early_2006.bernankey,adapter.external.west_germany,excluded,NONE,NONE,Authored for the 1979 profile; not reviewed for 2006.,doc:mandate.m4-proving-lens
profile.early_2006.bernankey,adapter.flow.global.coffee,reserve,adapter.external.external_world,"Source-backed opening state, covered probes, and named-plus-residual reconciliation.",Rich regional content is reserved for composition and future promotion.,Early-2006 profile planning index.
profile.early_2006.bernankey,adapter.flow.global.pork,reserve,adapter.external.external_world,"Source-backed opening state, covered probes, and named-plus-residual reconciliation.",Rich regional content is reserved for composition and future promotion.,Early-2006 profile planning index.
profile.early_2006.bernankey,adapter.flow.global.timber,reserve,adapter.external.external_world,"Source-backed opening state, covered probes, and named-plus-residual reconciliation.",Rich regional content is reserved for composition and future promotion.,Early-2006 profile planning index.
profile.early_2006.bernankey,adapter.hydropower.caucasus,reserve,adapter.external.emerging_markets,"Source-backed opening state, covered probes, and named-plus-residual reconciliation.",Rich regional content is reserved for composition and future promotion.,Early-2006 profile planning index.
profile.early_2006.bernankey,adapter.hydropower.congo_basin,reserve,adapter.external.external_world,"Source-backed opening state, covered probes, and named-plus-residual reconciliation.",Rich regional content is reserved for composition and future promotion.,Early-2006 profile planning index.
profile.early_2006.bernankey,adapter.incident.amazon_basin.climate,reserve,adapter.external.external_world,"Source-backed opening state, covered probes, and named-plus-residual reconciliation.",Rich regional content is reserved for composition and future promotion.,Early-2006 profile planning index.
profile.early_2006.bernankey,adapter.incident.external.chokepoint_blockage,reference,NONE,NONE,Typed identity or non-causal scope retained for reference.,Early-2006 profile planning index.
profile.early_2006.bernankey,adapter.incident.external.cyber,reference,NONE,NONE,Typed identity or non-causal scope retained for reference.,Early-2006 profile planning index.
profile.early_2006.bernankey,adapter.incident.external.drought,reference,NONE,NONE,Typed identity or non-causal scope retained for reference.,Early-2006 profile planning index.
profile.early_2006.bernankey,adapter.incident.external.gaffe_leak,reference,NONE,NONE,Typed identity or non-causal scope retained for reference.,Early-2006 profile planning index.
profile.early_2006.bernankey,adapter.incident.external.geological,reference,NONE,NONE,Typed identity or non-causal scope retained for reference.,Early-2006 profile planning index.
profile.early_2006.bernankey,adapter.incident.external.outbreak,reference,NONE,NONE,Typed identity or non-causal scope retained for reference.,Early-2006 profile planning index.
profile.early_2006.bernankey,adapter.incident.external.statistical_release_failure,reference,NONE,NONE,Typed identity or non-causal scope retained for reference.,Early-2006 profile planning index.
profile.early_2006.bernankey,adapter.incident.external.technological_breakthrough,reference,NONE,NONE,Typed identity or non-causal scope retained for reference.,Early-2006 profile planning index.
profile.early_2006.bernankey,adapter.incident.external.weather,reference,NONE,NONE,Typed identity or non-causal scope retained for reference.,Early-2006 profile planning index.
profile.early_2006.bernankey,adapter.incident.external.wildfire,reference,NONE,NONE,Typed identity or non-causal scope retained for reference.,Early-2006 profile planning index.
profile.early_2006.bernankey,adapter.input.amazon_basin.feed_grain,reserve,adapter.external.external_world,"Source-backed opening state, covered probes, and named-plus-residual reconciliation.",Rich regional content is reserved for composition and future promotion.,Early-2006 profile planning index.
profile.early_2006.bernankey,adapter.input.sa.feed_grain,reserve,adapter.external.external_world,"Source-backed opening state, covered probes, and named-plus-residual reconciliation.",Rich regional content is reserved for composition and future promotion.,Early-2006 profile planning index.
profile.early_2006.bernankey,adapter.macro.us.broad,boundary_candidate,adapter.macro.us.broad,Selected only by the bounded MVP manifest with locked opening state and release tape.,Phase 1 broad macro boundary provider.,12-structure-outline-bernankey-mvp-cycle.md:65-67
profile.early_2006.bernankey,adapter.market.global.coffee,reserve,adapter.external.external_world,"Source-backed opening state, covered probes, and named-plus-residual reconciliation.",Rich regional content is reserved for composition and future promotion.,Early-2006 profile planning index.
profile.early_2006.bernankey,adapter.market.global.pork,reserve,adapter.external.external_world,"Source-backed opening state, covered probes, and named-plus-residual reconciliation.",Rich regional content is reserved for composition and future promotion.,Early-2006 profile planning index.
profile.early_2006.bernankey,adapter.market.global.timber,reserve,adapter.external.external_world,"Source-backed opening state, covered probes, and named-plus-residual reconciliation.",Rich regional content is reserved for composition and future promotion.,Early-2006 profile planning index.
profile.early_2006.bernankey,adapter.market.us.treasury.external_buyer,boundary_candidate,adapter.market.us.treasury.external_buyer,External duration demand residual is required.,Supplies outside demand without owning the domestic clearing price.,12-structure-outline-bernankey-mvp-cycle.md:299-319
profile.early_2006.bernankey,adapter.market.us.treasury_demand.phase2,boundary_candidate,adapter.market.us.treasury_demand.phase2,Selected package reaches a witnessed temporary Treasury-demand boundary.,Phase 2 declares adapter sourcing and defers endogenous market clearing.,12-structure-outline-bernankey-mvp-cycle.md:260-264
profile.early_2006.bernankey,adapter.process.amazon_basin.climate_agriculture,reserve,adapter.external.external_world,"Source-backed opening state, covered probes, and named-plus-residual reconciliation.",Rich regional content is reserved for composition and future promotion.,Early-2006 profile planning index.
profile.early_2006.bernankey,adapter.process.arabian_peninsula.resources,reserve,adapter.external.gulf_exporters,"Source-backed opening state, covered probes, and named-plus-residual reconciliation.",Rich regional content is reserved for composition and future promotion.,Early-2006 profile planning index.
profile.early_2006.bernankey,adapter.process.caucasus.resources,reserve,adapter.external.emerging_markets,"Source-backed opening state, covered probes, and named-plus-residual reconciliation.",Rich regional content is reserved for composition and future promotion.,Early-2006 profile planning index.
profile.early_2006.bernankey,adapter.process.climate_agriculture,reference,NONE,NONE,Typed identity or non-causal scope retained for reference.,Early-2006 profile planning index.
profile.early_2006.bernankey,adapter.process.congo_basin.ecology,reserve,adapter.external.external_world,"Source-backed opening state, covered probes, and named-plus-residual reconciliation.",Rich regional content is reserved for composition and future promotion.,Early-2006 profile planning index.
profile.early_2006.bernankey,adapter.process.epidemic,reference,NONE,NONE,Typed identity or non-causal scope retained for reference.,Early-2006 profile planning index.
profile.early_2006.bernankey,adapter.process.war,reference,NONE,NONE,Typed identity or non-causal scope retained for reference.,Early-2006 profile planning index.
profile.early_2006.bernankey,adapter.real.us.construction_inputs,reserve,adapter.external.external_world,"Source-backed opening state, covered probes, and named-plus-residual reconciliation.",Rich regional content is reserved for composition and future promotion.,Early-2006 profile planning index.
profile.early_2006.bernankey,adapter.real.us.food_baskets,reserve,adapter.external.external_world,"Source-backed opening state, covered probes, and named-plus-residual reconciliation.",Rich regional content is reserved for composition and future promotion.,Early-2006 profile planning index.
profile.early_2006.bernankey,adapter.real.us.housing_activity,reserve,adapter.external.external_world,"Source-backed opening state, covered probes, and named-plus-residual reconciliation.",Rich regional content is reserved for composition and future promotion.,Early-2006 profile planning index.
profile.early_2006.bernankey,adapter.sector.arabian_peninsula.gas,reserve,adapter.external.gulf_exporters,"Source-backed opening state, covered probes, and named-plus-residual reconciliation.",Rich regional content is reserved for composition and future promotion.,Early-2006 profile planning index.
profile.early_2006.bernankey,adapter.sector.arabian_peninsula.petroleum,reserve,adapter.external.gulf_exporters,"Source-backed opening state, covered probes, and named-plus-residual reconciliation.",Rich regional content is reserved for composition and future promotion.,Early-2006 profile planning index.
profile.early_2006.bernankey,adapter.sector.caucasus.petroleum,reserve,adapter.external.emerging_markets,"Source-backed opening state, covered probes, and named-plus-residual reconciliation.",Rich regional content is reserved for composition and future promotion.,Early-2006 profile planning index.
profile.early_2006.bernankey,adapter.sector.congo_basin.forestry,reserve,adapter.external.external_world,"Source-backed opening state, covered probes, and named-plus-residual reconciliation.",Rich regional content is reserved for composition and future promotion.,Early-2006 profile planning index.
profile.early_2006.bernankey,adapter.sector.drc.copper_cobalt,reserve,adapter.external.external_world,"Source-backed opening state, covered probes, and named-plus-residual reconciliation.",Rich regional content is reserved for composition and future promotion.,Early-2006 profile planning index.
profile.early_2006.bernankey,adapter.supply.row.green_coffee,reserve,adapter.external.external_world,"Source-backed opening state, covered probes, and named-plus-residual reconciliation.",Rich regional content is reserved for composition and future promotion.,Early-2006 profile planning index.
profile.early_2006.bernankey,adapter.supply.row.live_hogs,reserve,adapter.external.external_world,"Source-backed opening state, covered probes, and named-plus-residual reconciliation.",Rich regional content is reserved for composition and future promotion.,Early-2006 profile planning index.
profile.early_2006.bernankey,adapter.supply.row.timber,reserve,adapter.external.external_world,"Source-backed opening state, covered probes, and named-plus-residual reconciliation.",Rich regional content is reserved for composition and future promotion.,Early-2006 profile planning index.
profile.early_2006.bernankey,adapter.transform.coffee_roasting,reserve,adapter.external.external_world,"Source-backed opening state, covered probes, and named-plus-residual reconciliation.",Rich regional content is reserved for composition and future promotion.,Early-2006 profile planning index.
profile.early_2006.bernankey,adapter.transform.hogs_slaughter,reserve,adapter.external.external_world,"Source-backed opening state, covered probes, and named-plus-residual reconciliation.",Rich regional content is reserved for composition and future promotion.,Early-2006 profile planning index.
profile.early_2006.bernankey,adapter.transform.timber_milling,reserve,adapter.external.external_world,"Source-backed opening state, covered probes, and named-plus-residual reconciliation.",Rich regional content is reserved for composition and future promotion.,Early-2006 profile planning index.
profile.early_2006.bernankey,adapter.transit.caucasus.energy,reserve,adapter.external.emerging_markets,"Source-backed opening state, covered probes, and named-plus-residual reconciliation.",Rich regional content is reserved for composition and future promotion.,Early-2006 profile planning index.
profile.early_2006.bernankey,adapter.transport.drc.minerals,reserve,adapter.external.external_world,"Source-backed opening state, covered probes, and named-plus-residual reconciliation.",Rich regional content is reserved for composition and future promotion.,Early-2006 profile planning index.
profile.early_2006.bernankey,adapter.water.arabian_peninsula,reserve,adapter.external.gulf_exporters,"Source-backed opening state, covered probes, and named-plus-residual reconciliation.",Rich regional content is reserved for composition and future promotion.,Early-2006 profile planning index.
profile.early_2006.bernankey,agreement.central_bank.swap_lines,reference,NONE,NONE,Typed identity or non-causal scope retained for reference.,Early-2006 profile planning index.
profile.early_2006.bernankey,agreement.foreign.information_sharing,reference,NONE,NONE,Typed identity or non-causal scope retained for reference.,Early-2006 profile planning index.
profile.early_2006.bernankey,agreement.foreign.liquidity_support,reference,NONE,NONE,Typed identity or non-causal scope retained for reference.,Early-2006 profile planning index.
profile.early_2006.bernankey,agreement.foreign.regulatory_memoranda,reference,NONE,NONE,Typed identity or non-causal scope retained for reference.,Early-2006 profile planning index.
profile.early_2006.bernankey,agreement.foreign.sanctions_coordination,reference,NONE,NONE,Typed identity or non-causal scope retained for reference.,Early-2006 profile planning index.
profile.early_2006.bernankey,agreement.us.federal_reserve.swap_lines,reference,NONE,NONE,Typed identity or non-causal scope retained for reference.,Early-2006 profile planning index.
profile.early_2006.bernankey,agreement.us.repo.bilateral,slice_candidate,agreement.us.repo.bilateral,Bounded repo maturity is active.,Supplies the no-automatic-roll liquidity trigger and explicit obligation settlement.,12-structure-outline-bernankey-mvp-cycle.md:299-319
profile.early_2006.bernankey,auth.us.primary_dealer_designation,reference,NONE,NONE,Typed identity or non-causal scope retained for reference.,Early-2006 profile planning index.
profile.early_2006.bernankey,body.il.cabinet,reserve,adapter.external.emerging_markets,Distinct modeled authority or balance-sheet action; independently researched opening state and history; interface-compatible transmissions; complete named-plus-residual reconciliation.,Thin foreign candidate retained without synthetic regional state.,Early-2006 profile planning index.
profile.early_2006.bernankey,body.jp.cabinet,reference,NONE,NONE,Typed identity or non-causal scope retained for reference.,Early-2006 profile planning index.
profile.early_2006.bernankey,body.opec,reference,NONE,NONE,Typed identity or non-causal scope retained for reference.,Early-2006 profile planning index.
profile.early_2006.bernankey,body.us.federal_reserve.board_voting,reference,NONE,NONE,Typed identity or non-causal scope retained for reference.,Early-2006 profile planning index.
profile.early_2006.bernankey,body.us.federal_reserve.fomc,slice_candidate,NONE,Future manifest selection plus effective-period initialization.,Dependency-closed Treasury-duration or secured-funding candidate.,Early-2006 profile planning index.
profile.early_2006.bernankey,body.us.federal_reserve.reserve_bank_boards,reference,NONE,NONE,Typed identity or non-causal scope retained for reference.,Early-2006 profile planning index.
profile.early_2006.bernankey,body.us.treasury.tbac,reference,NONE,NONE,Typed identity or non-causal scope retained for reference.,Early-2006 profile planning index.
profile.early_2006.bernankey,coalition.il.governing_parties,reference,NONE,NONE,Typed identity or non-causal scope retained for reference.,Early-2006 profile planning index.
profile.early_2006.bernankey,coalition.ir.factional_networks,reference,NONE,NONE,Typed identity or non-causal scope retained for reference.,Early-2006 profile planning index.
profile.early_2006.bernankey,coalition.ru.elite_networks,reference,NONE,NONE,Typed identity or non-causal scope retained for reference.,Early-2006 profile planning index.
profile.early_2006.bernankey,coalition.uk.parties,reference,NONE,NONE,Typed identity or non-causal scope retained for reference.,Early-2006 profile planning index.
profile.early_2006.bernankey,cohort.eu.exposed_banks,reserve,adapter.external.euro_area,Distinct modeled authority or balance-sheet action; independently researched opening state and history; interface-compatible transmissions; complete named-plus-residual reconciliation.,Thin foreign candidate retained without synthetic regional state.,Early-2006 profile planning index.
profile.early_2006.bernankey,cohort.foreign.central_bank,reference,NONE,NONE,Typed identity or non-causal scope retained for reference.,Early-2006 profile planning index.
profile.early_2006.bernankey,cohort.foreign.central_banks,reference,NONE,NONE,Typed identity or non-causal scope retained for reference.,Early-2006 profile planning index.
profile.early_2006.bernankey,cohort.foreign.finance_ministries,reference,NONE,NONE,Typed identity or non-causal scope retained for reference.,Early-2006 profile planning index.
profile.early_2006.bernankey,cohort.foreign.finance_ministry,reference,NONE,NONE,Typed identity or non-causal scope retained for reference.,Early-2006 profile planning index.
profile.early_2006.bernankey,cohort.foreign.sovereign_fund,reference,NONE,NONE,Typed identity or non-causal scope retained for reference.,Early-2006 profile planning index.
profile.early_2006.bernankey,cohort.foreign.sovereign_funds,reference,NONE,NONE,Typed identity or non-causal scope retained for reference.,Early-2006 profile planning index.
profile.early_2006.bernankey,cohort.foreign.state_bank,reference,NONE,NONE,Typed identity or non-causal scope retained for reference.,Early-2006 profile planning index.
profile.early_2006.bernankey,cohort.foreign.state_banks,reference,NONE,NONE,Typed identity or non-causal scope retained for reference.,Early-2006 profile planning index.
profile.early_2006.bernankey,cohort.jp.banks,reserve,adapter.external.japan,Distinct modeled authority or balance-sheet action; independently researched opening state and history; interface-compatible transmissions; complete named-plus-residual reconciliation.,Thin foreign candidate retained without synthetic regional state.,Early-2006 profile planning index.
profile.early_2006.bernankey,cohort.jp.insurers,reserve,adapter.external.japan,Distinct modeled authority or balance-sheet action; independently researched opening state and history; interface-compatible transmissions; complete named-plus-residual reconciliation.,Thin foreign candidate retained without synthetic regional state.,Early-2006 profile planning index.
profile.early_2006.bernankey,cohort.jp.pensions,reserve,adapter.external.japan,Distinct modeled authority or balance-sheet action; independently researched opening state and history; interface-compatible transmissions; complete named-plus-residual reconciliation.,Thin foreign candidate retained without synthetic regional state.,Early-2006 profile planning index.
profile.early_2006.bernankey,cohort.ru.energy_firms,reserve,adapter.external.russia,Distinct modeled authority or balance-sheet action; independently researched opening state and history; interface-compatible transmissions; complete named-plus-residual reconciliation.,Thin foreign candidate retained without synthetic regional state.,Early-2006 profile planning index.
profile.early_2006.bernankey,cohort.sg.dollar_funding_banks,reserve,adapter.external.offshore_asia,Distinct modeled authority or balance-sheet action; independently researched opening state and history; interface-compatible transmissions; complete named-plus-residual reconciliation.,Thin foreign candidate retained without synthetic regional state.,Early-2006 profile planning index.
profile.early_2006.bernankey,cohort.uk.pensions,reserve,adapter.external.united_kingdom,Distinct modeled authority or balance-sheet action; independently researched opening state and history; interface-compatible transmissions; complete named-plus-residual reconciliation.,Thin foreign candidate retained without synthetic regional state.,Early-2006 profile planning index.
profile.early_2006.bernankey,cohort.us.asset_manager,reference,NONE,NONE,Typed identity or non-causal scope retained for reference.,Early-2006 profile planning index.
profile.early_2006.bernankey,cohort.us.bank.community_credit_union,reference,NONE,NONE,Typed identity or non-causal scope retained for reference.,Early-2006 profile planning index.
profile.early_2006.bernankey,cohort.us.bank.regional_cre_concentrated,slice_candidate,NONE,Future manifest selection plus effective-period initialization.,Dependency-closed Treasury-duration or secured-funding candidate.,Early-2006 profile planning index.
profile.early_2006.bernankey,cohort.us.bank.systemically_important,reference,NONE,NONE,Typed identity or non-causal scope retained for reference.,Early-2006 profile planning index.
profile.early_2006.bernankey,cohort.us.custodian.tri_party,reference,NONE,NONE,Typed identity or non-causal scope retained for reference.,Early-2006 profile planning index.
profile.early_2006.bernankey,cohort.us.dealer.non_primary,reference,NONE,NONE,Typed identity or non-causal scope retained for reference.,Early-2006 profile planning index.
profile.early_2006.bernankey,cohort.us.dealer.primary,slice_candidate,cohort.us.dealer.primary,Dealer capacity is active.,Constrains executable demand and owns the dealer accounts.,12-structure-outline-bernankey-mvp-cycle.md:299-319
profile.early_2006.bernankey,cohort.us.fund.money_market_complex,reference,NONE,NONE,Typed identity or non-causal scope retained for reference.,Early-2006 profile planning index.
profile.early_2006.bernankey,cohort.us.fund.small_hedge,reference,NONE,NONE,Typed identity or non-causal scope retained for reference.,Early-2006 profile planning index.
profile.early_2006.bernankey,cohort.us.insurer,reference,NONE,NONE,Typed identity or non-causal scope retained for reference.,Early-2006 profile planning index.
profile.early_2006.bernankey,cohort.us.insurer.regional,reference,NONE,NONE,Typed identity or non-causal scope retained for reference.,Early-2006 profile planning index.
profile.early_2006.bernankey,cohort.us.pension,reference,NONE,NONE,Typed identity or non-causal scope retained for reference.,Early-2006 profile planning index.
profile.early_2006.bernankey,cohort.us.petroleum_producers,excluded,NONE,NONE,Authored for the 1979 profile; not reviewed for 2006.,doc:mandate.m4-proving-lens
profile.early_2006.bernankey,facility.central_bank.swap_lines,reference,NONE,NONE,Typed identity or non-causal scope retained for reference.,Early-2006 profile planning index.
profile.early_2006.bernankey,facility.fima_repo,reference,NONE,NONE,Typed identity or non-causal scope retained for reference.,Early-2006 profile planning index.
profile.early_2006.bernankey,facility.us.federal_reserve.discount_window,slice_candidate,NONE,Future manifest selection plus effective-period initialization.,Dependency-closed Treasury-duration or secured-funding candidate.,Early-2006 profile planning index.
profile.early_2006.bernankey,facility.us.federal_reserve.fima_repo,reference,NONE,NONE,Typed identity or non-causal scope retained for reference.,Early-2006 profile planning index.
profile.early_2006.bernankey,facility.us.federal_reserve.rrp,reference,NONE,NONE,Typed identity or non-causal scope retained for reference.,Early-2006 profile planning index.
profile.early_2006.bernankey,facility.us.federal_reserve.section_13_3,reference,NONE,NONE,Typed identity or non-causal scope retained for reference.,Early-2006 profile planning index.
profile.early_2006.bernankey,facility.us.federal_reserve.srf,reference,NONE,NONE,Typed identity or non-causal scope retained for reference.,Early-2006 profile planning index.
profile.early_2006.bernankey,federated.euro_area,reference,NONE,NONE,Typed identity or non-causal scope retained for reference.,Early-2006 profile planning index.
profile.early_2006.bernankey,federation.us.federal_reserve,reference,NONE,NONE,Typed identity or non-causal scope retained for reference.,Early-2006 profile planning index.
profile.early_2006.bernankey,firm.iq.inoc,excluded,NONE,NONE,Authored for the 1979 profile; not reviewed for 2006.,doc:mandate.m4-proving-lens
profile.early_2006.bernankey,firm.ir.nioc,excluded,NONE,NONE,Authored for the 1979 profile; not reviewed for 2006.,doc:mandate.m4-proving-lens
profile.early_2006.bernankey,firm.kw.koc,excluded,NONE,NONE,Authored for the 1979 profile; not reviewed for 2006.,doc:mandate.m4-proving-lens
profile.early_2006.bernankey,firm.sa.aramco,excluded,NONE,NONE,Authored for the 1979 profile; not reviewed for 2006.,doc:mandate.m4-proving-lens
profile.early_2006.bernankey,firm.sa.saudi_aramco,reserve,adapter.external.gulf_exporters,Distinct modeled authority or balance-sheet action; independently researched opening state and history; interface-compatible transmissions; complete named-plus-residual reconciliation.,Thin foreign candidate retained without synthetic regional state.,Early-2006 profile planning index.
profile.early_2006.bernankey,firm.uk.bnoc,excluded,NONE,NONE,Authored for the 1979 profile; not reviewed for 2006.,doc:mandate.m4-proving-lens
profile.early_2006.bernankey,firm.ve.pdvsa,excluded,NONE,NONE,Authored for the 1979 profile; not reviewed for 2006.,doc:mandate.m4-proving-lens
profile.early_2006.bernankey,generator.chokepoint_blockage,reference,NONE,NONE,Typed identity or non-causal scope retained for reference.,Early-2006 profile planning index.
profile.early_2006.bernankey,generator.climate.amazon_basin,reserve,adapter.external.external_world,"Source-backed opening state, covered probes, and named-plus-residual reconciliation.",Rich regional content is reserved for composition and future promotion.,Early-2006 profile planning index.
profile.early_2006.bernankey,generator.cyber,reference,NONE,NONE,Typed identity or non-causal scope retained for reference.,Early-2006 profile planning index.
profile.early_2006.bernankey,generator.drought,reference,NONE,NONE,Typed identity or non-causal scope retained for reference.,Early-2006 profile planning index.
profile.early_2006.bernankey,generator.gaffe_leak,reference,NONE,NONE,Typed identity or non-causal scope retained for reference.,Early-2006 profile planning index.
profile.early_2006.bernankey,generator.geological,reference,NONE,NONE,Typed identity or non-causal scope retained for reference.,Early-2006 profile planning index.
profile.early_2006.bernankey,generator.outbreak,reference,NONE,NONE,Typed identity or non-causal scope retained for reference.,Early-2006 profile planning index.
profile.early_2006.bernankey,generator.statistical_release_failure,reference,NONE,NONE,Typed identity or non-causal scope retained for reference.,Early-2006 profile planning index.
profile.early_2006.bernankey,generator.technological_breakthrough,reference,NONE,NONE,Typed identity or non-causal scope retained for reference.,Early-2006 profile planning index.
profile.early_2006.bernankey,generator.weather,reference,NONE,NONE,Typed identity or non-causal scope retained for reference.,Early-2006 profile planning index.
profile.early_2006.bernankey,generator.wildfire,reference,NONE,NONE,Typed identity or non-causal scope retained for reference.,Early-2006 profile planning index.
profile.early_2006.bernankey,household.us.cohorts,reference,NONE,NONE,Typed identity or non-causal scope retained for reference.,Early-2006 profile planning index.
profile.early_2006.bernankey,industry.amazon_basin.coffee,reserve,adapter.external.external_world,"Source-backed opening state, covered probes, and named-plus-residual reconciliation.",Rich regional content is reserved for composition and future promotion.,Early-2006 profile planning index.
profile.early_2006.bernankey,industry.amazon_basin.forestry,reserve,adapter.external.external_world,"Source-backed opening state, covered probes, and named-plus-residual reconciliation.",Rich regional content is reserved for composition and future promotion.,Early-2006 profile planning index.
profile.early_2006.bernankey,industry.amazon_basin.pork,reserve,adapter.external.external_world,"Source-backed opening state, covered probes, and named-plus-residual reconciliation.",Rich regional content is reserved for composition and future promotion.,Early-2006 profile planning index.
profile.early_2006.bernankey,industry.arabian_peninsula.gas,reserve,adapter.external.gulf_exporters,"Source-backed opening state, covered probes, and named-plus-residual reconciliation.",Rich regional content is reserved for composition and future promotion.,Early-2006 profile planning index.
profile.early_2006.bernankey,industry.arabian_peninsula.petroleum,reserve,adapter.external.gulf_exporters,"Source-backed opening state, covered probes, and named-plus-residual reconciliation.",Rich regional content is reserved for composition and future promotion.,Early-2006 profile planning index.
profile.early_2006.bernankey,industry.caucasus.petroleum,reserve,adapter.external.emerging_markets,"Source-backed opening state, covered probes, and named-plus-residual reconciliation.",Rich regional content is reserved for composition and future promotion.,Early-2006 profile planning index.
profile.early_2006.bernankey,industry.congo_basin.forestry,reserve,adapter.external.external_world,"Source-backed opening state, covered probes, and named-plus-residual reconciliation.",Rich regional content is reserved for composition and future promotion.,Early-2006 profile planning index.
profile.early_2006.bernankey,industry.drc.copper_cobalt,reserve,adapter.external.external_world,"Source-backed opening state, covered probes, and named-plus-residual reconciliation.",Rich regional content is reserved for composition and future promotion.,Early-2006 profile planning index.
profile.early_2006.bernankey,industry.sa.coffee.aggregate,reserve,adapter.external.external_world,"Source-backed opening state, covered probes, and named-plus-residual reconciliation.",Rich regional content is reserved for composition and future promotion.,Early-2006 profile planning index.
profile.early_2006.bernankey,industry.sa.forestry.aggregate,reserve,adapter.external.external_world,"Source-backed opening state, covered probes, and named-plus-residual reconciliation.",Rich regional content is reserved for composition and future promotion.,Early-2006 profile planning index.
profile.early_2006.bernankey,industry.sa.pork.aggregate,reserve,adapter.external.external_world,"Source-backed opening state, covered probes, and named-plus-residual reconciliation.",Rich regional content is reserved for composition and future promotion.,Early-2006 profile planning index.
profile.early_2006.bernankey,inst.global.bis,reference,NONE,NONE,Typed identity or non-causal scope retained for reference.,Early-2006 profile planning index.
profile.early_2006.bernankey,inst.global.imf,reference,NONE,NONE,Typed identity or non-causal scope retained for reference.,Early-2006 profile planning index.
profile.early_2006.bernankey,inst.global.settlement.cls,reference,NONE,NONE,Typed identity or non-causal scope retained for reference.,Early-2006 profile planning index.
profile.early_2006.bernankey,inst.us.bank.burrow,slice_candidate,NONE,Future manifest selection plus effective-period initialization.,Dependency-closed Treasury-duration or secured-funding candidate.,Early-2006 profile planning index.
profile.early_2006.bernankey,inst.us.clearing.cme,reference,NONE,NONE,Typed identity or non-causal scope retained for reference.,Early-2006 profile planning index.
profile.early_2006.bernankey,inst.us.clearing.ficc,slice_candidate,NONE,Future manifest selection plus effective-period initialization.,Dependency-closed Treasury-duration or secured-funding candidate.,Early-2006 profile planning index.
profile.early_2006.bernankey,inst.us.cme,reference,NONE,NONE,Typed identity or non-causal scope retained for reference.,Early-2006 profile planning index.
profile.early_2006.bernankey,inst.us.depository.dtcc,reference,NONE,NONE,Typed identity or non-causal scope retained for reference.,Early-2006 profile planning index.
profile.early_2006.bernankey,inst.us.federal_reserve.board,slice_candidate,NONE,Future manifest selection plus effective-period initialization.,Dependency-closed Treasury-duration or secured-funding candidate.,Early-2006 profile planning index.
profile.early_2006.bernankey,inst.us.federal_reserve.new_york,reference,NONE,NONE,Typed identity or non-causal scope retained for reference.,Early-2006 profile planning index.
profile.early_2006.bernankey,inst.us.federal_reserve.reserve_banks_other,reference,NONE,NONE,Typed identity or non-causal scope retained for reference.,Early-2006 profile planning index.
profile.early_2006.bernankey,inst.us.fhlb.system,reference,NONE,NONE,Typed identity or non-causal scope retained for reference.,Early-2006 profile planning index.
profile.early_2006.bernankey,inst.us.ficc,reference,NONE,NONE,Typed identity or non-causal scope retained for reference.,Early-2006 profile planning index.
profile.early_2006.bernankey,inst.us.fund.macro_fund_7,reference,NONE,NONE,Typed identity or non-causal scope retained for reference.,Early-2006 profile planning index.
profile.early_2006.bernankey,inst.us.fund.pamplona_brothers,reference,NONE,NONE,Typed identity or non-causal scope retained for reference.,Early-2006 profile planning index.
profile.early_2006.bernankey,inst.us.gse.fannie_mae,reference,NONE,NONE,Typed identity or non-causal scope retained for reference.,Early-2006 profile planning index.
profile.early_2006.bernankey,inst.us.gse.freddie_mac,reference,NONE,NONE,Typed identity or non-causal scope retained for reference.,Early-2006 profile planning index.
profile.early_2006.bernankey,inst.us.leveraged_funds,slice_candidate,inst.us.leveraged_funds,Repo borrower is active.,Converts the witnessed liquidity deficit into a bounded Treasury sale.,12-structure-outline-bernankey-mvp-cycle.md:299-319
profile.early_2006.bernankey,inst.us.primary_dealers,reference,NONE,NONE,Typed identity or non-causal scope retained for reference.,Early-2006 profile planning index.
profile.early_2006.bernankey,inst.us.systemically_important_banks,reference,NONE,NONE,Typed identity or non-causal scope retained for reference.,Early-2006 profile planning index.
profile.early_2006.bernankey,inst.us.treasury,slice_candidate,NONE,Future manifest selection plus effective-period initialization.,Dependency-closed Treasury-duration or secured-funding candidate.,Early-2006 profile planning index.
profile.early_2006.bernankey,institution.ae.central_bank,reserve,adapter.external.gulf_exporters,Distinct modeled authority or balance-sheet action; independently researched opening state and history; interface-compatible transmissions; complete named-plus-residual reconciliation.,Thin foreign candidate retained without synthetic regional state.,Early-2006 profile planning index.
profile.early_2006.bernankey,institution.ae.energy_companies,reserve,adapter.external.gulf_exporters,Distinct modeled authority or balance-sheet action; independently researched opening state and history; interface-compatible transmissions; complete named-plus-residual reconciliation.,Thin foreign candidate retained without synthetic regional state.,Early-2006 profile planning index.
profile.early_2006.bernankey,institution.ae.sovereign_funds,reserve,adapter.external.gulf_exporters,Distinct modeled authority or balance-sheet action; independently researched opening state and history; interface-compatible transmissions; complete named-plus-residual reconciliation.,Thin foreign candidate retained without synthetic regional state.,Early-2006 profile planning index.
profile.early_2006.bernankey,institution.bis,reference,NONE,NONE,Typed identity or non-causal scope retained for reference.,Early-2006 profile planning index.
profile.early_2006.bernankey,institution.cn.military,reserve,adapter.external.china,Distinct modeled authority or balance-sheet action; independently researched opening state and history; interface-compatible transmissions; complete named-plus-residual reconciliation.,Thin foreign candidate retained without synthetic regional state.,Early-2006 profile planning index.
profile.early_2006.bernankey,institution.cn.party_leadership,reserve,adapter.external.china,Distinct modeled authority or balance-sheet action; independently researched opening state and history; interface-compatible transmissions; complete named-plus-residual reconciliation.,Thin foreign candidate retained without synthetic regional state.,Early-2006 profile planning index.
profile.early_2006.bernankey,institution.cn.pboc,reserve,adapter.external.china,Distinct modeled authority or balance-sheet action; independently researched opening state and history; interface-compatible transmissions; complete named-plus-residual reconciliation.,Thin foreign candidate retained without synthetic regional state.,Early-2006 profile planning index.
profile.early_2006.bernankey,institution.cn.policy_banks,reserve,adapter.external.china,Distinct modeled authority or balance-sheet action; independently researched opening state and history; interface-compatible transmissions; complete named-plus-residual reconciliation.,Thin foreign candidate retained without synthetic regional state.,Early-2006 profile planning index.
profile.early_2006.bernankey,institution.cn.safe,reserve,adapter.external.china,Distinct modeled authority or balance-sheet action; independently researched opening state and history; interface-compatible transmissions; complete named-plus-residual reconciliation.,Thin foreign candidate retained without synthetic regional state.,Early-2006 profile planning index.
profile.early_2006.bernankey,institution.cn.state_council,reserve,adapter.external.china,Distinct modeled authority or balance-sheet action; independently researched opening state and history; interface-compatible transmissions; complete named-plus-residual reconciliation.,Thin foreign candidate retained without synthetic regional state.,Early-2006 profile planning index.
profile.early_2006.bernankey,institution.de.government,reserve,adapter.external.euro_area,Distinct modeled authority or balance-sheet action; independently researched opening state and history; interface-compatible transmissions; complete named-plus-residual reconciliation.,Thin foreign candidate retained without synthetic regional state.,Early-2006 profile planning index.
profile.early_2006.bernankey,institution.eu.commission,reserve,adapter.external.euro_area,Distinct modeled authority or balance-sheet action; independently researched opening state and history; interface-compatible transmissions; complete named-plus-residual reconciliation.,Thin foreign candidate retained without synthetic regional state.,Early-2006 profile planning index.
profile.early_2006.bernankey,institution.eu.ecb,reserve,adapter.external.euro_area,Distinct modeled authority or balance-sheet action; independently researched opening state and history; interface-compatible transmissions; complete named-plus-residual reconciliation.,Thin foreign candidate retained without synthetic regional state.,Early-2006 profile planning index.
profile.early_2006.bernankey,institution.eu.member_governments,reserve,adapter.external.euro_area,Distinct modeled authority or balance-sheet action; independently researched opening state and history; interface-compatible transmissions; complete named-plus-residual reconciliation.,Thin foreign candidate retained without synthetic regional state.,Early-2006 profile planning index.
profile.early_2006.bernankey,institution.eu.national_central_banks,reserve,adapter.external.euro_area,Distinct modeled authority or balance-sheet action; independently researched opening state and history; interface-compatible transmissions; complete named-plus-residual reconciliation.,Thin foreign candidate retained without synthetic regional state.,Early-2006 profile planning index.
profile.early_2006.bernankey,institution.fr.government,reserve,adapter.external.euro_area,Distinct modeled authority or balance-sheet action; independently researched opening state and history; interface-compatible transmissions; complete named-plus-residual reconciliation.,Thin foreign candidate retained without synthetic regional state.,Early-2006 profile planning index.
profile.early_2006.bernankey,institution.il.bank_of_israel,reserve,adapter.external.emerging_markets,Distinct modeled authority or balance-sheet action; independently researched opening state and history; interface-compatible transmissions; complete named-plus-residual reconciliation.,Thin foreign candidate retained without synthetic regional state.,Early-2006 profile planning index.
profile.early_2006.bernankey,institution.il.security,reserve,adapter.external.emerging_markets,Distinct modeled authority or balance-sheet action; independently researched opening state and history; interface-compatible transmissions; complete named-plus-residual reconciliation.,Thin foreign candidate retained without synthetic regional state.,Early-2006 profile planning index.
profile.early_2006.bernankey,institution.imf,reference,NONE,NONE,Typed identity or non-causal scope retained for reference.,Early-2006 profile planning index.
profile.early_2006.bernankey,institution.iq.central_bank,excluded,NONE,NONE,Authored for the 1979 profile; not reviewed for 2006.,doc:mandate.m4-proving-lens
profile.early_2006.bernankey,institution.iq.finance_ministry,excluded,NONE,NONE,Authored for the 1979 profile; not reviewed for 2006.,doc:mandate.m4-proving-lens
profile.early_2006.bernankey,institution.iq.foreign_ministry,excluded,NONE,NONE,Authored for the 1979 profile; not reviewed for 2006.,doc:mandate.m4-proving-lens
profile.early_2006.bernankey,institution.iq.oil_ministry,excluded,NONE,NONE,Authored for the 1979 profile; not reviewed for 2006.,doc:mandate.m4-proving-lens
profile.early_2006.bernankey,institution.iq.revolutionary_command_council,excluded,NONE,NONE,Authored for the 1979 profile; not reviewed for 2006.,doc:mandate.m4-proving-lens
profile.early_2006.bernankey,institution.ir.central_bank,reserve,adapter.external.emerging_markets,Distinct modeled authority or balance-sheet action; independently researched opening state and history; interface-compatible transmissions; complete named-plus-residual reconciliation.,Thin foreign candidate retained without synthetic regional state.,Early-2006 profile planning index.
profile.early_2006.bernankey,institution.ir.finance_ministry,excluded,NONE,NONE,Authored for the 1979 profile; not reviewed for 2006.,doc:mandate.m4-proving-lens
profile.early_2006.bernankey,institution.ir.foreign_ministry,excluded,NONE,NONE,Authored for the 1979 profile; not reviewed for 2006.,doc:mandate.m4-proving-lens
profile.early_2006.bernankey,institution.ir.interim_government,excluded,NONE,NONE,Authored for the 1979 profile; not reviewed for 2006.,doc:mandate.m4-proving-lens
profile.early_2006.bernankey,institution.ir.irgc,reserve,adapter.external.emerging_markets,Distinct modeled authority or balance-sheet action; independently researched opening state and history; interface-compatible transmissions; complete named-plus-residual reconciliation.,Thin foreign candidate retained without synthetic regional state.,Early-2006 profile planning index.
profile.early_2006.bernankey,institution.ir.oil,reserve,adapter.external.emerging_markets,Distinct modeled authority or balance-sheet action; independently researched opening state and history; interface-compatible transmissions; complete named-plus-residual reconciliation.,Thin foreign candidate retained without synthetic regional state.,Early-2006 profile planning index.
profile.early_2006.bernankey,institution.it.government,reserve,adapter.external.euro_area,Distinct modeled authority or balance-sheet action; independently researched opening state and history; interface-compatible transmissions; complete named-plus-residual reconciliation.,Thin foreign candidate retained without synthetic regional state.,Early-2006 profile planning index.
profile.early_2006.bernankey,institution.jp.boj,reserve,adapter.external.japan,Distinct modeled authority or balance-sheet action; independently researched opening state and history; interface-compatible transmissions; complete named-plus-residual reconciliation.,Thin foreign candidate retained without synthetic regional state.,Early-2006 profile planning index.
profile.early_2006.bernankey,institution.jp.foreign_ministry,excluded,NONE,NONE,Authored for the 1979 profile; not reviewed for 2006.,doc:mandate.m4-proving-lens
profile.early_2006.bernankey,institution.jp.jnoc,excluded,NONE,NONE,Authored for the 1979 profile; not reviewed for 2006.,doc:mandate.m4-proving-lens
profile.early_2006.bernankey,institution.jp.miti,excluded,NONE,NONE,Authored for the 1979 profile; not reviewed for 2006.,doc:mandate.m4-proving-lens
profile.early_2006.bernankey,institution.jp.mof,reserve,adapter.external.japan,Distinct modeled authority or balance-sheet action; independently researched opening state and history; interface-compatible transmissions; complete named-plus-residual reconciliation.,Thin foreign candidate retained without synthetic regional state.,Early-2006 profile planning index.
profile.early_2006.bernankey,institution.kw.central_bank,excluded,NONE,NONE,Authored for the 1979 profile; not reviewed for 2006.,doc:mandate.m4-proving-lens
profile.early_2006.bernankey,institution.kw.council_of_ministers,excluded,NONE,NONE,Authored for the 1979 profile; not reviewed for 2006.,doc:mandate.m4-proving-lens
profile.early_2006.bernankey,institution.kw.finance_ministry,excluded,NONE,NONE,Authored for the 1979 profile; not reviewed for 2006.,doc:mandate.m4-proving-lens
profile.early_2006.bernankey,institution.kw.foreign_ministry,excluded,NONE,NONE,Authored for the 1979 profile; not reviewed for 2006.,doc:mandate.m4-proving-lens
profile.early_2006.bernankey,institution.kw.oil_ministry,excluded,NONE,NONE,Authored for the 1979 profile; not reviewed for 2006.,doc:mandate.m4-proving-lens
profile.early_2006.bernankey,institution.media.aftv,reference,NONE,NONE,Typed identity or non-causal scope retained for reference.,Early-2006 profile planning index.
profile.early_2006.bernankey,institution.media.gnbc,reference,NONE,NONE,Typed identity or non-causal scope retained for reference.,Early-2006 profile planning index.
profile.early_2006.bernankey,institution.media.honkbox,reference,NONE,NONE,Typed identity or non-causal scope retained for reference.,Early-2006 profile planning index.
profile.early_2006.bernankey,institution.media.loonberg,reference,NONE,NONE,Typed identity or non-causal scope retained for reference.,Early-2006 profile planning index.
profile.early_2006.bernankey,institution.media.wool_street_journal,reference,NONE,NONE,Typed identity or non-causal scope retained for reference.,Early-2006 profile planning index.
profile.early_2006.bernankey,institution.qa.central_bank,reserve,adapter.external.gulf_exporters,Distinct modeled authority or balance-sheet action; independently researched opening state and history; interface-compatible transmissions; complete named-plus-residual reconciliation.,Thin foreign candidate retained without synthetic regional state.,Early-2006 profile planning index.
profile.early_2006.bernankey,institution.qa.energy_companies,reserve,adapter.external.gulf_exporters,Distinct modeled authority or balance-sheet action; independently researched opening state and history; interface-compatible transmissions; complete named-plus-residual reconciliation.,Thin foreign candidate retained without synthetic regional state.,Early-2006 profile planning index.
profile.early_2006.bernankey,institution.qa.sovereign_funds,reserve,adapter.external.gulf_exporters,Distinct modeled authority or balance-sheet action; independently researched opening state and history; interface-compatible transmissions; complete named-plus-residual reconciliation.,Thin foreign candidate retained without synthetic regional state.,Early-2006 profile planning index.
profile.early_2006.bernankey,institution.ru.central_bank,reserve,adapter.external.russia,Distinct modeled authority or balance-sheet action; independently researched opening state and history; interface-compatible transmissions; complete named-plus-residual reconciliation.,Thin foreign candidate retained without synthetic regional state.,Early-2006 profile planning index.
profile.early_2006.bernankey,institution.ru.presidency,reserve,adapter.external.russia,Distinct modeled authority or balance-sheet action; independently researched opening state and history; interface-compatible transmissions; complete named-plus-residual reconciliation.,Thin foreign candidate retained without synthetic regional state.,Early-2006 profile planning index.
profile.early_2006.bernankey,institution.ru.security,reserve,adapter.external.russia,Distinct modeled authority or balance-sheet action; independently researched opening state and history; interface-compatible transmissions; complete named-plus-residual reconciliation.,Thin foreign candidate retained without synthetic regional state.,Early-2006 profile planning index.
profile.early_2006.bernankey,institution.sa.council_of_ministers,excluded,NONE,NONE,Authored for the 1979 profile; not reviewed for 2006.,doc:mandate.m4-proving-lens
profile.early_2006.bernankey,institution.sa.energy_ministry,reserve,adapter.external.gulf_exporters,Distinct modeled authority or balance-sheet action; independently researched opening state and history; interface-compatible transmissions; complete named-plus-residual reconciliation.,Thin foreign candidate retained without synthetic regional state.,Early-2006 profile planning index.
profile.early_2006.bernankey,institution.sa.finance_ministry,excluded,NONE,NONE,Authored for the 1979 profile; not reviewed for 2006.,doc:mandate.m4-proving-lens
profile.early_2006.bernankey,institution.sa.foreign_ministry,excluded,NONE,NONE,Authored for the 1979 profile; not reviewed for 2006.,doc:mandate.m4-proving-lens
profile.early_2006.bernankey,institution.sa.sama,reserve,adapter.external.gulf_exporters,Distinct modeled authority or balance-sheet action; independently researched opening state and history; interface-compatible transmissions; complete named-plus-residual reconciliation.,Thin foreign candidate retained without synthetic regional state.,Early-2006 profile planning index.
profile.early_2006.bernankey,institution.sa.sovereign_funds,reserve,adapter.external.gulf_exporters,Distinct modeled authority or balance-sheet action; independently researched opening state and history; interface-compatible transmissions; complete named-plus-residual reconciliation.,Thin foreign candidate retained without synthetic regional state.,Early-2006 profile planning index.
profile.early_2006.bernankey,institution.sg.mas,reserve,adapter.external.offshore_asia,Distinct modeled authority or balance-sheet action; independently researched opening state and history; interface-compatible transmissions; complete named-plus-residual reconciliation.,Thin foreign candidate retained without synthetic regional state.,Early-2006 profile planning index.
profile.early_2006.bernankey,institution.sg.shipping,reserve,adapter.external.offshore_asia,Distinct modeled authority or balance-sheet action; independently researched opening state and history; interface-compatible transmissions; complete named-plus-residual reconciliation.,Thin foreign candidate retained without synthetic regional state.,Early-2006 profile planning index.
profile.early_2006.bernankey,institution.sg.sovereign_funds,reserve,adapter.external.offshore_asia,Distinct modeled authority or balance-sheet action; independently researched opening state and history; interface-compatible transmissions; complete named-plus-residual reconciliation.,Thin foreign candidate retained without synthetic regional state.,Early-2006 profile planning index.
profile.early_2006.bernankey,institution.su.council_of_ministers,excluded,NONE,NONE,Authored for the 1979 profile; not reviewed for 2006.,doc:mandate.m4-proving-lens
profile.early_2006.bernankey,institution.su.finance_ministry,excluded,NONE,NONE,Authored for the 1979 profile; not reviewed for 2006.,doc:mandate.m4-proving-lens
profile.early_2006.bernankey,institution.su.foreign_ministry,excluded,NONE,NONE,Authored for the 1979 profile; not reviewed for 2006.,doc:mandate.m4-proving-lens
profile.early_2006.bernankey,institution.su.gosbank,excluded,NONE,NONE,Authored for the 1979 profile; not reviewed for 2006.,doc:mandate.m4-proving-lens
profile.early_2006.bernankey,institution.su.gosplan,excluded,NONE,NONE,Authored for the 1979 profile; not reviewed for 2006.,doc:mandate.m4-proving-lens
profile.early_2006.bernankey,institution.su.oil_ministry,excluded,NONE,NONE,Authored for the 1979 profile; not reviewed for 2006.,doc:mandate.m4-proving-lens
profile.early_2006.bernankey,institution.uk.boe,reserve,adapter.external.united_kingdom,Distinct modeled authority or balance-sheet action; independently researched opening state and history; interface-compatible transmissions; complete named-plus-residual reconciliation.,Thin foreign candidate retained without synthetic regional state.,Early-2006 profile planning index.
profile.early_2006.bernankey,institution.uk.department_of_energy,excluded,NONE,NONE,Authored for the 1979 profile; not reviewed for 2006.,doc:mandate.m4-proving-lens
profile.early_2006.bernankey,institution.uk.dmo,reserve,adapter.external.united_kingdom,Distinct modeled authority or balance-sheet action; independently researched opening state and history; interface-compatible transmissions; complete named-plus-residual reconciliation.,Thin foreign candidate retained without synthetic regional state.,Early-2006 profile planning index.
profile.early_2006.bernankey,institution.uk.foreign_office,excluded,NONE,NONE,Authored for the 1979 profile; not reviewed for 2006.,doc:mandate.m4-proving-lens
profile.early_2006.bernankey,institution.uk.government,reserve,adapter.external.united_kingdom,Distinct modeled authority or balance-sheet action; independently researched opening state and history; interface-compatible transmissions; complete named-plus-residual reconciliation.,Thin foreign candidate retained without synthetic regional state.,Early-2006 profile planning index.
profile.early_2006.bernankey,institution.uk.treasury,excluded,NONE,NONE,Authored for the 1979 profile; not reviewed for 2006.,doc:mandate.m4-proving-lens
profile.early_2006.bernankey,institution.us.american.bankers.association,reference,NONE,NONE,Typed identity or non-causal scope retained for reference.,Early-2006 profile planning index.
profile.early_2006.bernankey,institution.us.bank.policy.institute,reference,NONE,NONE,Typed identity or non-causal scope retained for reference.,Early-2006 profile planning index.
profile.early_2006.bernankey,institution.us.bea,reference,NONE,NONE,Typed identity or non-causal scope retained for reference.,Early-2006 profile planning index.
profile.early_2006.bernankey,institution.us.bls,reference,NONE,NONE,Typed identity or non-causal scope retained for reference.,Early-2006 profile planning index.
profile.early_2006.bernankey,institution.us.chamber.of.commerce,reference,NONE,NONE,Typed identity or non-causal scope retained for reference.,Early-2006 profile planning index.
profile.early_2006.bernankey,institution.us.community.reinvestment.advocates,reference,NONE,NONE,Typed identity or non-causal scope retained for reference.,Early-2006 profile planning index.
profile.early_2006.bernankey,institution.us.consumer.finance.advocates,reference,NONE,NONE,Typed identity or non-causal scope retained for reference.,Early-2006 profile planning index.
profile.early_2006.bernankey,institution.us.department_of_energy,excluded,NONE,NONE,Authored for the 1979 profile; not reviewed for 2006.,doc:mandate.m4-proving-lens
profile.early_2006.bernankey,institution.us.farm.bureau.analogue,reference,NONE,NONE,Typed identity or non-causal scope retained for reference.,Early-2006 profile planning index.
profile.early_2006.bernankey,institution.us.homebuilders,reference,NONE,NONE,Typed identity or non-causal scope retained for reference.,Early-2006 profile planning index.
profile.early_2006.bernankey,institution.us.independent.community.bankers,reference,NONE,NONE,Typed identity or non-causal scope retained for reference.,Early-2006 profile planning index.
profile.early_2006.bernankey,institution.us.investment.company.institute.analogue,reference,NONE,NONE,Typed identity or non-causal scope retained for reference.,Early-2006 profile planning index.
profile.early_2006.bernankey,institution.us.labor.federation,reference,NONE,NONE,Typed identity or non-causal scope retained for reference.,Early-2006 profile planning index.
profile.early_2006.bernankey,institution.us.managed.funds.association,reference,NONE,NONE,Typed identity or non-causal scope retained for reference.,Early-2006 profile planning index.
profile.early_2006.bernankey,institution.us.member.unions,reference,NONE,NONE,Typed identity or non-causal scope retained for reference.,Early-2006 profile planning index.
profile.early_2006.bernankey,institution.us.mortgage.bankers,reference,NONE,NONE,Typed identity or non-causal scope retained for reference.,Early-2006 profile planning index.
profile.early_2006.bernankey,institution.us.new_york_fed,slice_candidate,NONE,Future manifest selection plus effective-period initialization.,Dependency-closed Treasury-duration or secured-funding candidate.,Early-2006 profile planning index.
profile.early_2006.bernankey,institution.us.policy.institutes,reference,NONE,NONE,Typed identity or non-causal scope retained for reference.,Early-2006 profile planning index.
profile.early_2006.bernankey,institution.us.presidency,excluded,NONE,NONE,Authored for the 1979 profile; not reviewed for 2006.,doc:mandate.m4-proving-lens
profile.early_2006.bernankey,institution.us.realtors,reference,NONE,NONE,Typed identity or non-causal scope retained for reference.,Early-2006 profile planning index.
profile.early_2006.bernankey,institution.us.retiree.association.aarp.analogue,reference,NONE,NONE,Typed identity or non-causal scope retained for reference.,Early-2006 profile planning index.
profile.early_2006.bernankey,institution.us.securities.industry.association,reference,NONE,NONE,Typed identity or non-causal scope retained for reference.,Early-2006 profile planning index.
profile.early_2006.bernankey,institution.us.small.business.federation,reference,NONE,NONE,Typed identity or non-causal scope retained for reference.,Early-2006 profile planning index.
profile.early_2006.bernankey,institution.us.state_department,excluded,NONE,NONE,Authored for the 1979 profile; not reviewed for 2006.,doc:mandate.m4-proving-lens
profile.early_2006.bernankey,institution.us.think.tanks,reference,NONE,NONE,Typed identity or non-causal scope retained for reference.,Early-2006 profile planning index.
profile.early_2006.bernankey,institution.ve.central_bank,excluded,NONE,NONE,Authored for the 1979 profile; not reviewed for 2006.,doc:mandate.m4-proving-lens
profile.early_2006.bernankey,institution.ve.energy_mines_ministry,excluded,NONE,NONE,Authored for the 1979 profile; not reviewed for 2006.,doc:mandate.m4-proving-lens
profile.early_2006.bernankey,institution.ve.finance_ministry,excluded,NONE,NONE,Authored for the 1979 profile; not reviewed for 2006.,doc:mandate.m4-proving-lens
profile.early_2006.bernankey,institution.ve.foreign_ministry,excluded,NONE,NONE,Authored for the 1979 profile; not reviewed for 2006.,doc:mandate.m4-proving-lens
profile.early_2006.bernankey,institution.ve.presidency,excluded,NONE,NONE,Authored for the 1979 profile; not reviewed for 2006.,doc:mandate.m4-proving-lens
profile.early_2006.bernankey,instrument.cross_border.capital_controls,reference,NONE,NONE,Typed identity or non-causal scope retained for reference.,Early-2006 profile planning index.
profile.early_2006.bernankey,legal.us.dodd_frank,reference,NONE,NONE,Typed identity or non-causal scope retained for reference.,Early-2006 profile planning index.
profile.early_2006.bernankey,legal.us.federal_reserve.act.section_12a,reference,NONE,Selected FOMC authority clause is effective.,Statutory source for collective FOMC direction.,Federal Reserve Act section 12A: https://www.federalreserve.gov/aboutthefed/section12a.htm
profile.early_2006.bernankey,legal.us.federal_reserve.act.section_14,reference,NONE,Selected Reserve Bank power clause is effective.,Statutory source for Reserve Bank open-market power.,Federal Reserve Act section 14: https://www.federalreserve.gov/aboutthefed/section14.htm
profile.early_2006.bernankey,legal.us.federal_reserve.domestic_authorization.2006,reference,NONE,Selected domestic authorization is effective.,Delegation source for bounded Desk execution.,Federal Reserve 2006 FOMC historical materials: https://www.federalreserve.gov/monetarypolicy/fomchistorical2006.htm
profile.early_2006.bernankey,legal.us.federal_reserve.fomc_rules.section_3,reference,NONE,Selected voting rule is effective.,Procedure source for collective authorization.,FOMC Rules of Organization: https://www.federalreserve.gov/monetarypolicy/files/fomc_rulesorganization.pdf
profile.early_2006.bernankey,legal.us.federal_reserve.section_13_3,reference,NONE,NONE,Typed identity or non-causal scope retained for reference.,Early-2006 profile planning index.
profile.early_2006.bernankey,market.global.fx_spot_forward_basis,reference,NONE,NONE,Typed identity or non-causal scope retained for reference.,Early-2006 profile planning index.
profile.early_2006.bernankey,market.product.global.coffee,reserve,adapter.external.external_world,"Source-backed opening state, covered probes, and named-plus-residual reconciliation.",Rich regional content is reserved for composition and future promotion.,Early-2006 profile planning index.
profile.early_2006.bernankey,market.product.global.pork,reserve,adapter.external.external_world,"Source-backed opening state, covered probes, and named-plus-residual reconciliation.",Rich regional content is reserved for composition and future promotion.,Early-2006 profile planning index.
profile.early_2006.bernankey,market.product.global.timber,reserve,adapter.external.external_world,"Source-backed opening state, covered probes, and named-plus-residual reconciliation.",Rich regional content is reserved for composition and future promotion.,Early-2006 profile planning index.
profile.early_2006.bernankey,market.us.corporate_bond,reference,NONE,NONE,Typed identity or non-causal scope retained for reference.,Early-2006 profile planning index.
profile.early_2006.bernankey,market.us.equity,slice_candidate,NONE,Future manifest selection plus effective-period initialization.,Dependency-closed Treasury-duration or secured-funding candidate.,Early-2006 profile planning index.
profile.early_2006.bernankey,market.us.fed_funds,slice_candidate,NONE,Future manifest selection plus effective-period initialization.,Dependency-closed Treasury-duration or secured-funding candidate.,Early-2006 profile planning index.
profile.early_2006.bernankey,market.us.mbs_tba,reference,NONE,NONE,Typed identity or non-causal scope retained for reference.,Early-2006 profile planning index.
profile.early_2006.bernankey,market.us.sofr_futures,reference,NONE,NONE,Typed identity or non-causal scope retained for reference.,Early-2006 profile planning index.
profile.early_2006.bernankey,market.us.treasury.auction,reference,NONE,NONE,Typed identity or non-causal scope retained for reference.,Early-2006 profile planning index.
profile.early_2006.bernankey,market.us.treasury.futures,reference,NONE,NONE,Typed identity or non-causal scope retained for reference.,Early-2006 profile planning index.
profile.early_2006.bernankey,market.us.treasury.secondary,slice_candidate,market.us.treasury.secondary,5-10 year Treasury bucket is active.,Owns endogenous price allocation rationing and clearing failure.,12-structure-outline-bernankey-mvp-cycle.md:299-319
profile.early_2006.bernankey,market.us.treasury_futures,slice_candidate,NONE,Future manifest selection plus effective-period initialization.,Dependency-closed Treasury-duration or secured-funding candidate.,Early-2006 profile planning index.
profile.early_2006.bernankey,mechanism.cross_border.chokepoint_shipping,reserve,adapter.external.emerging_markets,Distinct modeled authority or balance-sheet action; independently researched opening state and history; interface-compatible transmissions; complete named-plus-residual reconciliation.,Thin foreign candidate retained without synthetic regional state.,Early-2006 profile planning index.
profile.early_2006.bernankey,mechanism.demand.global.coffee,reserve,adapter.external.external_world,"Source-backed opening state, covered probes, and named-plus-residual reconciliation.",Rich regional content is reserved for composition and future promotion.,Early-2006 profile planning index.
profile.early_2006.bernankey,mechanism.demand.global.pork,reserve,adapter.external.external_world,"Source-backed opening state, covered probes, and named-plus-residual reconciliation.",Rich regional content is reserved for composition and future promotion.,Early-2006 profile planning index.
profile.early_2006.bernankey,mechanism.demand.global.timber,reserve,adapter.external.external_world,"Source-backed opening state, covered probes, and named-plus-residual reconciliation.",Rich regional content is reserved for composition and future promotion.,Early-2006 profile planning index.
profile.early_2006.bernankey,mechanism.export.arabian_peninsula.petroleum,reserve,adapter.external.gulf_exporters,"Source-backed opening state, covered probes, and named-plus-residual reconciliation.",Rich regional content is reserved for composition and future promotion.,Early-2006 profile planning index.
profile.early_2006.bernankey,mechanism.flow.global.coffee,reserve,adapter.external.external_world,"Source-backed opening state, covered probes, and named-plus-residual reconciliation.",Rich regional content is reserved for composition and future promotion.,Early-2006 profile planning index.
profile.early_2006.bernankey,mechanism.flow.global.pork,reserve,adapter.external.external_world,"Source-backed opening state, covered probes, and named-plus-residual reconciliation.",Rich regional content is reserved for composition and future promotion.,Early-2006 profile planning index.
profile.early_2006.bernankey,mechanism.flow.global.timber,reserve,adapter.external.external_world,"Source-backed opening state, covered probes, and named-plus-residual reconciliation.",Rich regional content is reserved for composition and future promotion.,Early-2006 profile planning index.
profile.early_2006.bernankey,mechanism.hydropower.caucasus,reserve,adapter.external.emerging_markets,"Source-backed opening state, covered probes, and named-plus-residual reconciliation.",Rich regional content is reserved for composition and future promotion.,Early-2006 profile planning index.
profile.early_2006.bernankey,mechanism.hydropower.congo_basin,reserve,adapter.external.external_world,"Source-backed opening state, covered probes, and named-plus-residual reconciliation.",Rich regional content is reserved for composition and future promotion.,Early-2006 profile planning index.
profile.early_2006.bernankey,mechanism.measurement.us.consumer_prices,reference,NONE,NONE,Typed identity or non-causal scope retained for reference.,Early-2006 profile planning index.
profile.early_2006.bernankey,mechanism.sector.sa.coffee,reserve,adapter.external.external_world,"Source-backed opening state, covered probes, and named-plus-residual reconciliation.",Rich regional content is reserved for composition and future promotion.,Early-2006 profile planning index.
profile.early_2006.bernankey,mechanism.sector.sa.forestry,reserve,adapter.external.external_world,"Source-backed opening state, covered probes, and named-plus-residual reconciliation.",Rich regional content is reserved for composition and future promotion.,Early-2006 profile planning index.
profile.early_2006.bernankey,mechanism.sector.sa.hog_production,reserve,adapter.external.external_world,"Source-backed opening state, covered probes, and named-plus-residual reconciliation.",Rich regional content is reserved for composition and future promotion.,Early-2006 profile planning index.
profile.early_2006.bernankey,mechanism.transform.global.coffee_roasting,reserve,adapter.external.external_world,"Source-backed opening state, covered probes, and named-plus-residual reconciliation.",Rich regional content is reserved for composition and future promotion.,Early-2006 profile planning index.
profile.early_2006.bernankey,mechanism.transform.global.hogs_slaughter,reserve,adapter.external.external_world,"Source-backed opening state, covered probes, and named-plus-residual reconciliation.",Rich regional content is reserved for composition and future promotion.,Early-2006 profile planning index.
profile.early_2006.bernankey,mechanism.transform.global.timber_milling,reserve,adapter.external.external_world,"Source-backed opening state, covered probes, and named-plus-residual reconciliation.",Rich regional content is reserved for composition and future promotion.,Early-2006 profile planning index.
profile.early_2006.bernankey,mechanism.transit.caucasus.energy,reserve,adapter.external.emerging_markets,"Source-backed opening state, covered probes, and named-plus-residual reconciliation.",Rich regional content is reserved for composition and future promotion.,Early-2006 profile planning index.
profile.early_2006.bernankey,mechanism.transport.drc.minerals,reserve,adapter.external.external_world,"Source-backed opening state, covered probes, and named-plus-residual reconciliation.",Rich regional content is reserved for composition and future promotion.,Early-2006 profile planning index.
profile.early_2006.bernankey,mechanism.us.bank.regional_aggregate,slice_candidate,NONE,Future manifest selection plus effective-period initialization.,Dependency-closed Treasury-duration or secured-funding candidate.,Early-2006 profile planning index.
profile.early_2006.bernankey,mechanism.us.chips,reference,NONE,NONE,Typed identity or non-causal scope retained for reference.,Early-2006 profile planning index.
profile.early_2006.bernankey,mechanism.us.clearing.ficc_repo,slice_candidate,NONE,Future manifest selection plus effective-period initialization.,Dependency-closed Treasury-duration or secured-funding candidate.,Early-2006 profile planning index.
profile.early_2006.bernankey,mechanism.us.external_market_inputs,slice_candidate,NONE,Future manifest selection plus effective-period initialization.,Dependency-closed Treasury-duration or secured-funding candidate.,Early-2006 profile planning index.
profile.early_2006.bernankey,mechanism.us.fedwire.funds,reference,NONE,NONE,Typed identity or non-causal scope retained for reference.,Early-2006 profile planning index.
profile.early_2006.bernankey,mechanism.us.fedwire.securities,reference,NONE,NONE,Typed identity or non-causal scope retained for reference.,Early-2006 profile planning index.
profile.early_2006.bernankey,mechanism.us.ficc.sponsored_gcf_repo,reference,NONE,NONE,Typed identity or non-causal scope retained for reference.,Early-2006 profile planning index.
profile.early_2006.bernankey,mechanism.us.nss,reference,NONE,NONE,Typed identity or non-causal scope retained for reference.,Early-2006 profile planning index.
profile.early_2006.bernankey,mechanism.us.payment.chips,reference,NONE,NONE,Typed identity or non-causal scope retained for reference.,Early-2006 profile planning index.
profile.early_2006.bernankey,mechanism.us.payment.fedwire_funds,slice_candidate,NONE,Future manifest selection plus effective-period initialization.,Dependency-closed Treasury-duration or secured-funding candidate.,Early-2006 profile planning index.
profile.early_2006.bernankey,mechanism.us.repo.tri_party,slice_candidate,NONE,Future manifest selection plus effective-period initialization.,Dependency-closed Treasury-duration or secured-funding candidate.,Early-2006 profile planning index.
profile.early_2006.bernankey,mechanism.us.settlement.fedwire_securities,slice_candidate,NONE,Future manifest selection plus effective-period initialization.,Dependency-closed Treasury-duration or secured-funding candidate.,Early-2006 profile planning index.
profile.early_2006.bernankey,mechanism.us.settlement.nss,reference,NONE,NONE,Typed identity or non-causal scope retained for reference.,Early-2006 profile planning index.
profile.early_2006.bernankey,mechanism.water.arabian_peninsula,reserve,adapter.external.gulf_exporters,"Source-backed opening state, covered probes, and named-plus-residual reconciliation.",Rich regional content is reserved for composition and future promotion.,Early-2006 profile planning index.
profile.early_2006.bernankey,network.media.goosetogetherstrong,reference,NONE,NONE,Typed identity or non-causal scope retained for reference.,Early-2006 profile planning index.
profile.early_2006.bernankey,network.media.honkbox,reference,NONE,NONE,Typed identity or non-causal scope retained for reference.,Early-2006 profile planning index.
profile.early_2006.bernankey,network.media.the_herd,reference,NONE,NONE,Typed identity or non-causal scope retained for reference.,Early-2006 profile planning index.
profile.early_2006.bernankey,office.media.aftv.anchor_chair,reference,NONE,NONE,Typed identity or non-causal scope retained for reference.,Early-2006 profile planning index.
profile.early_2006.bernankey,office.media.gnbc.anchor_chair,reference,NONE,NONE,Typed identity or non-causal scope retained for reference.,Early-2006 profile planning index.
profile.early_2006.bernankey,office.media.wool_street_journal.fed_beat,reference,NONE,NONE,Typed identity or non-causal scope retained for reference.,Early-2006 profile planning index.
profile.early_2006.bernankey,office.us.federal_reserve.board_chair,anchor,NONE,NONE,Player identity or required Chair office for the early-2006 profile.,Early-2006 profile planning index.
profile.early_2006.bernankey,office.us.federal_reserve.chief_of_staff,reference,NONE,NONE,Typed identity or non-causal scope retained for reference.,Early-2006 profile planning index.
profile.early_2006.bernankey,office.us.federal_reserve.division_director,reference,NONE,NONE,Typed identity or non-causal scope retained for reference.,Early-2006 profile planning index.
profile.early_2006.bernankey,office.us.federal_reserve.fomc_chair,anchor,NONE,NONE,Player identity or required Chair office for the early-2006 profile.,Early-2006 profile planning index.
profile.early_2006.bernankey,office.us.federal_reserve.governor,reference,NONE,NONE,Typed identity or non-causal scope retained for reference.,Early-2006 profile planning index.
profile.early_2006.bernankey,office.us.federal_reserve.ny_president,reference,NONE,NONE,Typed identity or non-causal scope retained for reference.,Early-2006 profile planning index.
profile.early_2006.bernankey,office.us.federal_reserve.reserve_bank_president,reference,NONE,NONE,Typed identity or non-causal scope retained for reference.,Early-2006 profile planning index.
profile.early_2006.bernankey,office.us.federal_reserve.vice_chair,reference,NONE,NONE,Typed identity or non-causal scope retained for reference.,Early-2006 profile planning index.
profile.early_2006.bernankey,office.us.federal_reserve.vice_chair_supervision,reference,NONE,NONE,Typed identity or non-causal scope retained for reference.,Early-2006 profile planning index.
profile.early_2006.bernankey,office.us.treasury.secretary,reference,NONE,NONE,Typed identity or non-causal scope retained for reference.,Early-2006 profile planning index.
profile.early_2006.bernankey,organization.us.agricultural.producers,reference,NONE,NONE,Typed identity or non-causal scope retained for reference.,Early-2006 profile planning index.
profile.early_2006.bernankey,organization.us.all.banks,reference,NONE,NONE,Typed identity or non-causal scope retained for reference.,Early-2006 profile planning index.
profile.early_2006.bernankey,organization.us.asset.managers,reference,NONE,NONE,Typed identity or non-causal scope retained for reference.,Early-2006 profile planning index.
profile.early_2006.bernankey,organization.us.business.generally,reference,NONE,NONE,Typed identity or non-causal scope retained for reference.,Early-2006 profile planning index.
profile.early_2006.bernankey,organization.us.community.banks.credit.unions,reference,NONE,NONE,Typed identity or non-causal scope retained for reference.,Early-2006 profile planning index.
profile.early_2006.bernankey,organization.us.dealers.market.makers,reference,NONE,NONE,Typed identity or non-causal scope retained for reference.,Early-2006 profile planning index.
profile.early_2006.bernankey,organization.us.endowments,reference,NONE,NONE,Typed identity or non-causal scope retained for reference.,Early-2006 profile planning index.
profile.early_2006.bernankey,organization.us.hedge.funds,reference,NONE,NONE,Typed identity or non-causal scope retained for reference.,Early-2006 profile planning index.
profile.early_2006.bernankey,organization.us.homebuilders,reference,NONE,NONE,Typed identity or non-causal scope retained for reference.,Early-2006 profile planning index.
profile.early_2006.bernankey,organization.us.insurers,reference,NONE,NONE,Typed identity or non-causal scope retained for reference.,Early-2006 profile planning index.
profile.early_2006.bernankey,organization.us.large.banks,reference,NONE,NONE,Typed identity or non-causal scope retained for reference.,Early-2006 profile planning index.
profile.early_2006.bernankey,organization.us.money.market.fund.complexes,reference,NONE,NONE,Typed identity or non-causal scope retained for reference.,Early-2006 profile planning index.
profile.early_2006.bernankey,organization.us.money.market.mutual.funds,reference,NONE,NONE,Typed identity or non-causal scope retained for reference.,Early-2006 profile planning index.
profile.early_2006.bernankey,organization.us.mortgage.originators,reference,NONE,NONE,Typed identity or non-causal scope retained for reference.,Early-2006 profile planning index.
profile.early_2006.bernankey,organization.us.municipalities.by.rating.market.access,reference,NONE,NONE,Typed identity or non-causal scope retained for reference.,Early-2006 profile planning index.
profile.early_2006.bernankey,organization.us.nonprimary.broker.dealers,reference,NONE,NONE,Typed identity or non-causal scope retained for reference.,Early-2006 profile planning index.
profile.early_2006.bernankey,organization.us.nonprofits,reference,NONE,NONE,Typed identity or non-causal scope retained for reference.,Early-2006 profile planning index.
profile.early_2006.bernankey,organization.us.payroll.intermediaries,reference,NONE,NONE,Typed identity or non-causal scope retained for reference.,Early-2006 profile planning index.
profile.early_2006.bernankey,organization.us.pensions,reference,NONE,NONE,Typed identity or non-causal scope retained for reference.,Early-2006 profile planning index.
profile.early_2006.bernankey,organization.us.real.estate.agents,reference,NONE,NONE,Typed identity or non-causal scope retained for reference.,Early-2006 profile planning index.
profile.early_2006.bernankey,organization.us.regional.insurers,reference,NONE,NONE,Typed identity or non-causal scope retained for reference.,Early-2006 profile planning index.
profile.early_2006.bernankey,organization.us.small.businesses,reference,NONE,NONE,Typed identity or non-causal scope retained for reference.,Early-2006 profile planning index.
profile.early_2006.bernankey,organization.us.small.firms,reference,NONE,NONE,Typed identity or non-causal scope retained for reference.,Early-2006 profile planning index.
profile.early_2006.bernankey,organization.us.small.hedge.funds,reference,NONE,NONE,Typed identity or non-causal scope retained for reference.,Early-2006 profile planning index.
profile.early_2006.bernankey,organization_cohort.market.credit_rating_agencies,reference,NONE,NONE,Typed identity or non-causal scope retained for reference.,Early-2006 profile planning index.
profile.early_2006.bernankey,outlet.media.aftv,reference,NONE,NONE,Typed identity or non-causal scope retained for reference.,Early-2006 profile planning index.
profile.early_2006.bernankey,outlet.media.gnbc,reference,NONE,NONE,Typed identity or non-causal scope retained for reference.,Early-2006 profile planning index.
profile.early_2006.bernankey,outlet.media.loonberg,reference,NONE,NONE,Typed identity or non-causal scope retained for reference.,Early-2006 profile planning index.
profile.early_2006.bernankey,outlet.media.wool_street_journal,reference,NONE,NONE,Typed identity or non-causal scope retained for reference.,Early-2006 profile planning index.
profile.early_2006.bernankey,person.cn.pboc_governor,reference,NONE,NONE,Typed identity or non-causal scope retained for reference.,Early-2006 profile planning index.
profile.early_2006.bernankey,person.cn.safe_head,reference,NONE,NONE,Typed identity or non-causal scope retained for reference.,Early-2006 profile planning index.
profile.early_2006.bernankey,person.cn.xi,reference,NONE,NONE,Typed identity or non-causal scope retained for reference.,Early-2006 profile planning index.
profile.early_2006.bernankey,person.eu.ecb_president,reference,NONE,NONE,Typed identity or non-causal scope retained for reference.,Early-2006 profile planning index.
profile.early_2006.bernankey,person.il.boi_governor,reference,NONE,NONE,Typed identity or non-causal scope retained for reference.,Early-2006 profile planning index.
profile.early_2006.bernankey,person.il.prime_minister,reference,NONE,NONE,Typed identity or non-causal scope retained for reference.,Early-2006 profile planning index.
profile.early_2006.bernankey,person.ir.central_bank_head,reference,NONE,NONE,Typed identity or non-causal scope retained for reference.,Early-2006 profile planning index.
profile.early_2006.bernankey,person.ir.irgc_head,reference,NONE,NONE,Typed identity or non-causal scope retained for reference.,Early-2006 profile planning index.
profile.early_2006.bernankey,person.ir.president,reference,NONE,NONE,Typed identity or non-causal scope retained for reference.,Early-2006 profile planning index.
profile.early_2006.bernankey,person.ir.supreme_leader,reference,NONE,NONE,Typed identity or non-causal scope retained for reference.,Early-2006 profile planning index.
profile.early_2006.bernankey,person.jp.boj_governor,reference,NONE,NONE,Typed identity or non-causal scope retained for reference.,Early-2006 profile planning index.
profile.early_2006.bernankey,person.jp.mof_international_affairs_vice_minister,reference,NONE,NONE,Typed identity or non-causal scope retained for reference.,Early-2006 profile planning index.
profile.early_2006.bernankey,person.media.aftv_host,reference,NONE,NONE,Typed identity or non-causal scope retained for reference.,Early-2006 profile planning index.
profile.early_2006.bernankey,person.media.gnbc_anchor,reference,NONE,NONE,Typed identity or non-causal scope retained for reference.,Early-2006 profile planning index.
profile.early_2006.bernankey,person.media.wool_street_journal_fed_reporter,reference,NONE,NONE,Typed identity or non-causal scope retained for reference.,Early-2006 profile planning index.
profile.early_2006.bernankey,person.sa.aramco_ceo,reference,NONE,NONE,Typed identity or non-causal scope retained for reference.,Early-2006 profile planning index.
profile.early_2006.bernankey,person.sa.crown,reference,NONE,NONE,Typed identity or non-causal scope retained for reference.,Early-2006 profile planning index.
profile.early_2006.bernankey,person.sa.pif_head,reference,NONE,NONE,Typed identity or non-causal scope retained for reference.,Early-2006 profile planning index.
profile.early_2006.bernankey,person.sa.sama_governor,reference,NONE,NONE,Typed identity or non-causal scope retained for reference.,Early-2006 profile planning index.
profile.early_2006.bernankey,person.uk.boe_governor,reference,NONE,NONE,Typed identity or non-causal scope retained for reference.,Early-2006 profile planning index.
profile.early_2006.bernankey,person.uk.dmo_chief,reference,NONE,NONE,Typed identity or non-causal scope retained for reference.,Early-2006 profile planning index.
profile.early_2006.bernankey,person.us.alan_greenspaniel,reference,NONE,NONE,Typed identity or non-causal scope retained for reference.,Early-2006 profile planning index.
profile.early_2006.bernankey,person.us.avery_agendaloon,slice_candidate,person.us.avery_agendaloon,Named chief officeholding is selected.,Provides private person cognition separately from the persistent chief-of-staff office.,docs/design/15-open-questions-decision-handoff.md:236-243
profile.early_2006.bernankey,person.us.ben_bernankey,anchor,NONE,NONE,Player identity or required Chair office for the early-2006 profile.,Early-2006 profile planning index.
profile.early_2006.bernankey,person.us.janet_jackrabbit,reference,NONE,NONE,Typed identity or non-causal scope retained for reference.,Early-2006 profile planning index.
profile.early_2006.bernankey,person.us.jerome_owl,reference,NONE,NONE,Typed identity or non-causal scope retained for reference.,Early-2006 profile planning index.
profile.early_2006.bernankey,person.us.kevin_boarsh,reference,NONE,NONE,Typed identity or non-causal scope retained for reference.,Early-2006 profile planning index.
profile.early_2006.bernankey,person.us.paul_vulture,reference,NONE,NONE,Typed identity or non-causal scope retained for reference.,Early-2006 profile planning index.
profile.early_2006.bernankey,person.us.primary_dealer.rates_head,reference,NONE,NONE,Typed identity or non-causal scope retained for reference.,Early-2006 profile planning index.
profile.early_2006.bernankey,person.us.treasury.secretary,reference,NONE,NONE,Typed identity or non-causal scope retained for reference.,Early-2006 profile planning index.
profile.early_2006.bernankey,pop.us.affluent.homeowners,reference,NONE,NONE,Typed identity or non-causal scope retained for reference.,Early-2006 profile planning index.
profile.early_2006.bernankey,pop.us.college.students,reference,NONE,NONE,Typed identity or non-causal scope retained for reference.,Early-2006 profile planning index.
profile.early_2006.bernankey,pop.us.fixed.rate.homeowners.by.mortgage.vintage,reference,NONE,NONE,Typed identity or non-causal scope retained for reference.,Early-2006 profile planning index.
profile.early_2006.bernankey,pop.us.fixed.rate.owners.low.mortgage.vintages,reference,NONE,NONE,Typed identity or non-causal scope retained for reference.,Early-2006 profile planning index.
profile.early_2006.bernankey,pop.us.high.income.finance.professionals,reference,NONE,NONE,Typed identity or non-causal scope retained for reference.,Early-2006 profile planning index.
profile.early_2006.bernankey,pop.us.high.income.professionals,reference,NONE,NONE,Typed identity or non-causal scope retained for reference.,Early-2006 profile planning index.
profile.early_2006.bernankey,pop.us.leftist.male.college.students.georgia.tech,reference,NONE,NONE,Typed identity or non-causal scope retained for reference.,Early-2006 profile planning index.
profile.early_2006.bernankey,pop.us.low.income.service.workers,reference,NONE,NONE,Typed identity or non-causal scope retained for reference.,Early-2006 profile planning index.
profile.early_2006.bernankey,pop.us.low.income.underserved.borrowers,reference,NONE,NONE,Typed identity or non-causal scope retained for reference.,Early-2006 profile planning index.
profile.early_2006.bernankey,pop.us.near.retirees,reference,NONE,NONE,Typed identity or non-causal scope retained for reference.,Early-2006 profile planning index.
profile.early_2006.bernankey,pop.us.parents.paying.childcare,reference,NONE,NONE,Typed identity or non-causal scope retained for reference.,Early-2006 profile planning index.
profile.early_2006.bernankey,pop.us.public.low_attention_residual,slice_candidate,NONE,Select direct report delivery with no network topology.,Phase 5 residual audience projection.,12-structure-outline-bernankey-mvp-cycle.md:465-543
profile.early_2006.bernankey,pop.us.renters.supply.constrained.metros,reference,NONE,NONE,Typed identity or non-causal scope retained for reference.,Early-2006 profile planning index.
profile.early_2006.bernankey,pop.us.retail.traders,reference,NONE,NONE,Typed identity or non-causal scope retained for reference.,Early-2006 profile planning index.
profile.early_2006.bernankey,pop.us.retirees,reference,NONE,NONE,Typed identity or non-causal scope retained for reference.,Early-2006 profile planning index.
profile.early_2006.bernankey,pop.us.small.business.owners,reference,NONE,NONE,Typed identity or non-causal scope retained for reference.,Early-2006 profile planning index.
profile.early_2006.bernankey,pop.us.strategic.production.workers.fab.technicians,reference,NONE,NONE,Typed identity or non-causal scope retained for reference.,Early-2006 profile planning index.
profile.early_2006.bernankey,pop.us.suburban.parents.childcare.costs,reference,NONE,NONE,Typed identity or non-causal scope retained for reference.,Early-2006 profile planning index.
profile.early_2006.bernankey,pop.us.uninsured.depositors,reference,NONE,NONE,Typed identity or non-causal scope retained for reference.,Early-2006 profile planning index.
profile.early_2006.bernankey,pop.us.workers.by.sector,reference,NONE,NONE,Typed identity or non-causal scope retained for reference.,Early-2006 profile planning index.
profile.early_2006.bernankey,pop.us.young.renters,reference,NONE,NONE,Typed identity or non-causal scope retained for reference.,Early-2006 profile planning index.
profile.early_2006.bernankey,poplens.media.honkbox.posting_population,reference,NONE,NONE,Typed identity or non-causal scope retained for reference.,Early-2006 profile planning index.
profile.early_2006.bernankey,population.us.person.cells,reference,NONE,NONE,Typed identity or non-causal scope retained for reference.,Early-2006 profile planning index.
profile.early_2006.bernankey,process.climate_agriculture.amazon_basin,reserve,adapter.external.external_world,"Source-backed opening state, covered probes, and named-plus-residual reconciliation.",Rich regional content is reserved for composition and future promotion.,Early-2006 profile planning index.
profile.early_2006.bernankey,process.climate_agriculture.regional,reference,NONE,NONE,Typed identity or non-causal scope retained for reference.,Early-2006 profile planning index.
profile.early_2006.bernankey,process.ecology.congo_basin,reserve,adapter.external.external_world,"Source-backed opening state, covered probes, and named-plus-residual reconciliation.",Rich regional content is reserved for composition and future promotion.,Early-2006 profile planning index.
profile.early_2006.bernankey,process.epidemic,reference,NONE,NONE,Typed identity or non-causal scope retained for reference.,Early-2006 profile planning index.
profile.early_2006.bernankey,process.resources.arabian_peninsula,reserve,adapter.external.gulf_exporters,"Source-backed opening state, covered probes, and named-plus-residual reconciliation.",Rich regional content is reserved for composition and future promotion.,Early-2006 profile planning index.
profile.early_2006.bernankey,process.resources.caucasus,reserve,adapter.external.emerging_markets,"Source-backed opening state, covered probes, and named-plus-residual reconciliation.",Rich regional content is reserved for composition and future promotion.,Early-2006 profile planning index.
profile.early_2006.bernankey,process.us.statistical_release_calendar,reference,NONE,NONE,Typed identity or non-causal scope retained for reference.,Early-2006 profile planning index.
profile.early_2006.bernankey,process.war,reference,NONE,NONE,Typed identity or non-causal scope retained for reference.,Early-2006 profile planning index.
profile.early_2006.bernankey,record.media.goosetogetherstrong.margin_call,reference,NONE,NONE,Typed identity or non-causal scope retained for reference.,Early-2006 profile planning index.
profile.early_2006.bernankey,record.media.loonberg.ust_10y_auction_tail,reference,NONE,NONE,Typed identity or non-causal scope retained for reference.,Early-2006 profile planning index.
profile.early_2006.bernankey,record.media.the_herd.large_fox_shop_cutting_10s,reference,NONE,NONE,Typed identity or non-causal scope retained for reference.,Early-2006 profile planning index.
profile.early_2006.bernankey,record.us.federal_reserve.action_result,reference,NONE,Desk execution path is active.,Preserves execution status and failure stage.,12-structure-outline-bernankey-mvp-cycle.md:195-285
profile.early_2006.bernankey,record.us.federal_reserve.analytical_task,slice_candidate,record.us.federal_reserve.analytical_task,Chair requests the selected Markets comparison.,Preserves request assignment displacement deadline and result as separate witnessed stages.,12-structure-outline-bernankey-mvp-cycle.md:388-457
profile.early_2006.bernankey,record.us.federal_reserve.assessment,slice_candidate,record.us.federal_reserve.assessment,Accepted Markets work completes before the meeting deadline.,Preserves inference evidence uncertainty dissent delivery and later revision.,12-structure-outline-bernankey-mvp-cycle.md:388-457
profile.early_2006.bernankey,record.us.federal_reserve.authorization_decision,reference,NONE,FOMC meeting path is active.,Preserves collective authorization separately from proposal and execution.,12-structure-outline-bernankey-mvp-cycle.md:195-285
profile.early_2006.bernankey,record.us.federal_reserve.case_file,reference,NONE,NONE,Typed identity or non-causal scope retained for reference.,Early-2006 profile planning index.
profile.early_2006.bernankey,record.us.federal_reserve.chairmanship_program,reference,NONE,NONE,Typed identity or non-causal scope retained for reference.,Early-2006 profile planning index.
profile.early_2006.bernankey,record.us.federal_reserve.directive,reference,NONE,Approved or narrowed motion produces a directive.,Carries exact approved effects to the responsible Desk owner.,12-structure-outline-bernankey-mvp-cycle.md:195-285
profile.early_2006.bernankey,record.us.federal_reserve.discount_rate,reference,NONE,NONE,Typed identity or non-causal scope retained for reference.,Early-2006 profile planning index.
profile.early_2006.bernankey,record.us.federal_reserve.institutional_project,reference,NONE,NONE,Typed identity or non-causal scope retained for reference.,Early-2006 profile planning index.
profile.early_2006.bernankey,record.us.federal_reserve.iorb,reference,NONE,NONE,Typed identity or non-causal scope retained for reference.,Early-2006 profile planning index.
profile.early_2006.bernankey,record.us.federal_reserve.legacy_dossier,reference,NONE,NONE,Typed identity or non-causal scope retained for reference.,Early-2006 profile planning index.
profile.early_2006.bernankey,record.us.federal_reserve.policy_package,reference,NONE,NONE,Typed identity or non-causal scope retained for reference.,Early-2006 profile planning index.
profile.early_2006.bernankey,record.us.federal_reserve.stage_receipt,reference,NONE,Policy chain emits stage receipts.,Prevents proposal authorization execution settlement and observation conflation.,12-structure-outline-bernankey-mvp-cycle.md:195-285
profile.early_2006.bernankey,record.us.federal_reserve.target_range,reference,NONE,NONE,Typed identity or non-causal scope retained for reference.,Early-2006 profile planning index.
profile.early_2006.bernankey,record.us.treasury.esf,reference,NONE,NONE,Typed identity or non-causal scope retained for reference.,Early-2006 profile planning index.
profile.early_2006.bernankey,record.us.treasury.indemnification_13_3,reference,NONE,NONE,Typed identity or non-causal scope retained for reference.,Early-2006 profile planning index.
profile.early_2006.bernankey,reference.market.credit_ratings,reference,NONE,NONE,Typed identity or non-causal scope retained for reference.,Early-2006 profile planning index.
profile.early_2006.bernankey,reference.market.index_membership,reference,NONE,NONE,Typed identity or non-causal scope retained for reference.,Early-2006 profile planning index.
profile.early_2006.bernankey,reference.market.move,reference,NONE,NONE,Typed identity or non-causal scope retained for reference.,Early-2006 profile planning index.
profile.early_2006.bernankey,reference.market.vendor_indices,reference,NONE,NONE,Typed identity or non-causal scope retained for reference.,Early-2006 profile planning index.
profile.early_2006.bernankey,reference.market.vix,reference,NONE,NONE,Typed identity or non-causal scope retained for reference.,Early-2006 profile planning index.
profile.early_2006.bernankey,reference.unknown.move_index,reference,NONE,NONE,Typed identity or non-causal scope retained for reference.,Early-2006 profile planning index.
profile.early_2006.bernankey,reference.unknown.vix,reference,NONE,NONE,Typed identity or non-causal scope retained for reference.,Early-2006 profile planning index.
profile.early_2006.bernankey,reference.us.bea.pce,reference,NONE,NONE,Typed identity or non-causal scope retained for reference.,Early-2006 profile planning index.
profile.early_2006.bernankey,reference.us.bls.cpi,reference,NONE,NONE,Typed identity or non-causal scope retained for reference.,Early-2006 profile planning index.
profile.early_2006.bernankey,reference.us.consumer_price_index,reference,NONE,NONE,Typed identity or non-causal scope retained for reference.,Early-2006 profile planning index.
profile.early_2006.bernankey,reference.us.federal_reserve.acm_term_premium,reference,NONE,NONE,Typed identity or non-causal scope retained for reference.,Early-2006 profile planning index.
profile.early_2006.bernankey,reference.us.federal_reserve.effr,reference,NONE,NONE,Typed identity or non-causal scope retained for reference.,Early-2006 profile planning index.
profile.early_2006.bernankey,reference.us.federal_reserve.obfr,reference,NONE,NONE,Typed identity or non-causal scope retained for reference.,Early-2006 profile planning index.
profile.early_2006.bernankey,reference.us.nyfed.effr,reference,NONE,NONE,Typed identity or non-causal scope retained for reference.,Early-2006 profile planning index.
profile.early_2006.bernankey,reference.us.nyfed.obfr,reference,NONE,NONE,Typed identity or non-causal scope retained for reference.,Early-2006 profile planning index.
profile.early_2006.bernankey,reference.us.nyfed.sofr,reference,NONE,NONE,Typed identity or non-causal scope retained for reference.,Early-2006 profile planning index.
profile.early_2006.bernankey,reference.us.personal_consumption_expenditures,reference,NONE,NONE,Typed identity or non-causal scope retained for reference.,Early-2006 profile planning index.
profile.early_2006.bernankey,reference.us.treasury.par_yield_curve,reference,NONE,NONE,Typed identity or non-causal scope retained for reference.,Early-2006 profile planning index.
profile.early_2006.bernankey,region.af.congo_basin,reference,NONE,NONE,Typed identity or non-causal scope retained for reference.,Early-2006 profile planning index.
profile.early_2006.bernankey,region.cn.aggregate,reference,NONE,NONE,Typed identity or non-causal scope retained for reference.,Early-2006 profile planning index.
profile.early_2006.bernankey,region.cn.provinces,reference,NONE,NONE,Typed identity or non-causal scope retained for reference.,Early-2006 profile planning index.
profile.early_2006.bernankey,region.eurasia.caucasus,reference,NONE,NONE,Typed identity or non-causal scope retained for reference.,Early-2006 profile planning index.
profile.early_2006.bernankey,region.external.china,reference,NONE,NONE,Typed identity or non-causal scope retained for reference.,Early-2006 profile planning index.
profile.early_2006.bernankey,region.external.emerging_markets,reference,NONE,NONE,Typed identity or non-causal scope retained for reference.,Early-2006 profile planning index.
profile.early_2006.bernankey,region.external.euro_area,reference,NONE,NONE,Typed identity or non-causal scope retained for reference.,Early-2006 profile planning index.
profile.early_2006.bernankey,region.external.external_energy,reference,NONE,NONE,Typed identity or non-causal scope retained for reference.,Early-2006 profile planning index.
profile.early_2006.bernankey,region.external.external_world,reference,NONE,NONE,Typed identity or non-causal scope retained for reference.,Early-2006 profile planning index.
profile.early_2006.bernankey,region.external.freight_global,reference,NONE,NONE,Typed identity or non-causal scope retained for reference.,Early-2006 profile planning index.
profile.early_2006.bernankey,region.external.freight_gulf_hormuz,excluded,NONE,NONE,Authored for the 1979 profile; not reviewed for 2006.,doc:mandate.m4-proving-lens
profile.early_2006.bernankey,region.external.freight_gulf_suez,reference,NONE,NONE,Typed identity or non-causal scope retained for reference.,Early-2006 profile planning index.
profile.early_2006.bernankey,region.external.gulf_exporters,reference,NONE,NONE,Typed identity or non-causal scope retained for reference.,Early-2006 profile planning index.
profile.early_2006.bernankey,region.external.iran,excluded,NONE,NONE,Authored for the 1979 profile; not reviewed for 2006.,doc:mandate.m4-proving-lens
profile.early_2006.bernankey,region.external.japan,reference,NONE,NONE,Typed identity or non-causal scope retained for reference.,Early-2006 profile planning index.
profile.early_2006.bernankey,region.external.latin_america_debtors,excluded,NONE,NONE,Authored for the 1979 profile; not reviewed for 2006.,doc:mandate.m4-proving-lens
profile.early_2006.bernankey,region.external.mexico,excluded,NONE,NONE,Authored for the 1979 profile; not reviewed for 2006.,doc:mandate.m4-proving-lens
profile.early_2006.bernankey,region.external.non_gulf_opec,excluded,NONE,NONE,Authored for the 1979 profile; not reviewed for 2006.,doc:mandate.m4-proving-lens
profile.early_2006.bernankey,region.external.offshore_asia,reference,NONE,NONE,Typed identity or non-causal scope retained for reference.,Early-2006 profile planning index.
profile.early_2006.bernankey,region.external.oil_exporters,reference,NONE,NONE,Typed identity or non-causal scope retained for reference.,Early-2006 profile planning index.
profile.early_2006.bernankey,region.external.russia,reference,NONE,NONE,Typed identity or non-causal scope retained for reference.,Early-2006 profile planning index.
profile.early_2006.bernankey,region.external.switzerland,excluded,NONE,NONE,Authored for the 1979 profile; not reviewed for 2006.,doc:mandate.m4-proving-lens
profile.early_2006.bernankey,region.external.united_kingdom,reference,NONE,NONE,Typed identity or non-causal scope retained for reference.,Early-2006 profile planning index.
profile.early_2006.bernankey,region.external.west_germany,excluded,NONE,NONE,Authored for the 1979 profile; not reviewed for 2006.,doc:mandate.m4-proving-lens
profile.early_2006.bernankey,region.hormuz,reference,NONE,NONE,Typed identity or non-causal scope retained for reference.,Early-2006 profile planning index.
profile.early_2006.bernankey,region.me.arabian_peninsula,reference,NONE,NONE,Typed identity or non-causal scope retained for reference.,Early-2006 profile planning index.
profile.early_2006.bernankey,region.middle_east.gulf,reference,NONE,NONE,Typed identity or non-causal scope retained for reference.,Early-2006 profile planning index.
profile.early_2006.bernankey,region.panama,reference,NONE,NONE,Typed identity or non-causal scope retained for reference.,Early-2006 profile planning index.
profile.early_2006.bernankey,region.sa.aggregate,reference,NONE,NONE,Typed identity or non-causal scope retained for reference.,Early-2006 profile planning index.
profile.early_2006.bernankey,region.sa.amazon_basin,reference,NONE,NONE,Typed identity or non-causal scope retained for reference.,Early-2006 profile planning index.
profile.early_2006.bernankey,region.suez,reference,NONE,NONE,Typed identity or non-causal scope retained for reference.,Early-2006 profile planning index.
profile.early_2006.bernankey,region.taiwan_strait,reference,NONE,NONE,Typed identity or non-causal scope retained for reference.,Early-2006 profile planning index.
profile.early_2006.bernankey,region.us.aggregate,reference,NONE,NONE,Typed identity or non-causal scope retained for reference.,Early-2006 profile planning index.
profile.early_2006.bernankey,region.us.census_divisions,reference,NONE,NONE,Typed identity or non-causal scope retained for reference.,Early-2006 profile planning index.
profile.early_2006.bernankey,region.us.federal_reserve_districts,reference,NONE,NONE,Typed identity or non-causal scope retained for reference.,Early-2006 profile planning index.
profile.early_2006.bernankey,region.us.home_district,reference,NONE,NONE,Non-owning scope used by the Burrow composition contract.,Early-2006 profile planning index.
profile.early_2006.bernankey,region.us.metros,reference,NONE,NONE,Typed identity or non-causal scope retained for reference.,Early-2006 profile planning index.
profile.early_2006.bernankey,region.us.states,reference,NONE,NONE,Typed identity or non-causal scope retained for reference.,Early-2006 profile planning index.
profile.early_2006.bernankey,role_holder.fomc.governor_1,slice_candidate,role_holder.fomc.governor_1,Bounded 2006 meeting roster is selected.,Supplies one deterministic sourced participant position and vote.,12-structure-outline-bernankey-mvp-cycle.md:226-232
profile.early_2006.bernankey,role_holder.fomc.governor_2,slice_candidate,role_holder.fomc.governor_2,Bounded 2006 meeting roster is selected.,Supplies one deterministic sourced participant position and vote.,12-structure-outline-bernankey-mvp-cycle.md:226-232
profile.early_2006.bernankey,schedule.us.federal_reserve.blackout,reference,NONE,NONE,Typed identity or non-causal scope retained for reference.,Early-2006 profile planning index.
profile.early_2006.bernankey,schedule.us.federal_reserve.fomc,reference,NONE,NONE,Typed identity or non-causal scope retained for reference.,Early-2006 profile planning index.
profile.early_2006.bernankey,schedule.us.treasury.auction,reference,NONE,NONE,Typed identity or non-causal scope retained for reference.,Early-2006 profile planning index.
profile.early_2006.bernankey,scheduled_process.unknown.call_report_calendar,reference,NONE,NONE,Typed identity or non-causal scope retained for reference.,Early-2006 profile planning index.
profile.early_2006.bernankey,sovereign.afghanistan,excluded,NONE,NONE,Authored for the 1979 profile; not reviewed for 2006.,doc:mandate.m4-proving-lens
profile.early_2006.bernankey,sovereign.albania,excluded,NONE,NONE,Authored for the 1979 profile; not reviewed for 2006.,doc:mandate.m4-proving-lens
profile.early_2006.bernankey,sovereign.algeria,excluded,NONE,NONE,Authored for the 1979 profile; not reviewed for 2006.,doc:mandate.m4-proving-lens
profile.early_2006.bernankey,sovereign.andorra,excluded,NONE,NONE,Authored for the 1979 profile; not reviewed for 2006.,doc:mandate.m4-proving-lens
profile.early_2006.bernankey,sovereign.angola,excluded,NONE,NONE,Authored for the 1979 profile; not reviewed for 2006.,doc:mandate.m4-proving-lens
profile.early_2006.bernankey,sovereign.argentina,excluded,NONE,NONE,Authored for the 1979 profile; not reviewed for 2006.,doc:mandate.m4-proving-lens
profile.early_2006.bernankey,sovereign.armenia,reserve,adapter.external.emerging_markets,"Source-backed opening state, covered probes, and named-plus-residual reconciliation.",Rich regional content is reserved for composition and future promotion.,Early-2006 profile planning index.
profile.early_2006.bernankey,sovereign.australia,excluded,NONE,NONE,Authored for the 1979 profile; not reviewed for 2006.,doc:mandate.m4-proving-lens
profile.early_2006.bernankey,sovereign.austria,excluded,NONE,NONE,Authored for the 1979 profile; not reviewed for 2006.,doc:mandate.m4-proving-lens
profile.early_2006.bernankey,sovereign.azerbaijan,reserve,adapter.external.emerging_markets,"Source-backed opening state, covered probes, and named-plus-residual reconciliation.",Rich regional content is reserved for composition and future promotion.,Early-2006 profile planning index.
profile.early_2006.bernankey,sovereign.bahamas,excluded,NONE,NONE,Authored for the 1979 profile; not reviewed for 2006.,doc:mandate.m4-proving-lens
profile.early_2006.bernankey,sovereign.bahrain,excluded,NONE,NONE,Authored for the 1979 profile; not reviewed for 2006.,doc:mandate.m4-proving-lens
profile.early_2006.bernankey,sovereign.bangladesh,excluded,NONE,NONE,Authored for the 1979 profile; not reviewed for 2006.,doc:mandate.m4-proving-lens
profile.early_2006.bernankey,sovereign.barbados,excluded,NONE,NONE,Authored for the 1979 profile; not reviewed for 2006.,doc:mandate.m4-proving-lens
profile.early_2006.bernankey,sovereign.belgium,excluded,NONE,NONE,Authored for the 1979 profile; not reviewed for 2006.,doc:mandate.m4-proving-lens
profile.early_2006.bernankey,sovereign.benin,excluded,NONE,NONE,Authored for the 1979 profile; not reviewed for 2006.,doc:mandate.m4-proving-lens
profile.early_2006.bernankey,sovereign.bhutan,excluded,NONE,NONE,Authored for the 1979 profile; not reviewed for 2006.,doc:mandate.m4-proving-lens
profile.early_2006.bernankey,sovereign.bolivia,excluded,NONE,NONE,Authored for the 1979 profile; not reviewed for 2006.,doc:mandate.m4-proving-lens
profile.early_2006.bernankey,sovereign.bophuthatswana,excluded,NONE,NONE,Authored for the 1979 profile; not reviewed for 2006.,doc:mandate.m4-proving-lens
profile.early_2006.bernankey,sovereign.botswana,excluded,NONE,NONE,Authored for the 1979 profile; not reviewed for 2006.,doc:mandate.m4-proving-lens
profile.early_2006.bernankey,sovereign.brazil,excluded,NONE,NONE,Authored for the 1979 profile; not reviewed for 2006.,doc:mandate.m4-proving-lens
profile.early_2006.bernankey,sovereign.bulgaria,excluded,NONE,NONE,Authored for the 1979 profile; not reviewed for 2006.,doc:mandate.m4-proving-lens
profile.early_2006.bernankey,sovereign.burkina_faso,excluded,NONE,NONE,Authored for the 1979 profile; not reviewed for 2006.,doc:mandate.m4-proving-lens
profile.early_2006.bernankey,sovereign.burundi,excluded,NONE,NONE,Authored for the 1979 profile; not reviewed for 2006.,doc:mandate.m4-proving-lens
profile.early_2006.bernankey,sovereign.byelorussian_ssr,excluded,NONE,NONE,Authored for the 1979 profile; not reviewed for 2006.,doc:mandate.m4-proving-lens
profile.early_2006.bernankey,sovereign.cambodia,excluded,NONE,NONE,Authored for the 1979 profile; not reviewed for 2006.,doc:mandate.m4-proving-lens
profile.early_2006.bernankey,sovereign.cameroon,excluded,NONE,NONE,Authored for the 1979 profile; not reviewed for 2006.,doc:mandate.m4-proving-lens
profile.early_2006.bernankey,sovereign.canada,excluded,NONE,NONE,Authored for the 1979 profile; not reviewed for 2006.,doc:mandate.m4-proving-lens
profile.early_2006.bernankey,sovereign.cape_verde,excluded,NONE,NONE,Authored for the 1979 profile; not reviewed for 2006.,doc:mandate.m4-proving-lens
profile.early_2006.bernankey,sovereign.central_african_republic,excluded,NONE,NONE,Authored for the 1979 profile; not reviewed for 2006.,doc:mandate.m4-proving-lens
profile.early_2006.bernankey,sovereign.chad,excluded,NONE,NONE,Authored for the 1979 profile; not reviewed for 2006.,doc:mandate.m4-proving-lens
profile.early_2006.bernankey,sovereign.chile,excluded,NONE,NONE,Authored for the 1979 profile; not reviewed for 2006.,doc:mandate.m4-proving-lens
profile.early_2006.bernankey,sovereign.china,reference,NONE,NONE,Typed identity or non-causal scope retained for reference.,Early-2006 profile planning index.
profile.early_2006.bernankey,sovereign.colombia,excluded,NONE,NONE,Authored for the 1979 profile; not reviewed for 2006.,doc:mandate.m4-proving-lens
profile.early_2006.bernankey,sovereign.comoros,excluded,NONE,NONE,Authored for the 1979 profile; not reviewed for 2006.,doc:mandate.m4-proving-lens
profile.early_2006.bernankey,sovereign.congo,excluded,NONE,NONE,Authored for the 1979 profile; not reviewed for 2006.,doc:mandate.m4-proving-lens
profile.early_2006.bernankey,sovereign.costa_rica,excluded,NONE,NONE,Authored for the 1979 profile; not reviewed for 2006.,doc:mandate.m4-proving-lens
profile.early_2006.bernankey,sovereign.cote_divoire,excluded,NONE,NONE,Authored for the 1979 profile; not reviewed for 2006.,doc:mandate.m4-proving-lens
profile.early_2006.bernankey,sovereign.cuba,excluded,NONE,NONE,Authored for the 1979 profile; not reviewed for 2006.,doc:mandate.m4-proving-lens
profile.early_2006.bernankey,sovereign.cyprus,excluded,NONE,NONE,Authored for the 1979 profile; not reviewed for 2006.,doc:mandate.m4-proving-lens
profile.early_2006.bernankey,sovereign.czechoslovakia,excluded,NONE,NONE,Authored for the 1979 profile; not reviewed for 2006.,doc:mandate.m4-proving-lens
profile.early_2006.bernankey,sovereign.denmark,excluded,NONE,NONE,Authored for the 1979 profile; not reviewed for 2006.,doc:mandate.m4-proving-lens
profile.early_2006.bernankey,sovereign.djibouti,excluded,NONE,NONE,Authored for the 1979 profile; not reviewed for 2006.,doc:mandate.m4-proving-lens
profile.early_2006.bernankey,sovereign.dominica,excluded,NONE,NONE,Authored for the 1979 profile; not reviewed for 2006.,doc:mandate.m4-proving-lens
profile.early_2006.bernankey,sovereign.dominican_republic,excluded,NONE,NONE,Authored for the 1979 profile; not reviewed for 2006.,doc:mandate.m4-proving-lens
profile.early_2006.bernankey,sovereign.drc,reserve,adapter.external.external_world,"Source-backed opening state, covered probes, and named-plus-residual reconciliation.",Rich regional content is reserved for composition and future promotion.,Early-2006 profile planning index.
profile.early_2006.bernankey,sovereign.east_germany,excluded,NONE,NONE,Authored for the 1979 profile; not reviewed for 2006.,doc:mandate.m4-proving-lens
profile.early_2006.bernankey,sovereign.ecuador,excluded,NONE,NONE,Authored for the 1979 profile; not reviewed for 2006.,doc:mandate.m4-proving-lens
profile.early_2006.bernankey,sovereign.egypt,excluded,NONE,NONE,Authored for the 1979 profile; not reviewed for 2006.,doc:mandate.m4-proving-lens
profile.early_2006.bernankey,sovereign.el_salvador,excluded,NONE,NONE,Authored for the 1979 profile; not reviewed for 2006.,doc:mandate.m4-proving-lens
profile.early_2006.bernankey,sovereign.equatorial_guinea,excluded,NONE,NONE,Authored for the 1979 profile; not reviewed for 2006.,doc:mandate.m4-proving-lens
profile.early_2006.bernankey,sovereign.eswatini,excluded,NONE,NONE,Authored for the 1979 profile; not reviewed for 2006.,doc:mandate.m4-proving-lens
profile.early_2006.bernankey,sovereign.ethiopia,excluded,NONE,NONE,Authored for the 1979 profile; not reviewed for 2006.,doc:mandate.m4-proving-lens
profile.early_2006.bernankey,sovereign.fiji,excluded,NONE,NONE,Authored for the 1979 profile; not reviewed for 2006.,doc:mandate.m4-proving-lens
profile.early_2006.bernankey,sovereign.finland,excluded,NONE,NONE,Authored for the 1979 profile; not reviewed for 2006.,doc:mandate.m4-proving-lens
profile.early_2006.bernankey,sovereign.france,reference,NONE,NONE,Typed identity or non-causal scope retained for reference.,Early-2006 profile planning index.
profile.early_2006.bernankey,sovereign.gabon,excluded,NONE,NONE,Authored for the 1979 profile; not reviewed for 2006.,doc:mandate.m4-proving-lens
profile.early_2006.bernankey,sovereign.gambia,excluded,NONE,NONE,Authored for the 1979 profile; not reviewed for 2006.,doc:mandate.m4-proving-lens
profile.early_2006.bernankey,sovereign.georgia,reserve,adapter.external.emerging_markets,"Source-backed opening state, covered probes, and named-plus-residual reconciliation.",Rich regional content is reserved for composition and future promotion.,Early-2006 profile planning index.
profile.early_2006.bernankey,sovereign.germany,reference,NONE,NONE,Typed identity or non-causal scope retained for reference.,Early-2006 profile planning index.
profile.early_2006.bernankey,sovereign.ghana,excluded,NONE,NONE,Authored for the 1979 profile; not reviewed for 2006.,doc:mandate.m4-proving-lens
profile.early_2006.bernankey,sovereign.greece,excluded,NONE,NONE,Authored for the 1979 profile; not reviewed for 2006.,doc:mandate.m4-proving-lens
profile.early_2006.bernankey,sovereign.grenada,excluded,NONE,NONE,Authored for the 1979 profile; not reviewed for 2006.,doc:mandate.m4-proving-lens
profile.early_2006.bernankey,sovereign.guatemala,excluded,NONE,NONE,Authored for the 1979 profile; not reviewed for 2006.,doc:mandate.m4-proving-lens
profile.early_2006.bernankey,sovereign.guinea,excluded,NONE,NONE,Authored for the 1979 profile; not reviewed for 2006.,doc:mandate.m4-proving-lens
profile.early_2006.bernankey,sovereign.guinea_bissau,excluded,NONE,NONE,Authored for the 1979 profile; not reviewed for 2006.,doc:mandate.m4-proving-lens
profile.early_2006.bernankey,sovereign.guyana,excluded,NONE,NONE,Authored for the 1979 profile; not reviewed for 2006.,doc:mandate.m4-proving-lens
profile.early_2006.bernankey,sovereign.haiti,excluded,NONE,NONE,Authored for the 1979 profile; not reviewed for 2006.,doc:mandate.m4-proving-lens
profile.early_2006.bernankey,sovereign.holy_see,excluded,NONE,NONE,Authored for the 1979 profile; not reviewed for 2006.,doc:mandate.m4-proving-lens
profile.early_2006.bernankey,sovereign.honduras,excluded,NONE,NONE,Authored for the 1979 profile; not reviewed for 2006.,doc:mandate.m4-proving-lens
profile.early_2006.bernankey,sovereign.hungary,excluded,NONE,NONE,Authored for the 1979 profile; not reviewed for 2006.,doc:mandate.m4-proving-lens
profile.early_2006.bernankey,sovereign.iceland,excluded,NONE,NONE,Authored for the 1979 profile; not reviewed for 2006.,doc:mandate.m4-proving-lens
profile.early_2006.bernankey,sovereign.india,excluded,NONE,NONE,Authored for the 1979 profile; not reviewed for 2006.,doc:mandate.m4-proving-lens
profile.early_2006.bernankey,sovereign.indonesia,excluded,NONE,NONE,Authored for the 1979 profile; not reviewed for 2006.,doc:mandate.m4-proving-lens
profile.early_2006.bernankey,sovereign.iran,reference,NONE,NONE,Typed identity or non-causal scope retained for reference.,Early-2006 profile planning index.
profile.early_2006.bernankey,sovereign.iraq,excluded,NONE,NONE,Authored for the 1979 profile; not reviewed for 2006.,doc:mandate.m4-proving-lens
profile.early_2006.bernankey,sovereign.ireland,excluded,NONE,NONE,Authored for the 1979 profile; not reviewed for 2006.,doc:mandate.m4-proving-lens
profile.early_2006.bernankey,sovereign.israel,reference,NONE,NONE,Typed identity or non-causal scope retained for reference.,Early-2006 profile planning index.
profile.early_2006.bernankey,sovereign.italy,reference,NONE,NONE,Typed identity or non-causal scope retained for reference.,Early-2006 profile planning index.
profile.early_2006.bernankey,sovereign.jamaica,excluded,NONE,NONE,Authored for the 1979 profile; not reviewed for 2006.,doc:mandate.m4-proving-lens
profile.early_2006.bernankey,sovereign.japan,reference,NONE,NONE,Typed identity or non-causal scope retained for reference.,Early-2006 profile planning index.
profile.early_2006.bernankey,sovereign.jordan,excluded,NONE,NONE,Authored for the 1979 profile; not reviewed for 2006.,doc:mandate.m4-proving-lens
profile.early_2006.bernankey,sovereign.kenya,excluded,NONE,NONE,Authored for the 1979 profile; not reviewed for 2006.,doc:mandate.m4-proving-lens
profile.early_2006.bernankey,sovereign.kiribati,excluded,NONE,NONE,Authored for the 1979 profile; not reviewed for 2006.,doc:mandate.m4-proving-lens
profile.early_2006.bernankey,sovereign.kuwait,excluded,NONE,NONE,Authored for the 1979 profile; not reviewed for 2006.,doc:mandate.m4-proving-lens
profile.early_2006.bernankey,sovereign.laos,excluded,NONE,NONE,Authored for the 1979 profile; not reviewed for 2006.,doc:mandate.m4-proving-lens
profile.early_2006.bernankey,sovereign.lebanon,excluded,NONE,NONE,Authored for the 1979 profile; not reviewed for 2006.,doc:mandate.m4-proving-lens
profile.early_2006.bernankey,sovereign.lesotho,excluded,NONE,NONE,Authored for the 1979 profile; not reviewed for 2006.,doc:mandate.m4-proving-lens
profile.early_2006.bernankey,sovereign.liberia,excluded,NONE,NONE,Authored for the 1979 profile; not reviewed for 2006.,doc:mandate.m4-proving-lens
profile.early_2006.bernankey,sovereign.libya,excluded,NONE,NONE,Authored for the 1979 profile; not reviewed for 2006.,doc:mandate.m4-proving-lens
profile.early_2006.bernankey,sovereign.liechtenstein,excluded,NONE,NONE,Authored for the 1979 profile; not reviewed for 2006.,doc:mandate.m4-proving-lens
profile.early_2006.bernankey,sovereign.luxembourg,excluded,NONE,NONE,Authored for the 1979 profile; not reviewed for 2006.,doc:mandate.m4-proving-lens
profile.early_2006.bernankey,sovereign.madagascar,excluded,NONE,NONE,Authored for the 1979 profile; not reviewed for 2006.,doc:mandate.m4-proving-lens
profile.early_2006.bernankey,sovereign.malawi,excluded,NONE,NONE,Authored for the 1979 profile; not reviewed for 2006.,doc:mandate.m4-proving-lens
profile.early_2006.bernankey,sovereign.malaysia,excluded,NONE,NONE,Authored for the 1979 profile; not reviewed for 2006.,doc:mandate.m4-proving-lens
profile.early_2006.bernankey,sovereign.maldives,excluded,NONE,NONE,Authored for the 1979 profile; not reviewed for 2006.,doc:mandate.m4-proving-lens
profile.early_2006.bernankey,sovereign.mali,excluded,NONE,NONE,Authored for the 1979 profile; not reviewed for 2006.,doc:mandate.m4-proving-lens
profile.early_2006.bernankey,sovereign.malta,excluded,NONE,NONE,Authored for the 1979 profile; not reviewed for 2006.,doc:mandate.m4-proving-lens
profile.early_2006.bernankey,sovereign.mauritania,excluded,NONE,NONE,Authored for the 1979 profile; not reviewed for 2006.,doc:mandate.m4-proving-lens
profile.early_2006.bernankey,sovereign.mauritius,excluded,NONE,NONE,Authored for the 1979 profile; not reviewed for 2006.,doc:mandate.m4-proving-lens
profile.early_2006.bernankey,sovereign.mexico,excluded,NONE,NONE,Authored for the 1979 profile; not reviewed for 2006.,doc:mandate.m4-proving-lens
profile.early_2006.bernankey,sovereign.monaco,excluded,NONE,NONE,Authored for the 1979 profile; not reviewed for 2006.,doc:mandate.m4-proving-lens
profile.early_2006.bernankey,sovereign.mongolia,excluded,NONE,NONE,Authored for the 1979 profile; not reviewed for 2006.,doc:mandate.m4-proving-lens
profile.early_2006.bernankey,sovereign.morocco,excluded,NONE,NONE,Authored for the 1979 profile; not reviewed for 2006.,doc:mandate.m4-proving-lens
profile.early_2006.bernankey,sovereign.mozambique,excluded,NONE,NONE,Authored for the 1979 profile; not reviewed for 2006.,doc:mandate.m4-proving-lens
profile.early_2006.bernankey,sovereign.myanmar,excluded,NONE,NONE,Authored for the 1979 profile; not reviewed for 2006.,doc:mandate.m4-proving-lens
profile.early_2006.bernankey,sovereign.nauru,excluded,NONE,NONE,Authored for the 1979 profile; not reviewed for 2006.,doc:mandate.m4-proving-lens
profile.early_2006.bernankey,sovereign.nepal,excluded,NONE,NONE,Authored for the 1979 profile; not reviewed for 2006.,doc:mandate.m4-proving-lens
profile.early_2006.bernankey,sovereign.netherlands,excluded,NONE,NONE,Authored for the 1979 profile; not reviewed for 2006.,doc:mandate.m4-proving-lens
profile.early_2006.bernankey,sovereign.new_zealand,excluded,NONE,NONE,Authored for the 1979 profile; not reviewed for 2006.,doc:mandate.m4-proving-lens
profile.early_2006.bernankey,sovereign.nicaragua,excluded,NONE,NONE,Authored for the 1979 profile; not reviewed for 2006.,doc:mandate.m4-proving-lens
profile.early_2006.bernankey,sovereign.niger,excluded,NONE,NONE,Authored for the 1979 profile; not reviewed for 2006.,doc:mandate.m4-proving-lens
profile.early_2006.bernankey,sovereign.nigeria,excluded,NONE,NONE,Authored for the 1979 profile; not reviewed for 2006.,doc:mandate.m4-proving-lens
profile.early_2006.bernankey,sovereign.north_korea,excluded,NONE,NONE,Authored for the 1979 profile; not reviewed for 2006.,doc:mandate.m4-proving-lens
profile.early_2006.bernankey,sovereign.north_yemen,excluded,NONE,NONE,Authored for the 1979 profile; not reviewed for 2006.,doc:mandate.m4-proving-lens
profile.early_2006.bernankey,sovereign.norway,excluded,NONE,NONE,Authored for the 1979 profile; not reviewed for 2006.,doc:mandate.m4-proving-lens
profile.early_2006.bernankey,sovereign.oman,excluded,NONE,NONE,Authored for the 1979 profile; not reviewed for 2006.,doc:mandate.m4-proving-lens
profile.early_2006.bernankey,sovereign.pakistan,excluded,NONE,NONE,Authored for the 1979 profile; not reviewed for 2006.,doc:mandate.m4-proving-lens
profile.early_2006.bernankey,sovereign.panama,excluded,NONE,NONE,Authored for the 1979 profile; not reviewed for 2006.,doc:mandate.m4-proving-lens
profile.early_2006.bernankey,sovereign.papua_new_guinea,excluded,NONE,NONE,Authored for the 1979 profile; not reviewed for 2006.,doc:mandate.m4-proving-lens
profile.early_2006.bernankey,sovereign.paraguay,excluded,NONE,NONE,Authored for the 1979 profile; not reviewed for 2006.,doc:mandate.m4-proving-lens
profile.early_2006.bernankey,sovereign.peru,excluded,NONE,NONE,Authored for the 1979 profile; not reviewed for 2006.,doc:mandate.m4-proving-lens
profile.early_2006.bernankey,sovereign.philippines,excluded,NONE,NONE,Authored for the 1979 profile; not reviewed for 2006.,doc:mandate.m4-proving-lens
profile.early_2006.bernankey,sovereign.poland,excluded,NONE,NONE,Authored for the 1979 profile; not reviewed for 2006.,doc:mandate.m4-proving-lens
profile.early_2006.bernankey,sovereign.portugal,excluded,NONE,NONE,Authored for the 1979 profile; not reviewed for 2006.,doc:mandate.m4-proving-lens
profile.early_2006.bernankey,sovereign.qatar,reference,NONE,NONE,Typed identity or non-causal scope retained for reference.,Early-2006 profile planning index.
profile.early_2006.bernankey,sovereign.romania,excluded,NONE,NONE,Authored for the 1979 profile; not reviewed for 2006.,doc:mandate.m4-proving-lens
profile.early_2006.bernankey,sovereign.russia,reference,NONE,NONE,Typed identity or non-causal scope retained for reference.,Early-2006 profile planning index.
profile.early_2006.bernankey,sovereign.rwanda,excluded,NONE,NONE,Authored for the 1979 profile; not reviewed for 2006.,doc:mandate.m4-proving-lens
profile.early_2006.bernankey,sovereign.sahrawi_arab_democratic_republic,excluded,NONE,NONE,Authored for the 1979 profile; not reviewed for 2006.,doc:mandate.m4-proving-lens
profile.early_2006.bernankey,sovereign.saint_lucia,excluded,NONE,NONE,Authored for the 1979 profile; not reviewed for 2006.,doc:mandate.m4-proving-lens
profile.early_2006.bernankey,sovereign.samoa,excluded,NONE,NONE,Authored for the 1979 profile; not reviewed for 2006.,doc:mandate.m4-proving-lens
profile.early_2006.bernankey,sovereign.san_marino,excluded,NONE,NONE,Authored for the 1979 profile; not reviewed for 2006.,doc:mandate.m4-proving-lens
profile.early_2006.bernankey,sovereign.sao_tome_and_principe,excluded,NONE,NONE,Authored for the 1979 profile; not reviewed for 2006.,doc:mandate.m4-proving-lens
profile.early_2006.bernankey,sovereign.saudi_arabia,reference,NONE,NONE,Typed identity or non-causal scope retained for reference.,Early-2006 profile planning index.
profile.early_2006.bernankey,sovereign.senegal,excluded,NONE,NONE,Authored for the 1979 profile; not reviewed for 2006.,doc:mandate.m4-proving-lens
profile.early_2006.bernankey,sovereign.seychelles,excluded,NONE,NONE,Authored for the 1979 profile; not reviewed for 2006.,doc:mandate.m4-proving-lens
profile.early_2006.bernankey,sovereign.sierra_leone,excluded,NONE,NONE,Authored for the 1979 profile; not reviewed for 2006.,doc:mandate.m4-proving-lens
profile.early_2006.bernankey,sovereign.singapore,reference,NONE,NONE,Typed identity or non-causal scope retained for reference.,Early-2006 profile planning index.
profile.early_2006.bernankey,sovereign.solomon_islands,excluded,NONE,NONE,Authored for the 1979 profile; not reviewed for 2006.,doc:mandate.m4-proving-lens
profile.early_2006.bernankey,sovereign.somalia,excluded,NONE,NONE,Authored for the 1979 profile; not reviewed for 2006.,doc:mandate.m4-proving-lens
profile.early_2006.bernankey,sovereign.south_africa,excluded,NONE,NONE,Authored for the 1979 profile; not reviewed for 2006.,doc:mandate.m4-proving-lens
profile.early_2006.bernankey,sovereign.south_korea,excluded,NONE,NONE,Authored for the 1979 profile; not reviewed for 2006.,doc:mandate.m4-proving-lens
profile.early_2006.bernankey,sovereign.south_yemen,excluded,NONE,NONE,Authored for the 1979 profile; not reviewed for 2006.,doc:mandate.m4-proving-lens
profile.early_2006.bernankey,sovereign.spain,excluded,NONE,NONE,Authored for the 1979 profile; not reviewed for 2006.,doc:mandate.m4-proving-lens
profile.early_2006.bernankey,sovereign.sri_lanka,excluded,NONE,NONE,Authored for the 1979 profile; not reviewed for 2006.,doc:mandate.m4-proving-lens
profile.early_2006.bernankey,sovereign.sudan,excluded,NONE,NONE,Authored for the 1979 profile; not reviewed for 2006.,doc:mandate.m4-proving-lens
profile.early_2006.bernankey,sovereign.suriname,excluded,NONE,NONE,Authored for the 1979 profile; not reviewed for 2006.,doc:mandate.m4-proving-lens
profile.early_2006.bernankey,sovereign.sweden,excluded,NONE,NONE,Authored for the 1979 profile; not reviewed for 2006.,doc:mandate.m4-proving-lens
profile.early_2006.bernankey,sovereign.switzerland,excluded,NONE,NONE,Authored for the 1979 profile; not reviewed for 2006.,doc:mandate.m4-proving-lens
profile.early_2006.bernankey,sovereign.syria,excluded,NONE,NONE,Authored for the 1979 profile; not reviewed for 2006.,doc:mandate.m4-proving-lens
profile.early_2006.bernankey,sovereign.taiwan,excluded,NONE,NONE,Authored for the 1979 profile; not reviewed for 2006.,doc:mandate.m4-proving-lens
profile.early_2006.bernankey,sovereign.tanzania,excluded,NONE,NONE,Authored for the 1979 profile; not reviewed for 2006.,doc:mandate.m4-proving-lens
profile.early_2006.bernankey,sovereign.thailand,excluded,NONE,NONE,Authored for the 1979 profile; not reviewed for 2006.,doc:mandate.m4-proving-lens
profile.early_2006.bernankey,sovereign.togo,excluded,NONE,NONE,Authored for the 1979 profile; not reviewed for 2006.,doc:mandate.m4-proving-lens
profile.early_2006.bernankey,sovereign.tonga,excluded,NONE,NONE,Authored for the 1979 profile; not reviewed for 2006.,doc:mandate.m4-proving-lens
profile.early_2006.bernankey,sovereign.transkei,excluded,NONE,NONE,Authored for the 1979 profile; not reviewed for 2006.,doc:mandate.m4-proving-lens
profile.early_2006.bernankey,sovereign.trinidad_and_tobago,excluded,NONE,NONE,Authored for the 1979 profile; not reviewed for 2006.,doc:mandate.m4-proving-lens
profile.early_2006.bernankey,sovereign.tunisia,excluded,NONE,NONE,Authored for the 1979 profile; not reviewed for 2006.,doc:mandate.m4-proving-lens
profile.early_2006.bernankey,sovereign.turkey,excluded,NONE,NONE,Authored for the 1979 profile; not reviewed for 2006.,doc:mandate.m4-proving-lens
profile.early_2006.bernankey,sovereign.tuvalu,excluded,NONE,NONE,Authored for the 1979 profile; not reviewed for 2006.,doc:mandate.m4-proving-lens
profile.early_2006.bernankey,sovereign.uae,reference,NONE,NONE,Typed identity or non-causal scope retained for reference.,Early-2006 profile planning index.
profile.early_2006.bernankey,sovereign.uganda,excluded,NONE,NONE,Authored for the 1979 profile; not reviewed for 2006.,doc:mandate.m4-proving-lens
profile.early_2006.bernankey,sovereign.ukrainian_ssr,excluded,NONE,NONE,Authored for the 1979 profile; not reviewed for 2006.,doc:mandate.m4-proving-lens
profile.early_2006.bernankey,sovereign.united_kingdom,reference,NONE,NONE,Typed identity or non-causal scope retained for reference.,Early-2006 profile planning index.
profile.early_2006.bernankey,sovereign.united_states,excluded,NONE,NONE,Authored for the 1979 profile; not reviewed for 2006.,doc:mandate.m4-proving-lens
profile.early_2006.bernankey,sovereign.uruguay,excluded,NONE,NONE,Authored for the 1979 profile; not reviewed for 2006.,doc:mandate.m4-proving-lens
profile.early_2006.bernankey,sovereign.ussr,excluded,NONE,NONE,Authored for the 1979 profile; not reviewed for 2006.,doc:mandate.m4-proving-lens
profile.early_2006.bernankey,sovereign.venezuela,excluded,NONE,NONE,Authored for the 1979 profile; not reviewed for 2006.,doc:mandate.m4-proving-lens
profile.early_2006.bernankey,sovereign.vietnam,excluded,NONE,NONE,Authored for the 1979 profile; not reviewed for 2006.,doc:mandate.m4-proving-lens
profile.early_2006.bernankey,sovereign.yugoslavia,excluded,NONE,NONE,Authored for the 1979 profile; not reviewed for 2006.,doc:mandate.m4-proving-lens
profile.early_2006.bernankey,sovereign.zambia,excluded,NONE,NONE,Authored for the 1979 profile; not reviewed for 2006.,doc:mandate.m4-proving-lens
profile.early_2006.bernankey,sovereign.zimbabwe_rhodesia,excluded,NONE,NONE,Authored for the 1979 profile; not reviewed for 2006.,doc:mandate.m4-proving-lens
profile.early_2006.bernankey,staff.us.federal_reserve.communications,slice_candidate,staff.us.federal_reserve.communications,The bounded FOMC cycle initializes Communications access methods and capacity.,Retains the selected staff owner before Phase 5 publication work.,12-structure-outline-bernankey-mvp-cycle.md:397-415
profile.early_2006.bernankey,staff.us.federal_reserve.financial_stability,reference,NONE,NONE,Typed identity or non-causal scope retained for reference.,Early-2006 profile planning index.
profile.early_2006.bernankey,staff.us.federal_reserve.international,reference,NONE,NONE,Typed identity or non-causal scope retained for reference.,Early-2006 profile planning index.
profile.early_2006.bernankey,staff.us.federal_reserve.legal,reference,NONE,NONE,Typed identity or non-causal scope retained for reference.,Early-2006 profile planning index.
profile.early_2006.bernankey,staff.us.federal_reserve.markets,slice_candidate,staff.us.federal_reserve.markets,Chair requests the selected dealer-capacity comparison.,Owns scoped evidence analysis capacity displaced work and the assessment.,12-structure-outline-bernankey-mvp-cycle.md:388-457
profile.early_2006.bernankey,staff.us.federal_reserve.monetary_affairs,slice_candidate,staff.us.federal_reserve.monetary_affairs,The meeting packet carries a named policy-method dissent.,Keeps disagreement attributable to a separate staff unit without asserting canonical truth.,12-structure-outline-bernankey-mvp-cycle.md:388-457
profile.early_2006.bernankey,staff.us.federal_reserve.ny_markets_group,reference,NONE,NONE,Typed identity or non-causal scope retained for reference.,Early-2006 profile planning index.
profile.early_2006.bernankey,staff.us.federal_reserve.research,reference,NONE,NONE,Typed identity or non-causal scope retained for reference.,Early-2006 profile planning index.
profile.early_2006.bernankey,staff.us.federal_reserve.supervision,reference,NONE,NONE,Typed identity or non-causal scope retained for reference.,Early-2006 profile planning index.
profile.early_2006.bernankey,staff.us.treasury.debt_management,reference,NONE,NONE,Typed identity or non-causal scope retained for reference.,Early-2006 profile planning index.
profile.early_2006.bernankey,staff.us.treasury.ofr,reference,NONE,NONE,Typed identity or non-causal scope retained for reference.,Early-2006 profile planning index.
profile.early_2006.bernankey,stateful.us.treasury.duration_supply,reference,NONE,NONE,Typed identity or non-causal scope retained for reference.,Early-2006 profile planning index.
