catalog_id,display_name,entry_class,instance_of,identity_clade,domain,selectable_in_manifest,definition_version,cognition_class,default_fidelity,research_status,completeness_state,fit,fallback_entry_id,residual_counterpart_id,uncertainty_notes,provenance
agreement.central_bank.swap_lines,Central-bank swap arrangements,instance,type.agreement.default,Agreement,sovereign_regional,false,1,none,MECHANICAL_OR_ADAPTER,named,identity_only,fits,UNKNOWN,NONE,Agreement establishes facilities each central bank operates; neither agreement nor sovereign container owns participant liquidity positions.,04-design-discussion-minimum-simulation-kernel.md:559;06-design-discussion-representation-catalog.md:338-339
agreement.foreign.information_sharing,Foreign information-sharing agreements,instance,type.agreement.default,Agreement,sovereign_regional,false,1,none,MECHANICAL_OR_ADAPTER,named,identity_only,fits,UNKNOWN,NONE,Clauses affect access and create commitments; performance is separately evidenced.,04-design-discussion-minimum-simulation-kernel.md:559
agreement.foreign.liquidity_support,Foreign liquidity-support agreement,instance,type.agreement.default,Agreement,sovereign_regional,false,1,none,MECHANICAL_OR_ADAPTER,named,identity_only,fits,UNKNOWN,NONE,Agreement candidate; specific facilities and participant obligations require scenario research.,04-design-discussion-minimum-simulation-kernel.md:559
agreement.foreign.regulatory_memoranda,Foreign regulatory memoranda,instance,type.agreement.default,Agreement,sovereign_regional,false,1,none,MECHANICAL_OR_ADAPTER,named,identity_only,fits,UNKNOWN,NONE,Clauses affect eligibility and commitments; performance is separately evidenced.,04-design-discussion-minimum-simulation-kernel.md:559
agreement.foreign.sanctions_coordination,Foreign sanctions-coordination agreements,instance,type.agreement.default,Agreement,sovereign_regional,false,1,none,MECHANICAL_OR_ADAPTER,named,identity_only,fits,UNKNOWN,NONE,Clauses affect eligibility and commitments; performance is separately evidenced.,04-design-discussion-minimum-simulation-kernel.md:559
agreement.us.federal_reserve.swap_lines,Central Bank Swap-Line Agreements,instance,type.agreement.default,Agreement,Fed,false,1,none,MECHANICAL_OR_ADAPTER,named,identity_only,fits,UNKNOWN,NONE,Counterparties/terms UNKNOWN; each side operates a facility.,06-design-discussion-representation-catalog.md:339
auth.us.primary_dealer_designation,Primary-Dealer Designation Regime,instance,type.legal_instrument.default,LegalInstrument,markets,false,1,none,MECHANICAL_OR_ADAPTER,named,identity_only,fits,UNKNOWN,NONE,Effective legal terms and designated members UNKNOWN.,06-design-discussion-representation-catalog.md:378
body.jp.cabinet,Japanese Cabinet,instance,type.decision_body.default,DecisionBody,sovereign_regional,false,1,none,MECHANICAL_OR_ADAPTER,named,identity_only,fits,UNKNOWN,NONE,Procedural body candidate distinct from Japan's sovereign container.,04-design-discussion-minimum-simulation-kernel.md:1350
body.opec,OPEC actors,instance,type.decision_body.default,DecisionBody,sovereign_regional,false,1,none,MECHANICAL_OR_ADAPTER,named,identity_only,fits,UNKNOWN,NONE,Cross-border coordinating subject only; production actions resolve to the distinct actor or mechanism that is authorized to execute them.,05-design-discussion-representation-bible.md:178;04-design-discussion-minimum-simulation-kernel.md:1345
body.us.federal_reserve.board_voting,Board of Governors Voting Body,instance,type.decision_body.default,DecisionBody,Fed,false,1,participant_cognition,PARTICIPANT_DISTRIBUTION,named,typed,fits,UNKNOWN,NONE,Distinct from Board institution; member roster UNKNOWN.,06-design-discussion-representation-catalog.md:256
body.us.federal_reserve.reserve_bank_boards,Reserve Bank Boards of Directors,instance,type.decision_body.default,DecisionBody,Fed,false,1,participant_cognition,PARTICIPANT_DISTRIBUTION,named,identity_only,fits,UNKNOWN,NONE,Individual boards and members UNKNOWN; discount rate subject to Board review.,06-design-discussion-representation-catalog.md:257
body.us.treasury.tbac,Treasury Borrowing Advisory Committee,instance,type.decision_body.default,DecisionBody,Treasury,false,1,participant_cognition,PARTICIPANT_DISTRIBUTION,named,typed,fits,UNKNOWN,NONE,Advisory only; recommendations are claims not authorizations.,06-design-discussion-representation-catalog.md:259
coalition.il.governing_parties,Israeli governing coalition parties,instance,type.coalition.default,Coalition,sovereign_regional,false,1,none,MECHANICAL_OR_ADAPTER,named,identity_only,fits,UNKNOWN,NONE,"Coalition candidate, not a unitary sovereign cognition owner.",04-design-discussion-minimum-simulation-kernel.md:1346
coalition.ir.factional_networks,Iranian factional networks,instance,type.coalition.default,Coalition,sovereign_regional,false,1,none,MECHANICAL_OR_ADAPTER,named,identity_only,fits,UNKNOWN,NONE,Aggregate coalition subject as explicitly named; constituent membership remains UNKNOWN.,04-design-discussion-minimum-simulation-kernel.md:1347
coalition.ru.elite_networks,Russian elite networks,instance,type.coalition.default,Coalition,sovereign_regional,false,1,none,MECHANICAL_OR_ADAPTER,named,identity_only,fits,UNKNOWN,NONE,Aggregate coalition subject as explicitly named.,04-design-discussion-minimum-simulation-kernel.md:1352
coalition.uk.parties,United Kingdom parties,instance,type.coalition.default,Coalition,sovereign_regional,false,1,none,MECHANICAL_OR_ADAPTER,named,identity_only,fits,UNKNOWN,NONE,Aggregate political coalition subject as explicitly named.,04-design-discussion-minimum-simulation-kernel.md:1351
cohort.foreign.central_bank,Foreign central banks,instance,type.institution.default,Institution,financial,false,1,participant_cognition,PARTICIPANT_DISTRIBUTION,named,typed,fits,UNKNOWN,NONE,Promoted independently of sovereign container; membership and scope unresolved. Manifest selection deferred until ownership/relationship/transmission/scenario/probe closure validates.,06-design-discussion-representation-catalog.md:284;05-design-discussion-representation-bible.md:121
cohort.foreign.central_banks,Foreign central banks,instance,type.organization_cohort.default,OrganizationCohort,sovereign_regional,false,1,cohort_response,ORGANIZATION_COHORT_RESPONSE,named,identity_only,fits,UNKNOWN,NONE,Aggregate foreign institution fallback; promoted central banks replace declared scope only.,06-design-discussion-representation-catalog.md:284
cohort.foreign.finance_ministries,Foreign finance ministries,instance,type.organization_cohort.default,OrganizationCohort,sovereign_regional,false,1,cohort_response,ORGANIZATION_COHORT_RESPONSE,named,identity_only,fits,UNKNOWN,NONE,Aggregate foreign institution fallback; promoted ministries replace declared scope only.,06-design-discussion-representation-catalog.md:284
cohort.foreign.finance_ministry,Foreign finance ministries,instance,type.institution.default,Institution,financial,false,1,participant_cognition,PARTICIPANT_DISTRIBUTION,named,typed,fits,UNKNOWN,NONE,Promoted independently of sovereign container; membership and scope unresolved. Manifest selection deferred until ownership/relationship/transmission/scenario/probe closure validates.,06-design-discussion-representation-catalog.md:284;05-design-discussion-representation-bible.md:121
cohort.foreign.sovereign_fund,Foreign sovereign funds,instance,type.institution.default,Institution,financial,false,1,participant_cognition,PARTICIPANT_DISTRIBUTION,named,typed,fits,UNKNOWN,NONE,Promoted independently of sovereign container; membership and scope unresolved. Manifest selection deferred until ownership/relationship/transmission/scenario/probe closure validates.,06-design-discussion-representation-catalog.md:284;05-design-discussion-representation-bible.md:121
cohort.foreign.sovereign_funds,Foreign sovereign funds,instance,type.organization_cohort.default,OrganizationCohort,sovereign_regional,false,1,cohort_response,ORGANIZATION_COHORT_RESPONSE,named,identity_only,fits,UNKNOWN,NONE,Aggregate foreign institution fallback; promoted funds retain independent asset ownership.,06-design-discussion-representation-catalog.md:284
cohort.foreign.state_bank,Foreign state banks,instance,type.institution.default,Institution,financial,false,1,participant_cognition,PARTICIPANT_DISTRIBUTION,named,typed,fits,UNKNOWN,NONE,Promoted independently of sovereign container; membership and scope unresolved. Manifest selection deferred until ownership/relationship/transmission/scenario/probe closure validates.,06-design-discussion-representation-catalog.md:284;05-design-discussion-representation-bible.md:121
cohort.foreign.state_banks,Foreign state banks,instance,type.organization_cohort.default,OrganizationCohort,sovereign_regional,false,1,cohort_response,ORGANIZATION_COHORT_RESPONSE,named,identity_only,fits,UNKNOWN,NONE,Aggregate foreign institution fallback; promoted banks retain independent balance-sheet ownership.,06-design-discussion-representation-catalog.md:284
cohort.us.asset_manager,Asset managers,instance,type.organization_cohort.default,OrganizationCohort,financial,false,1,cohort_response,ORGANIZATION_COHORT_RESPONSE,named,typed,fits,UNKNOWN,NONE,May instead be promoted as Institution by selected tier; exact selection unresolved. Manifest selection deferred until ownership/relationship/transmission/scenario/probe closure validates.,06-design-discussion-representation-catalog.md:281
cohort.us.bank.community_credit_union,Community banks and credit unions,instance,type.organization_cohort.default,OrganizationCohort,financial,false,1,cohort_response,ORGANIZATION_COHORT_RESPONSE,named,typed,fits,UNKNOWN,NONE,"Distribution is by size, geography, and funding mix. Manifest selection deferred until ownership/relationship/transmission/scenario/probe closure validates.",06-design-discussion-representation-catalog.md:285
cohort.us.bank.systemically_important,Systemically important banks,instance,type.institution.default,Institution,financial,false,1,participant_cognition,PARTICIPANT_DISTRIBUTION,named,typed,fits,UNKNOWN,NONE,"Primary-dealer status is eligibility plus conferred designation affiliation, not a clade. Manifest selection deferred until ownership/relationship/transmission/scenario/probe closure validates.",06-design-discussion-representation-catalog.md:278
cohort.us.custodian.tri_party,Tri-party custodians,instance,type.institution.default,Institution,financial,false,1,participant_cognition,PARTICIPANT_DISTRIBUTION,named,typed,fits,UNKNOWN,NONE,Custodian makes discretionary intraday-credit decisions; tri-party allocation and operational availability belong to a separate MechanicalSystem. Manifest selection deferred until ownership/relationship/transmission/scenario/probe closure validates.,06-design-discussion-representation-catalog.md:282;06-design-discussion-representation-catalog.md:336
cohort.us.dealer.non_primary,Non-primary broker-dealers,instance,type.organization_cohort.default,OrganizationCohort,financial,false,1,cohort_response,ORGANIZATION_COHORT_RESPONSE,named,typed,fits,UNKNOWN,NONE,Shallow cohort; member roster and fallback unresolved. Manifest selection deferred until ownership/relationship/transmission/scenario/probe closure validates.,06-design-discussion-representation-catalog.md:286
cohort.us.fund.money_market_complex,Money-market fund complexes,instance,type.organization_cohort.default,OrganizationCohort,financial,false,1,cohort_response,ORGANIZATION_COHORT_RESPONSE,named,typed,fits,UNKNOWN,NONE,May instead be promoted as Institution by selected tier; exact selection unresolved. Manifest selection deferred until ownership/relationship/transmission/scenario/probe closure validates.,06-design-discussion-representation-catalog.md:281
cohort.us.fund.small_hedge,Small hedge funds,instance,type.organization_cohort.default,OrganizationCohort,financial,false,1,cohort_response,ORGANIZATION_COHORT_RESPONSE,named,typed,fits,UNKNOWN,NONE,Shallow cohort; member roster and fallback unresolved. Manifest selection deferred until ownership/relationship/transmission/scenario/probe closure validates.,06-design-discussion-representation-catalog.md:286
cohort.us.insurer,Insurers,instance,type.organization_cohort.default,OrganizationCohort,financial,false,1,cohort_response,ORGANIZATION_COHORT_RESPONSE,named,typed,fits,UNKNOWN,NONE,May instead be promoted as Institution by selected tier; exact selection unresolved. Manifest selection deferred until ownership/relationship/transmission/scenario/probe closure validates.,06-design-discussion-representation-catalog.md:281
cohort.us.insurer.regional,Regional insurers,instance,type.organization_cohort.default,OrganizationCohort,financial,false,1,cohort_response,ORGANIZATION_COHORT_RESPONSE,named,typed,fits,UNKNOWN,NONE,Shallow cohort; member roster and fallback unresolved. Manifest selection deferred until ownership/relationship/transmission/scenario/probe closure validates.,06-design-discussion-representation-catalog.md:286
cohort.us.pension,Pensions,instance,type.organization_cohort.default,OrganizationCohort,financial,false,1,cohort_response,ORGANIZATION_COHORT_RESPONSE,named,typed,fits,UNKNOWN,NONE,May instead be promoted as Institution by selected tier; exact selection unresolved. Manifest selection deferred until ownership/relationship/transmission/scenario/probe closure validates.,06-design-discussion-representation-catalog.md:281
facility.central_bank.swap_lines,Central-bank swap facilities,instance,type.facility.default,Facility,sovereign_regional,false,1,none,MECHANICAL_OR_ADAPTER,named,identity_only,fits,UNKNOWN,NONE,"One facility per operating side is required when instantiated; this candidate is the named cross-border facility family, not a liquidity stock owner.",06-design-discussion-representation-catalog.md:338-339
facility.fima_repo,FIMA repo facility,instance,type.facility.default,Facility,sovereign_regional,false,1,none,MECHANICAL_OR_ADAPTER,named,identity_only,fits,UNKNOWN,NONE,Named cross-border liquidity facility; eligibility is a rule and participant balances remain owned by legal/accounting subjects.,06-design-discussion-representation-catalog.md:338;06-design-discussion-representation-catalog.md:378
facility.us.federal_reserve.discount_window,Discount Window,instance,type.facility.default,Facility,Fed,false,1,none,MECHANICAL_OR_ADAPTER,named,typed,fits,UNKNOWN,NONE,Operating Reserve Bank depends on borrower; terms UNKNOWN.,06-design-discussion-representation-catalog.md:338;07-design-discussion-burrow-composition-probe.md:143
facility.us.federal_reserve.fima_repo,FIMA Repo Facility,instance,type.facility.default,Facility,Fed,false,1,none,MECHANICAL_OR_ADAPTER,named,identity_only,fits,UNKNOWN,NONE,Terms/eligible account holders UNKNOWN.,06-design-discussion-representation-catalog.md:338;06-design-discussion-representation-catalog.md:378
facility.us.federal_reserve.rrp,Reverse Repo Facility,instance,type.facility.default,Facility,Fed,false,1,none,MECHANICAL_OR_ADAPTER,named,identity_only,fits,UNKNOWN,NONE,Terms/eligibility UNKNOWN.,06-design-discussion-representation-catalog.md:338
facility.us.federal_reserve.section_13_3,Section 13(3) Facility,instance,type.facility.default,Facility,Fed,false,1,none,MECHANICAL_OR_ADAPTER,named,identity_only,fits,UNKNOWN,NONE,Specific vehicle and selected era UNKNOWN.,06-design-discussion-representation-catalog.md:338;07-design-discussion-burrow-composition-probe.md:160-173
facility.us.federal_reserve.srf,Standing Repo Facility,instance,type.facility.default,Facility,Fed,false,1,none,MECHANICAL_OR_ADAPTER,named,typed,fits,UNKNOWN,NONE,Terms/caps/eligibility and period UNKNOWN; FOMC authorizes terms as stated.,06-design-discussion-representation-catalog.md:997-1020
federated.euro_area,Euro area,instance,type.federated_system.default,FederatedSystem,sovereign_regional,false,1,none,MECHANICAL_OR_ADAPTER,named,identity_only,fits,UNKNOWN,NONE,"Federated composition root, not a sovereign; ECB, national central banks, Commission, member governments, banks, and principals retain their own state and action ownership.",04-design-discussion-minimum-simulation-kernel.md:1349;05-design-discussion-representation-bible.md:122-123;06-design-discussion-representation-catalog.md:366
federation.us.federal_reserve,Federal Reserve System,instance,type.federated_system.default,FederatedSystem,Fed,false,1,none,MECHANICAL_OR_ADAPTER,named,structural,fits,UNKNOWN,NONE,Board/Reserve Bank roster has a stated twelve-bank composition; current period UNKNOWN; consolidated balance sheet derived and system owns no stocks.,06-design-discussion-representation-catalog.md:269;06-design-discussion-representation-catalog.md:955-960
generator.chokepoint_blockage,Chokepoint blockage hazards,instance,type.generator.default,Generator,sovereign_regional,false,1,none,MECHANICAL_OR_ADAPTER,named,identity_only,fits,UNKNOWN,NONE,Generator supplies keyed initiating facts only. Incident-tape fallback is UNKNOWN.,06-design-discussion-representation-catalog.md:375;05-design-discussion-representation-bible.md:125
generator.cyber,Cyber hazards,instance,type.generator.default,Generator,sovereign_regional,false,1,none,MECHANICAL_OR_ADAPTER,named,identity_only,fits,UNKNOWN,NONE,Generator supplies keyed initiating facts only. Incident-tape fallback is UNKNOWN.,06-design-discussion-representation-catalog.md:375;05-design-discussion-representation-bible.md:125
generator.drought,Drought hazards,instance,type.generator.default,Generator,sovereign_regional,false,1,none,MECHANICAL_OR_ADAPTER,named,identity_only,fits,UNKNOWN,NONE,Generator supplies keyed initiating facts only. Incident-tape fallback is UNKNOWN.,06-design-discussion-representation-catalog.md:375;05-design-discussion-representation-bible.md:125
generator.gaffe_leak,Gaffe and leak hazards,instance,type.generator.default,Generator,sovereign_regional,false,1,none,MECHANICAL_OR_ADAPTER,named,identity_only,fits,UNKNOWN,NONE,Generator supplies keyed initiating facts only. Incident-tape fallback is UNKNOWN.,06-design-discussion-representation-catalog.md:375;05-design-discussion-representation-bible.md:125
generator.geological,Geological hazards,instance,type.generator.default,Generator,sovereign_regional,false,1,none,MECHANICAL_OR_ADAPTER,named,identity_only,fits,UNKNOWN,NONE,Generator supplies keyed initiating facts only. Incident-tape fallback is UNKNOWN.,06-design-discussion-representation-catalog.md:375;05-design-discussion-representation-bible.md:125
generator.outbreak,Outbreak initiation,instance,type.generator.default,Generator,sovereign_regional,false,1,none,MECHANICAL_OR_ADAPTER,named,identity_only,fits,UNKNOWN,NONE,Generator supplies keyed initiating facts only. Incident-tape fallback is UNKNOWN.,06-design-discussion-representation-catalog.md:375;05-design-discussion-representation-bible.md:125
generator.statistical_release_failure,Statistical release failure,instance,type.generator.default,Generator,sovereign_regional,false,1,none,MECHANICAL_OR_ADAPTER,named,identity_only,fits,UNKNOWN,NONE,Generator supplies keyed initiating facts only. Incident-tape fallback is UNKNOWN.,06-design-discussion-representation-catalog.md:375;05-design-discussion-representation-bible.md:125
generator.technological_breakthrough,Technological breakthrough hazards,instance,type.generator.default,Generator,sovereign_regional,false,1,none,MECHANICAL_OR_ADAPTER,named,identity_only,fits,UNKNOWN,NONE,Generator supplies keyed initiating facts only. Incident-tape fallback is UNKNOWN.,06-design-discussion-representation-catalog.md:375;05-design-discussion-representation-bible.md:125
generator.weather,Weather hazards,instance,type.generator.default,Generator,sovereign_regional,false,1,none,MECHANICAL_OR_ADAPTER,named,identity_only,fits,UNKNOWN,NONE,Generator supplies keyed initiating facts only; it cannot own downstream prices or output final outcomes. Incident-tape fallback is UNKNOWN.,06-design-discussion-representation-catalog.md:375;05-design-discussion-representation-bible.md:125
generator.wildfire,Wildfire hazards,instance,type.generator.default,Generator,sovereign_regional,false,1,none,MECHANICAL_OR_ADAPTER,named,identity_only,fits,UNKNOWN,NONE,Generator supplies keyed initiating facts only. Incident-tape fallback is UNKNOWN.,06-design-discussion-representation-catalog.md:375;05-design-discussion-representation-bible.md:125
industry.arabian_peninsula.gas,Arabian Peninsula gas production,instance,type.industry.resource_production,IndustryCohort,physical_products,false,1,cohort_response,ORGANIZATION_COHORT_RESPONSE,named,identity_only,fits,UNKNOWN,NONE,Country and firm allocation LNG capability and residual shares UNKNOWN.,user-request:strategic-resource-regions
industry.arabian_peninsula.petroleum,Arabian Peninsula petroleum production,instance,type.industry.resource_production,IndustryCohort,physical_products,false,1,cohort_response,ORGANIZATION_COHORT_RESPONSE,named,identity_only,fits,UNKNOWN,NONE,Named firms institutions rights capacity inventories and residual shares UNKNOWN.,05-design-discussion-representation-bible.md:665-667
industry.caucasus.petroleum,Caucasus petroleum production,instance,type.industry.resource_production,IndustryCohort,physical_products,false,1,cohort_response,ORGANIZATION_COHORT_RESPONSE,named,identity_only,fits,UNKNOWN,NONE,Country firm field rights capacity inventories and residual shares UNKNOWN.,user-request:strategic-resource-regions
industry.congo_basin.forestry,Congo Basin forestry,instance,type.industry.resource_production,IndustryCohort,physical_products,false,1,cohort_response,ORGANIZATION_COHORT_RESPONSE,named,identity_only,fits,UNKNOWN,NONE,Concessions operators legal harvest shares and residual reconciliation UNKNOWN.,https://www.fao.org/interactive/forest-resources-assessment/2020/en/
industry.drc.copper_cobalt,DRC copper and cobalt extraction,instance,type.industry.resource_production,IndustryCohort,physical_products,false,1,cohort_response,ORGANIZATION_COHORT_RESPONSE,named,identity_only,fits,UNKNOWN,NONE,Named owners rights sites ore grades capacity and residual shares UNKNOWN.,https://pubs.usgs.gov/myb/vol3/2020/myb3-2020-congo-kinshasa.pdf
inst.global.bis,Bank for International Settlements,instance,type.institution.default,Institution,financial,false,1,participant_cognition,PARTICIPANT_DISTRIBUTION,named,typed,fits,UNKNOWN,NONE,"Structure, ownership, fallback, and residual unresolved. Manifest selection deferred until ownership/relationship/transmission/scenario/probe closure validates.",06-design-discussion-representation-catalog.md:283
inst.global.imf,International Monetary Fund,instance,type.institution.default,Institution,financial,false,1,participant_cognition,PARTICIPANT_DISTRIBUTION,named,typed,fits,UNKNOWN,NONE,"Structure, ownership, fallback, and residual unresolved. Manifest selection deferred until ownership/relationship/transmission/scenario/probe closure validates.",06-design-discussion-representation-catalog.md:283
inst.global.settlement.cls,CLS,instance,type.institution.default,Institution,financial,false,1,participant_cognition,PARTICIPANT_DISTRIBUTION,named,typed,fits,UNKNOWN,NONE,"Chartered firm with board, members, accounts, and discretionary acts; operated machinery is a promoted subobject. Manifest selection deferred until ownership/relationship/transmission/scenario/probe closure validates.",06-design-discussion-representation-catalog.md:282
inst.us.clearing.cme,CME Clearing,instance,type.institution.default,Institution,financial,false,1,participant_cognition,PARTICIPANT_DISTRIBUTION,named,typed,fits,UNKNOWN,NONE,"Chartered firm with board, members, accounts, and discretionary margin, membership, and default-management acts; operates a promoted clearing subobject. Manifest selection deferred until ownership/relationship/transmission/scenario/probe closure validates.",06-design-discussion-representation-catalog.md:282;06-design-discussion-representation-catalog.md:345
inst.us.clearing.ficc,Fixed Income Clearing Corporation,instance,type.institution.default,Institution,financial,false,1,participant_cognition,PARTICIPANT_DISTRIBUTION,named,typed,fits,UNKNOWN,NONE,"Chartered firm with board, members, accounts, and discretionary margin, membership, and default-management acts; operates a promoted clearing subobject. Manifest selection deferred until ownership/relationship/transmission/scenario/probe closure validates.",06-design-discussion-representation-catalog.md:282;06-design-discussion-representation-catalog.md:337
inst.us.cme,CME,instance,type.institution.default,Institution,markets,false,1,participant_cognition,PARTICIPANT_DISTRIBUTION,named,identity_only,fits,UNKNOWN,NONE,Promoted clearing subobject and exact organization details UNKNOWN.,06-design-discussion-representation-catalog.md:282;06-design-discussion-representation-catalog.md:345
inst.us.depository.dtcc,Depository Trust & Clearing Corporation,instance,type.institution.default,Institution,financial,false,1,participant_cognition,PARTICIPANT_DISTRIBUTION,named,typed,fits,UNKNOWN,NONE,"Chartered firm with board, members, accounts, and discretionary margin, membership, and default-management acts; operated machinery is a promoted subobject. Manifest selection deferred until ownership/relationship/transmission/scenario/probe closure validates.",06-design-discussion-representation-catalog.md:282
inst.us.federal_reserve.reserve_banks_other,Other Eleven Federal Reserve Banks,instance,type.institution.default,Institution,Fed,false,1,participant_cognition,ORGANIZATION_COHORT_RESPONSE,named,identity_only,fits,UNKNOWN,NONE,Individual identities intentionally shallow; separately chartered corporations with member-bank capital.,06-design-discussion-representation-catalog.md:271;06-design-discussion-representation-catalog.md:960
inst.us.fhlb.system,Federal Home Loan Bank system,instance,type.institution.default,Institution,financial,false,1,participant_cognition,PARTICIPANT_DISTRIBUTION,named,typed,fits,UNKNOWN,NONE,"Structure, ownership, fallback, and residual unresolved. Manifest selection deferred until ownership/relationship/transmission/scenario/probe closure validates.",06-design-discussion-representation-catalog.md:277
inst.us.ficc,FICC,instance,type.institution.default,Institution,markets,false,1,participant_cognition,PARTICIPANT_DISTRIBUTION,named,typed,fits,UNKNOWN,NONE,Owns discretionary margin/membership/default-management functions.,06-design-discussion-representation-catalog.md:282;06-design-discussion-representation-catalog.md:337
inst.us.fund.macro_fund_7,Macro Fund 7,instance,type.institution.default,Institution,financial,false,1,participant_cognition,PARTICIPANT_DISTRIBUTION,named,typed,fits,UNKNOWN,NONE,"Specific fund type, ownership, relationships, and fallback unresolved. Manifest selection deferred until ownership/relationship/transmission/scenario/probe closure validates.",06-design-discussion-representation-catalog.md:280;task.md:880-889
inst.us.fund.pamplona_brothers,Pamplona Brothers,instance,type.institution.default,Institution,financial,false,1,participant_cognition,PARTICIPANT_DISTRIBUTION,named,typed,fits,UNKNOWN,NONE,"Specific fund type, ownership, relationships, and fallback unresolved. Manifest selection deferred until ownership/relationship/transmission/scenario/probe closure validates.",06-design-discussion-representation-catalog.md:280
inst.us.gse.fannie_mae,Fannie Mae,instance,type.institution.default,Institution,financial,false,1,participant_cognition,PARTICIPANT_DISTRIBUTION,named,typed,fits,UNKNOWN,NONE,"Conservatorship is a live ResolutionProceeding, not a static attribute. Manifest selection deferred until ownership/relationship/transmission/scenario/probe closure validates.",06-design-discussion-representation-catalog.md:277
inst.us.gse.freddie_mac,Freddie Mac,instance,type.institution.default,Institution,financial,false,1,participant_cognition,PARTICIPANT_DISTRIBUTION,named,typed,fits,UNKNOWN,NONE,"Conservatorship is a live ResolutionProceeding, not a static attribute. Manifest selection deferred until ownership/relationship/transmission/scenario/probe closure validates.",06-design-discussion-representation-catalog.md:277
inst.us.primary_dealers,Primary Dealers,instance,type.organization_cohort.default,OrganizationCohort,markets,false,1,cohort_response,ORGANIZATION_COHORT_RESPONSE,named,typed,fits,UNKNOWN,NONE,Membership is a designation/eligibility affiliation; firms UNKNOWN.,06-design-discussion-representation-catalog.md:278;06-design-discussion-representation-catalog.md:378
inst.us.systemically_important_banks,Systemically Important Banks,instance,type.organization_cohort.default,OrganizationCohort,markets,false,1,cohort_response,ORGANIZATION_COHORT_RESPONSE,named,identity_only,fits,UNKNOWN,NONE,Individual banks UNKNOWN.,06-design-discussion-representation-catalog.md:278;04-design-discussion-minimum-simulation-kernel.md:808
inst.us.treasury,U.S. Treasury,instance,type.institution.default,Institution,Treasury,false,1,participant_cognition,PARTICIPANT_DISTRIBUTION,named,typed,fits,UNKNOWN,NONE,Includes ESF as distinct account with distinct authority.,06-design-discussion-representation-catalog.md:272
institution.bis,Bank for International Settlements,instance,type.institution.default,Institution,sovereign_regional,false,1,cohort_response,ORGANIZATION_COHORT_RESPONSE,named,identity_only,fits,UNKNOWN,NONE,Named foreign institution candidate; no unresearched country-level ownership is implied.,06-design-discussion-representation-catalog.md:283
institution.imf,International Monetary Fund,instance,type.institution.default,Institution,sovereign_regional,false,1,cohort_response,ORGANIZATION_COHORT_RESPONSE,named,identity_only,fits,UNKNOWN,NONE,Named foreign institution candidate; no unresearched country-level ownership is implied.,06-design-discussion-representation-catalog.md:283
institution.media.aftv,AFTV operating company,instance,type.institution.default,Institution,media_information,false,1,none,PARTICIPANT_DISTRIBUTION,named,typed,fits,UNKNOWN,NONE,The source distinguishes the company from the Outlet; operating-company legal name is UNKNOWN.,06-design-discussion-representation-catalog.md:371;05-design-discussion-representation-bible.md:1691
institution.media.gnbc,GNBC operating company,instance,type.institution.default,Institution,media_information,false,1,none,PARTICIPANT_DISTRIBUTION,named,typed,fits,UNKNOWN,NONE,The source distinguishes the company from the Outlet; operating-company legal name is UNKNOWN.,06-design-discussion-representation-catalog.md:371;05-design-discussion-representation-bible.md:1691
institution.media.honkbox,HonkBox platform firm,instance,type.institution.default,Institution,media_information,false,1,none,PARTICIPANT_DISTRIBUTION,named,typed,fits,UNKNOWN,NONE,Platform-firm component of HonkBox; it is distinct from ranking and diffusion.,06-design-discussion-representation-catalog.md:373;06-design-discussion-representation-catalog.md:982-985
institution.media.loonberg,Loonberg operating company,instance,type.institution.default,Institution,media_information,false,1,none,PARTICIPANT_DISTRIBUTION,named,typed,fits,UNKNOWN,NONE,"The source distinguishes the company, which owns money and employment contracts, from its Outlet; operating-company legal name is UNKNOWN.",06-design-discussion-representation-catalog.md:371;05-design-discussion-representation-bible.md:1691
institution.media.wool_street_journal,Wool Street Journal operating company,instance,type.institution.default,Institution,media_information,false,1,none,PARTICIPANT_DISTRIBUTION,named,typed,fits,UNKNOWN,NONE,The source distinguishes the company from the Outlet; operating-company legal name is UNKNOWN.,06-design-discussion-representation-catalog.md:371;05-design-discussion-representation-bible.md:1691
institution.us.american.bankers.association,American Bankers Association,instance,type.institution.default,Institution,populations_organizations,false,1,none,ATTRIBUTED_MODEL,named,identity_only,fits,UNKNOWN,NONE,Membership and advocacy institution; represented constituency is organization.us.all.banks. Exact scope and unit are UNKNOWN; no singular humanlike cognition is implied.,06-design-discussion-representation-catalog.md:303
institution.us.bank.policy.institute,Bank policy institute,instance,type.institution.default,Institution,populations_organizations,false,1,none,ATTRIBUTED_MODEL,named,identity_only,fits,UNKNOWN,NONE,"Membership and advocacy institution; represented constituency is organization.us.large.banks. Exact identity, scope, and unit are UNKNOWN; no singular humanlike cognition is implied.",06-design-discussion-representation-catalog.md:303
institution.us.bea,Bureau of Economic Analysis,instance,type.institution.default,Institution,media_information,false,1,none,PARTICIPANT_DISTRIBUTION,named,typed,fits,UNKNOWN,NONE,Publisher of PCE; institution details outside this inventory are UNKNOWN.,06-design-discussion-representation-catalog.md:1043
institution.us.bls,Bureau of Labor Statistics,instance,type.institution.default,Institution,media_information,false,1,none,PARTICIPANT_DISTRIBUTION,named,typed,fits,UNKNOWN,NONE,Publisher of CPI; institution details outside this inventory are UNKNOWN.,06-design-discussion-representation-catalog.md:1043
institution.us.chamber.of.commerce,Chamber of commerce,instance,type.institution.default,Institution,populations_organizations,false,1,none,ATTRIBUTED_MODEL,named,identity_only,fits,UNKNOWN,NONE,Membership and advocacy institution; represented constituency is organization.us.business.generally. Exact scope and unit are UNKNOWN; no singular humanlike cognition is implied.,06-design-discussion-representation-catalog.md:308
institution.us.community.reinvestment.advocates,Community reinvestment advocates,instance,type.institution.default,Institution,populations_organizations,false,1,none,ATTRIBUTED_MODEL,named,identity_only,fits,UNKNOWN,NONE,"Membership and advocacy institution; represented constituency is low-income and underserved borrowers, whose exact base and unit are UNKNOWN. Exact scope is UNKNOWN; no singular humanlike cognition is implied.",06-design-discussion-representation-catalog.md:310
institution.us.consumer.finance.advocates,Consumer-finance advocates,instance,type.institution.default,Institution,populations_organizations,false,1,none,ATTRIBUTED_MODEL,named,identity_only,fits,UNKNOWN,NONE,"Membership and advocacy institution; represented constituency is low-income and underserved borrowers, whose exact base and unit are UNKNOWN. Exact scope is UNKNOWN; no singular humanlike cognition is implied.",06-design-discussion-representation-catalog.md:310
institution.us.farm.bureau.analogue,Farm bureau analogue,instance,type.institution.default,Institution,populations_organizations,false,1,none,ATTRIBUTED_MODEL,named,identity_only,fits,UNKNOWN,NONE,"Membership and advocacy institution; represented constituency is organization.us.agricultural.producers. Exact identity, scope, and unit are UNKNOWN; no singular humanlike cognition is implied.",06-design-discussion-representation-catalog.md:311
institution.us.homebuilders,Homebuilders,instance,type.institution.default,Institution,populations_organizations,false,1,none,ATTRIBUTED_MODEL,named,identity_only,fits,UNKNOWN,NONE,Membership and advocacy institution; represented constituency is organization.us.homebuilders. Exact scope and unit are UNKNOWN; no singular humanlike cognition is implied.,06-design-discussion-representation-catalog.md:306
institution.us.independent.community.bankers,Independent community bankers,instance,type.institution.default,Institution,populations_organizations,false,1,none,ATTRIBUTED_MODEL,named,identity_only,fits,UNKNOWN,NONE,"Membership and advocacy institution; represented constituency is organization.us.community.banks.credit.unions. Exact identity, scope, and unit are UNKNOWN; no singular humanlike cognition is implied.",06-design-discussion-representation-catalog.md:303
institution.us.investment.company.institute.analogue,Investment company institute analogue,instance,type.institution.default,Institution,populations_organizations,false,1,none,ATTRIBUTED_MODEL,named,identity_only,fits,UNKNOWN,NONE,"Membership and advocacy institution; represented constituency is organization.us.money.market.mutual.funds. Exact identity, scope, and unit are UNKNOWN; no singular humanlike cognition is implied.",06-design-discussion-representation-catalog.md:296;06-design-discussion-representation-catalog.md:302;05-design-discussion-representation-bible.md:170
institution.us.labor.federation,Labor federation,instance,type.institution.default,Institution,populations_organizations,false,1,none,ATTRIBUTED_MODEL,named,identity_only,fits,UNKNOWN,NONE,"Membership and advocacy institution; represented constituency is workers by sector, whose base and unit are UNKNOWN. Exact scope and unit are UNKNOWN; no singular humanlike cognition is implied.",06-design-discussion-representation-catalog.md:309
institution.us.managed.funds.association,Managed funds association,instance,type.institution.default,Institution,populations_organizations,false,1,none,ATTRIBUTED_MODEL,named,identity_only,fits,UNKNOWN,NONE,"Membership and advocacy institution; represented constituency is organization.us.hedge.funds. Exact identity, scope, and unit are UNKNOWN; no singular humanlike cognition is implied.",06-design-discussion-representation-catalog.md:305
institution.us.member.unions,Member unions,instance,type.institution.default,Institution,populations_organizations,false,1,none,ATTRIBUTED_MODEL,named,identity_only,fits,UNKNOWN,NONE,"Membership and advocacy institutions; represented constituency is workers by sector, whose base and unit are UNKNOWN. Exact scope and unit are UNKNOWN; no singular humanlike cognition is implied.",06-design-discussion-representation-catalog.md:309
institution.us.mortgage.bankers,Mortgage bankers,instance,type.institution.default,Institution,populations_organizations,false,1,none,ATTRIBUTED_MODEL,named,identity_only,fits,UNKNOWN,NONE,Membership and advocacy institution; represented constituency is organization.us.mortgage.originators. Exact scope and unit are UNKNOWN; no singular humanlike cognition is implied.,06-design-discussion-representation-catalog.md:306
institution.us.new_york_fed,New York Fed,instance,type.institution.default,Institution,media_information,false,1,none,PARTICIPANT_DISTRIBUTION,named,typed,fits,UNKNOWN,NONE,"Calculates and publishes SOFR from tri-party, GCF, and bilateral repo transaction data; broader Federal Reserve role details are outside this inventory.",06-design-discussion-representation-catalog.md:1030
institution.us.policy.institutes,Policy institutes,instance,type.institution.default,Institution,populations_organizations,false,1,none,ATTRIBUTED_MODEL,named,identity_only,fits,UNKNOWN,NONE,"Institution produces Claims without membership. Exact identities, scope, and unit are UNKNOWN; no singular humanlike cognition is implied.",06-design-discussion-representation-catalog.md:312
institution.us.realtors,Realtors,instance,type.institution.default,Institution,populations_organizations,false,1,none,ATTRIBUTED_MODEL,named,identity_only,fits,UNKNOWN,NONE,Membership and advocacy institution; represented constituency is organization.us.real.estate.agents. Exact scope and unit are UNKNOWN; no singular humanlike cognition is implied.,06-design-discussion-representation-catalog.md:306
institution.us.retiree.association.aarp.analogue,Retiree association (AARP analogue),instance,type.institution.default,Institution,populations_organizations,false,1,none,ATTRIBUTED_MODEL,named,identity_only,fits,UNKNOWN,NONE,"Membership and advocacy institution; represented constituency is pop.us.retirees, including near-retirees not separately defined. Exact identity, scope, and unit are UNKNOWN; no singular humanlike cognition is implied.",06-design-discussion-representation-catalog.md:307
institution.us.securities.industry.association,Securities industry association,instance,type.institution.default,Institution,populations_organizations,false,1,none,ATTRIBUTED_MODEL,named,identity_only,fits,UNKNOWN,NONE,"Membership and advocacy institution; represented constituency is organization.us.dealers.market.makers. Exact identity, scope, and unit are UNKNOWN; no singular humanlike cognition is implied.",06-design-discussion-representation-catalog.md:304
institution.us.small.business.federation,Small-business federation,instance,type.institution.default,Institution,populations_organizations,false,1,none,ATTRIBUTED_MODEL,named,identity_only,fits,UNKNOWN,NONE,Membership and advocacy institution; represented constituency is organization.us.small.firms. Exact scope and unit are UNKNOWN; no singular humanlike cognition is implied.,06-design-discussion-representation-catalog.md:308
institution.us.think.tanks,Think tanks,instance,type.institution.default,Institution,populations_organizations,false,1,none,ATTRIBUTED_MODEL,named,identity_only,fits,UNKNOWN,NONE,"Institution produces Claims without membership. Exact identities, scope, and unit are UNKNOWN; no singular humanlike cognition is implied.",06-design-discussion-representation-catalog.md:312
instrument.cross_border.capital_controls,Cross-border capital controls,instance,type.legal_instrument.default,LegalInstrument,sovereign_regional,false,1,none,MECHANICAL_OR_ADAPTER,named,identity_only,fits,UNKNOWN,NONE,Legal constraint candidate that changes the feasible transaction graph; it is not a sovereign cognition or balance-sheet container.,04-design-discussion-minimum-simulation-kernel.md:823;05-design-discussion-representation-bible.md:306
legal.us.dodd_frank,Dodd-Frank,instance,type.legal_instrument.statute,LegalInstrument,legal_records,false,1,none,MECHANICAL_OR_ADAPTER,named,identity_only,fits,UNKNOWN,NONE,"Fallback: fixed authority-graph state. Exact clause set, enactment history, and selected legal era are UNKNOWN.",05-design-discussion-representation-bible.md:223
legal.us.federal_reserve.section_13_3,Section 13(3) Legal Regime,instance,type.legal_instrument.default,LegalInstrument,Fed,false,1,none,MECHANICAL_OR_ADAPTER,named,typed,fits,UNKNOWN,NONE,Effective clause varies by selected period; Treasury-consent condition not asserted absent era.,06-design-discussion-representation-catalog.md:1519-1521;07-design-discussion-burrow-composition-probe.md:160-173
market.global.fx_spot_forward_basis,"FX spot, forward, and cross-currency basis markets",instance,type.market.default,Market,financial,false,1,none,MECHANICAL_OR_ADAPTER,named,typed,fits,UNKNOWN,NONE,Grouped editorial subject; market-instance split and scope unresolved. Manifest selection deferred until ownership/relationship/transmission/scenario/probe closure validates.,06-design-discussion-representation-catalog.md:343
market.us.corporate_bond,Corporate bond market,instance,type.market.default,Market,financial,false,1,none,MECHANICAL_OR_ADAPTER,named,typed,fits,UNKNOWN,NONE,"Ownership, fallback, and residual unresolved. Manifest selection deferred until ownership/relationship/transmission/scenario/probe closure validates.",06-design-discussion-representation-catalog.md:344
market.us.equity,Equity market,instance,type.market.default,Market,financial,false,1,none,MECHANICAL_OR_ADAPTER,named,typed,fits,UNKNOWN,NONE,"Ownership, fallback, and residual unresolved. Manifest selection deferred until ownership/relationship/transmission/scenario/probe closure validates.",06-design-discussion-representation-catalog.md:344
market.us.fed_funds,Federal funds market,instance,type.market.default,Market,financial,false,1,none,MECHANICAL_OR_ADAPTER,named,typed,fits,UNKNOWN,NONE,"Ownership, fallback, and residual unresolved. Manifest selection deferred until ownership/relationship/transmission/scenario/probe closure validates.",06-design-discussion-representation-catalog.md:340
market.us.mbs_tba,MBS TBA market,instance,type.market.default,Market,financial,false,1,none,MECHANICAL_OR_ADAPTER,named,typed,fits,UNKNOWN,NONE,"Ownership, fallback, and residual unresolved. Manifest selection deferred until ownership/relationship/transmission/scenario/probe closure validates.",06-design-discussion-representation-catalog.md:344
market.us.sofr_futures,SOFR futures market,instance,type.market.default,Market,financial,false,1,none,MECHANICAL_OR_ADAPTER,named,typed,fits,UNKNOWN,NONE,CME is the institution and clearing is a separate promoted subobject. Manifest selection deferred until ownership/relationship/transmission/scenario/probe closure validates.,06-design-discussion-representation-catalog.md:345
market.us.treasury.futures,Treasury Futures Market,instance,type.market.default,Market,markets,false,1,none,MECHANICAL_OR_ADAPTER,named,typed,fits,UNKNOWN,NONE,Specific contracts/deliverable baskets UNKNOWN.,06-design-discussion-representation-catalog.md:345;06-design-discussion-representation-catalog.md:1181
market.us.treasury_futures,Treasury futures market,instance,type.market.default,Market,financial,false,1,none,MECHANICAL_OR_ADAPTER,named,typed,fits,UNKNOWN,NONE,CME is the institution and clearing is a separate promoted subobject. Manifest selection deferred until ownership/relationship/transmission/scenario/probe closure validates.,06-design-discussion-representation-catalog.md:345
mechanism.export.arabian_peninsula.petroleum,Arabian Peninsula petroleum export handling,instance,type.mechanical.resource_operation,MechanicalSystem,physical_products,false,1,none,MECHANICAL_OR_ADAPTER,named,identity_only,fits,UNKNOWN,NONE,Ports pipelines storage custody title and capacity topology UNKNOWN.,05-design-discussion-representation-bible.md:286
mechanism.hydropower.caucasus,Caucasus hydropower and electricity systems,instance,type.mechanical.resource_operation,MechanicalSystem,physical_products,false,1,none,MECHANICAL_OR_ADAPTER,named,identity_only,fits,UNKNOWN,NONE,Operators reservoirs grid links dispatch and delivery ownership UNKNOWN.,04-design-discussion-minimum-simulation-kernel.md:932
mechanism.hydropower.congo_basin,Congo Basin hydropower systems,instance,type.mechanical.resource_operation,MechanicalSystem,physical_products,false,1,none,MECHANICAL_OR_ADAPTER,named,identity_only,fits,UNKNOWN,NONE,Operators reservoirs grid topology dispatch and delivery ownership UNKNOWN.,https://documents.worldbank.org/en/publication/documents-reports/documentdetail/099640012082414965
mechanism.transit.caucasus.energy,Caucasus energy transit corridors,instance,type.mechanical.resource_operation,MechanicalSystem,physical_products,false,1,none,MECHANICAL_OR_ADAPTER,named,identity_only,fits,UNKNOWN,NONE,Pipeline rail road port operators title custody capacity routes and losses UNKNOWN.,05-design-discussion-representation-bible.md:286
mechanism.transport.drc.minerals,DRC mineral transport and export corridors,instance,type.mechanical.resource_operation,MechanicalSystem,physical_products,false,1,none,MECHANICAL_OR_ADAPTER,named,identity_only,fits,UNKNOWN,NONE,Routes operators custody title queues capacity and loss UNKNOWN.,https://pubs.usgs.gov/myb/vol3/2020/myb3-2020-congo-kinshasa.pdf
mechanism.us.chips,CHIPS,instance,type.mechanical_system.default,MechanicalSystem,markets,false,1,none,MECHANICAL_OR_ADAPTER,named,identity_only,fits,UNKNOWN,NONE,Operator and operating-window parameters UNKNOWN.,06-design-discussion-representation-catalog.md:342
mechanism.us.fedwire.funds,Fedwire Funds,instance,type.mechanical_system.default,MechanicalSystem,Fed,false,1,none,MECHANICAL_OR_ADAPTER,named,identity_only,fits,UNKNOWN,NONE,Operator and operating-window parameters UNKNOWN.,06-design-discussion-representation-catalog.md:342
mechanism.us.fedwire.securities,Fedwire Securities,instance,type.mechanical_system.default,MechanicalSystem,Fed,false,1,none,MECHANICAL_OR_ADAPTER,named,identity_only,fits,UNKNOWN,NONE,Operator and operating-window parameters UNKNOWN.,06-design-discussion-representation-catalog.md:342
mechanism.us.ficc.sponsored_gcf_repo,FICC Sponsored and GCF Repo Clearing Subobject,instance,type.mechanical_system.default,MechanicalSystem,markets,false,1,none,MECHANICAL_OR_ADAPTER,named,typed,fits,UNKNOWN,NONE,Promoted clearing subobject; matching/netting engine; FICC parent owner.,06-design-discussion-representation-catalog.md:337
mechanism.us.nss,National Settlement Service,instance,type.mechanical_system.default,MechanicalSystem,Fed,false,1,none,MECHANICAL_OR_ADAPTER,named,identity_only,fits,UNKNOWN,NONE,Operator and operating-window parameters UNKNOWN.,06-design-discussion-representation-catalog.md:342
mechanism.water.arabian_peninsula,Arabian Peninsula water and desalination systems,instance,type.mechanical.resource_operation,MechanicalSystem,physical_products,false,1,none,MECHANICAL_OR_ADAPTER,named,identity_only,fits,UNKNOWN,NONE,Operators energy inputs capacities and allocation queues UNKNOWN.,user-request:strategic-resource-regions
network.media.goosetogetherstrong,GooseTogetherStrong,instance,type.network.default,Network,media_information,false,1,none,MECHANICAL_OR_ADAPTER,named,typed,fits,UNKNOWN,NONE,"Retail-investor forum: options mania, meme stocks, conspiracy narratives, accidental insight, and extreme amplification. No editorial office is defined.",task.md:765-775;06-design-discussion-representation-catalog.md:372
network.media.honkbox,HonkBox,instance,type.network.default,Network,media_information,false,1,none,MECHANICAL_OR_ADAPTER,named,typed,fits,UNKNOWN,NONE,"Twitter/X analogue: maximal speed; primary-source posts, rumors, bots, screenshots, shitposts, and political signaling. Ranking and diffusion are Network state, not an actor.",task.md:744-754;06-design-discussion-representation-catalog.md:373;06-design-discussion-representation-catalog.md:982-985
network.media.the_herd,The Herd,instance,type.network.default,Network,media_information,false,1,none,MECHANICAL_OR_ADAPTER,named,typed,fits,UNKNOWN,NONE,"Private professional information network equivalent to Bloomberg chat, Signal, or WhatsApp: fastest market rumor, narrow audience, high informational value, uncertain verification. It has no owner, slate, or offices.",task.md:733-742;06-design-discussion-representation-catalog.md:374;06-design-discussion-representation-catalog.md:995
office.media.aftv.anchor_chair,AFTV anchor chair,instance,type.office.default,Office,media_information,false,1,none,LIMITED_ROLE_HOLDER,named,typed,fits,UNKNOWN,NONE,Outlet office held by a role-holder; succession and authority details are UNKNOWN.,06-design-discussion-representation-catalog.md:1551;06-design-discussion-representation-catalog.md:1689
office.media.gnbc.anchor_chair,GNBC anchor chair,instance,type.office.default,Office,media_information,false,1,none,LIMITED_ROLE_HOLDER,named,typed,fits,UNKNOWN,NONE,Outlet office held by a role-holder; succession and authority details are UNKNOWN.,06-design-discussion-representation-catalog.md:1551;06-design-discussion-representation-catalog.md:1689
office.media.wool_street_journal.fed_beat,Wool Street Journal Fed beat,instance,type.office.default,Office,media_information,false,1,none,LIMITED_ROLE_HOLDER,named,typed,fits,UNKNOWN,NONE,Outlet office held by a role-holder; succession and authority details are UNKNOWN.,06-design-discussion-representation-catalog.md:1551;06-design-discussion-representation-catalog.md:1689
office.us.federal_reserve.division_director,Division Director,instance,type.office.default,Office,Fed,false,1,none,LIMITED_ROLE_HOLDER,named,identity_only,fits,UNKNOWN,NONE,Named divisions held as staff units; individual roles/holders UNKNOWN.,06-design-discussion-representation-catalog.md:246
office.us.federal_reserve.ny_president,Federal Reserve Bank of New York President,instance,type.office.default,Office,Fed,true,1,none,LIMITED_ROLE_HOLDER,named,probe_complete,fits,UNKNOWN,NONE,Current holder UNKNOWN; FOMC vice-chair status is custom not statute.,06-design-discussion-representation-catalog.md:244
office.us.federal_reserve.reserve_bank_president,Reserve Bank President,instance,type.office.default,Office,Fed,true,1,none,LIMITED_ROLE_HOLDER,named,probe_complete,fits,UNKNOWN,NONE,Individual presidents UNKNOWN; NY FOMC vice-chair custom and voting rotation statutory.,06-design-discussion-representation-catalog.md:244
office.us.federal_reserve.vice_chair,Vice Chair,instance,type.office.default,Office,Fed,false,1,none,LIMITED_ROLE_HOLDER,named,identity_only,fits,UNKNOWN,NONE,Holder UNKNOWN.,06-design-discussion-representation-catalog.md:243
office.us.federal_reserve.vice_chair_supervision,Vice Chair for Supervision,instance,type.office.default,Office,Fed,false,1,none,LIMITED_ROLE_HOLDER,named,identity_only,fits,UNKNOWN,NONE,Statutory powers distinguished; holder UNKNOWN.,06-design-discussion-representation-catalog.md:243
office.us.treasury.secretary,Treasury Secretary Office,instance,type.office.default,Office,Treasury,false,1,none,LIMITED_ROLE_HOLDER,named,identity_only,fits,UNKNOWN,NONE,Office-holder UNKNOWN.,06-design-discussion-representation-catalog.md:247
organization.us.agricultural.producers,Agricultural producers,instance,type.organization_cohort.default,OrganizationCohort,populations_organizations,false,1,cohort_response,ORGANIZATION_COHORT_RESPONSE,named,identity_only,fits,UNKNOWN,NONE,"Candidate organization constituency; base legal-person versus person-cell boundary, unit, and scenario scope are UNKNOWN.",06-design-discussion-representation-catalog.md:311
organization.us.all.banks,All banks,instance,type.organization_cohort.default,OrganizationCohort,populations_organizations,false,1,cohort_response,ORGANIZATION_COHORT_RESPONSE,named,identity_only,fits,UNKNOWN,NONE,"Candidate organization constituency; exact eligibility boundary, unit, and scenario scope are UNKNOWN.",06-design-discussion-representation-catalog.md:303
organization.us.asset.managers,Asset managers,instance,type.organization_cohort.default,OrganizationCohort,populations_organizations,false,1,cohort_response,ORGANIZATION_COHORT_RESPONSE,named,identity_only,fits,UNKNOWN,NONE,Candidate may instead resolve as Institution by tier; organization-cohort base is legal persons. Exact unit and scenario scope are UNKNOWN.,06-design-discussion-representation-catalog.md:281
organization.us.business.generally,Business generally,instance,type.organization_cohort.default,OrganizationCohort,populations_organizations,false,1,cohort_response,ORGANIZATION_COHORT_RESPONSE,named,identity_only,fits,UNKNOWN,NONE,"Candidate aggregate organization constituency; exact base, unit, and scenario scope are UNKNOWN.",06-design-discussion-representation-catalog.md:308
organization.us.community.banks.credit.unions,Community banks and credit unions by size geography and funding mix,instance,type.organization_cohort.default,OrganizationCohort,populations_organizations,false,1,cohort_response,ORGANIZATION_COHORT_RESPONSE,named,identity_only,fits,UNKNOWN,NONE,"Cohort of legal persons; base population is organizations, with count/distribution and aggregate accounts. Exact unit and scenario scope are UNKNOWN.",06-design-discussion-representation-catalog.md:285;05-design-discussion-representation-bible.md:170
organization.us.dealers.market.makers,Dealers and market makers,instance,type.organization_cohort.default,OrganizationCohort,populations_organizations,false,1,cohort_response,ORGANIZATION_COHORT_RESPONSE,named,identity_only,fits,UNKNOWN,NONE,"Candidate organization constituency; exact eligibility boundary, unit, and scenario scope are UNKNOWN.",06-design-discussion-representation-catalog.md:304
organization.us.endowments,Endowments,instance,type.organization_cohort.default,OrganizationCohort,populations_organizations,false,1,cohort_response,ORGANIZATION_COHORT_RESPONSE,named,identity_only,fits,UNKNOWN,NONE,"Cohort of legal persons; base population is organizations. Exact count, unit, and scenario scope are UNKNOWN.",06-design-discussion-representation-catalog.md:288
organization.us.hedge.funds,Hedge funds,instance,type.organization_cohort.default,OrganizationCohort,populations_organizations,false,1,cohort_response,ORGANIZATION_COHORT_RESPONSE,named,identity_only,fits,UNKNOWN,NONE,"Candidate organization constituency; exact eligibility boundary, unit, and scenario scope are UNKNOWN.",06-design-discussion-representation-catalog.md:305
organization.us.homebuilders,Homebuilders,instance,type.organization_cohort.default,OrganizationCohort,populations_organizations,false,1,cohort_response,ORGANIZATION_COHORT_RESPONSE,named,identity_only,fits,UNKNOWN,NONE,"Candidate organization constituency; exact eligibility boundary, unit, and scenario scope are UNKNOWN.",06-design-discussion-representation-catalog.md:306
organization.us.insurers,Insurers,instance,type.organization_cohort.default,OrganizationCohort,populations_organizations,false,1,cohort_response,ORGANIZATION_COHORT_RESPONSE,named,identity_only,fits,UNKNOWN,NONE,Candidate may instead resolve as Institution by tier; organization-cohort base is legal persons. Exact unit and scenario scope are UNKNOWN.,06-design-discussion-representation-catalog.md:281
organization.us.large.banks,Large banks,instance,type.organization_cohort.default,OrganizationCohort,populations_organizations,false,1,cohort_response,ORGANIZATION_COHORT_RESPONSE,named,identity_only,fits,UNKNOWN,NONE,"Candidate organization constituency; exact eligibility boundary, unit, and scenario scope are UNKNOWN.",06-design-discussion-representation-catalog.md:303
organization.us.money.market.fund.complexes,Money-market fund complexes,instance,type.organization_cohort.default,OrganizationCohort,populations_organizations,false,1,cohort_response,ORGANIZATION_COHORT_RESPONSE,named,identity_only,fits,UNKNOWN,NONE,Candidate may instead resolve as Institution by tier; organization-cohort base is legal persons. Exact unit and scenario scope are UNKNOWN.,06-design-discussion-representation-catalog.md:281
organization.us.money.market.mutual.funds,Money-market and mutual funds,instance,type.organization_cohort.default,OrganizationCohort,populations_organizations,false,1,cohort_response,ORGANIZATION_COHORT_RESPONSE,named,identity_only,fits,UNKNOWN,NONE,"Candidate cohort for the constituency named by the investment company institute analogue. Exact tier selection between Institution and OrganizationCohort, unit, and scope are UNKNOWN.",06-design-discussion-representation-catalog.md:281;06-design-discussion-representation-catalog.md:302
organization.us.mortgage.originators,Mortgage originators,instance,type.organization_cohort.default,OrganizationCohort,populations_organizations,false,1,cohort_response,ORGANIZATION_COHORT_RESPONSE,named,identity_only,fits,UNKNOWN,NONE,"Candidate organization constituency; exact eligibility boundary, unit, and scenario scope are UNKNOWN.",06-design-discussion-representation-catalog.md:306
organization.us.municipalities.by.rating.market.access,Municipalities by rating and market access,instance,type.organization_cohort.default,OrganizationCohort,populations_organizations,false,1,cohort_response,ORGANIZATION_COHORT_RESPONSE,named,identity_only,fits,UNKNOWN,NONE,"Cohort of legal persons; base population is municipalities, with rating and market-access selectors. Exact unit and scenario scope are UNKNOWN.",06-design-discussion-representation-catalog.md:287
organization.us.nonprimary.broker.dealers,Non-primary broker-dealers,instance,type.organization_cohort.default,OrganizationCohort,populations_organizations,false,1,cohort_response,ORGANIZATION_COHORT_RESPONSE,named,identity_only,fits,UNKNOWN,NONE,"Cohort of legal persons; base population is organizations. Exact count, unit, and scenario scope are UNKNOWN.",06-design-discussion-representation-catalog.md:286
organization.us.nonprofits,Nonprofits,instance,type.organization_cohort.default,OrganizationCohort,populations_organizations,false,1,cohort_response,ORGANIZATION_COHORT_RESPONSE,named,identity_only,fits,UNKNOWN,NONE,"Cohort of legal persons; base population is organizations. Exact count, unit, and scenario scope are UNKNOWN.",06-design-discussion-representation-catalog.md:288
organization.us.payroll.intermediaries,Payroll intermediaries,instance,type.organization_cohort.default,OrganizationCohort,populations_organizations,false,1,cohort_response,ORGANIZATION_COHORT_RESPONSE,named,identity_only,fits,UNKNOWN,NONE,"Cohort of legal persons; base population is organizations. Exact count, unit, and scenario scope are UNKNOWN.",06-design-discussion-representation-catalog.md:288
organization.us.pensions,Pensions,instance,type.organization_cohort.default,OrganizationCohort,populations_organizations,false,1,cohort_response,ORGANIZATION_COHORT_RESPONSE,named,identity_only,fits,UNKNOWN,NONE,Candidate may instead resolve as Institution by tier; organization-cohort base is legal persons. Exact unit and scenario scope are UNKNOWN.,06-design-discussion-representation-catalog.md:281
organization.us.real.estate.agents,Real-estate agents,instance,type.organization_cohort.default,OrganizationCohort,populations_organizations,false,1,cohort_response,ORGANIZATION_COHORT_RESPONSE,named,identity_only,fits,UNKNOWN,NONE,"Candidate organization constituency; base legal-person versus person/role boundary, unit, and scenario scope are UNKNOWN.",06-design-discussion-representation-catalog.md:306
organization.us.regional.insurers,Regional insurers,instance,type.organization_cohort.default,OrganizationCohort,populations_organizations,false,1,cohort_response,ORGANIZATION_COHORT_RESPONSE,named,identity_only,fits,UNKNOWN,NONE,"Cohort of legal persons; base population is organizations. Exact count, unit, and scenario scope are UNKNOWN.",06-design-discussion-representation-catalog.md:286
organization.us.small.businesses,Small businesses,instance,type.organization_cohort.default,OrganizationCohort,populations_organizations,false,1,cohort_response,ORGANIZATION_COHORT_RESPONSE,named,identity_only,fits,UNKNOWN,NONE,"Candidate may instead resolve as IndustryCohort; organization-cohort base is legal persons. Exact selection rule, unit, and scenario scope are UNKNOWN.",06-design-discussion-representation-catalog.md:290;05-design-discussion-representation-bible.md:170
organization.us.small.firms,Small firms,instance,type.organization_cohort.default,OrganizationCohort,populations_organizations,false,1,cohort_response,ORGANIZATION_COHORT_RESPONSE,named,identity_only,fits,UNKNOWN,NONE,"Candidate organization constituency; relationship to small-business cohort, exact eligibility boundary, unit, and scenario scope are UNKNOWN.",06-design-discussion-representation-catalog.md:308
organization.us.small.hedge.funds,Small hedge funds,instance,type.organization_cohort.default,OrganizationCohort,populations_organizations,false,1,cohort_response,ORGANIZATION_COHORT_RESPONSE,named,identity_only,fits,UNKNOWN,NONE,"Cohort of legal persons; base population is organizations. Exact count, unit, and scenario scope are UNKNOWN.",06-design-discussion-representation-catalog.md:286
organization_cohort.market.credit_rating_agencies,Credit rating agencies,instance,type.organization_cohort.default,OrganizationCohort,media_information,false,1,cohort_response,ORGANIZATION_COHORT_RESPONSE,named,typed,fits,UNKNOWN,NONE,"Firms publish ratings that gate money-fund eligibility, collateral schedules, and mandate-driven holdings; named firms and their parameters are UNKNOWN.",06-design-discussion-representation-catalog.md:355
outlet.media.aftv,AFTV,instance,type.outlet.default,Outlet,media_information,false,1,none,LIMITED_ROLE_HOLDER,named,typed,fits,UNKNOWN,NONE,"Alpaca Financial Television, a CNBC analogue: CEOs and portfolio managers construct instant narratives with theatrical certainty.",task.md:785-792;06-design-discussion-representation-catalog.md:371
outlet.media.gnbc,GNBC,instance,type.outlet.default,Outlet,media_information,false,1,none,LIMITED_ROLE_HOLDER,named,typed,fits,UNKNOWN,NONE,"Great Nation Broadcasting Channel cable-news ecosystem: mass salience, partisan framing, political feedback, and slower delivery than HonkBox.",task.md:756-763;06-design-discussion-representation-catalog.md:371
outlet.media.loonberg,Loonberg,instance,type.outlet.default,Outlet,media_information,true,1,none,LIMITED_ROLE_HOLDER,named,probe_complete,fits,UNKNOWN,NONE,Phase 5 bounds Loonberg to one delivered FOMC statement one editorial report and declared direct audiences; no media network is selected.,12-structure-outline-bernankey-mvp-cycle.md:465-543
outlet.media.wool_street_journal,Wool Street Journal,instance,type.outlet.default,Outlet,media_information,false,1,none,LIMITED_ROLE_HOLDER,named,typed,fits,UNKNOWN,NONE,"Establishment financial press: elite consensus, Fed signaling, and slower authoritative interpretation.",task.md:777-783;06-design-discussion-representation-catalog.md:371
person.cn.pboc_governor,PBOC governor,instance,type.person.default,Person,sovereign_regional,false,1,named_cognition,NAMED_COGNITION,named,identity_only,fits,UNKNOWN,NONE,Named role-holder candidate; office mapping remains UNKNOWN.,06-design-discussion-representation-catalog.md:251
person.cn.safe_head,SAFE head,instance,type.person.default,Person,sovereign_regional,false,1,named_cognition,NAMED_COGNITION,named,identity_only,fits,UNKNOWN,NONE,Named role-holder candidate; office mapping remains UNKNOWN.,06-design-discussion-representation-catalog.md:251
person.cn.xi,Xi,instance,type.person.default,Person,sovereign_regional,false,1,named_cognition,NAMED_COGNITION,named,identity_only,fits,UNKNOWN,NONE,Named Chinese principal candidate; office mapping remains UNKNOWN.,06-design-discussion-representation-catalog.md:251
person.eu.ecb_president,ECB president,instance,type.person.default,Person,sovereign_regional,false,1,named_cognition,NAMED_COGNITION,named,identity_only,fits,UNKNOWN,NONE,Named role-holder candidate; office mapping remains UNKNOWN.,06-design-discussion-representation-catalog.md:251
person.il.boi_governor,Bank of Israel governor,instance,type.person.default,Person,sovereign_regional,false,1,named_cognition,NAMED_COGNITION,named,identity_only,fits,UNKNOWN,NONE,Named role-holder candidate; office mapping remains UNKNOWN.,06-design-discussion-representation-catalog.md:251
person.il.prime_minister,Israeli prime minister,instance,type.person.default,Person,sovereign_regional,false,1,named_cognition,NAMED_COGNITION,named,identity_only,fits,UNKNOWN,NONE,Named role-holder candidate; office mapping remains UNKNOWN.,06-design-discussion-representation-catalog.md:251
person.ir.central_bank_head,Iranian central-bank head,instance,type.person.default,Person,sovereign_regional,false,1,named_cognition,NAMED_COGNITION,named,identity_only,fits,UNKNOWN,NONE,Named role-holder candidate; office mapping remains UNKNOWN.,06-design-discussion-representation-catalog.md:251
person.ir.irgc_head,IRGC head,instance,type.person.default,Person,sovereign_regional,false,1,named_cognition,NAMED_COGNITION,named,identity_only,fits,UNKNOWN,NONE,Named role-holder candidate; office mapping remains UNKNOWN.,06-design-discussion-representation-catalog.md:251
person.ir.president,Iranian president,instance,type.person.default,Person,sovereign_regional,false,1,named_cognition,NAMED_COGNITION,named,identity_only,fits,UNKNOWN,NONE,Named role-holder candidate; office mapping remains UNKNOWN.,06-design-discussion-representation-catalog.md:251
person.ir.supreme_leader,Iranian Supreme Leader,instance,type.person.default,Person,sovereign_regional,false,1,named_cognition,NAMED_COGNITION,named,identity_only,fits,UNKNOWN,NONE,Named role-holder candidate; office mapping remains UNKNOWN.,06-design-discussion-representation-catalog.md:251
person.jp.boj_governor,BOJ governor,instance,type.person.default,Person,sovereign_regional,false,1,named_cognition,NAMED_COGNITION,named,identity_only,fits,UNKNOWN,NONE,Named role-holder candidate; office mapping remains UNKNOWN.,06-design-discussion-representation-catalog.md:251
person.jp.mof_international_affairs_vice_minister,MOF vice-minister for international affairs,instance,type.person.default,Person,sovereign_regional,false,1,named_cognition,NAMED_COGNITION,named,identity_only,fits,UNKNOWN,NONE,Named role-holder candidate; office mapping remains UNKNOWN.,06-design-discussion-representation-catalog.md:251
person.media.aftv_host,AFTV host,instance,type.person.default,Person,media_information,false,1,named_cognition,LIMITED_ROLE_HOLDER,named,typed,fits,UNKNOWN,NONE,Limited role-holder with distribution-only action domain; individual identity is UNKNOWN.,06-design-discussion-representation-catalog.md:252;06-design-discussion-representation-catalog.md:1533-1566
person.media.gnbc_anchor,GNBC anchor,instance,type.person.default,Person,media_information,false,1,named_cognition,LIMITED_ROLE_HOLDER,named,typed,fits,UNKNOWN,NONE,Limited role-holder with distribution-only action domain; individual identity is UNKNOWN.,06-design-discussion-representation-catalog.md:252;06-design-discussion-representation-catalog.md:1533-1566
person.media.wool_street_journal_fed_reporter,Wool Street Journal Fed reporter,instance,type.person.default,Person,media_information,false,1,named_cognition,LIMITED_ROLE_HOLDER,named,typed,fits,UNKNOWN,NONE,Limited role-holder with distribution-only action domain; individual identity is UNKNOWN.,06-design-discussion-representation-catalog.md:252;06-design-discussion-representation-catalog.md:1533-1566
person.sa.aramco_ceo,Aramco CEO,instance,type.person.default,Person,sovereign_regional,false,1,named_cognition,NAMED_COGNITION,named,identity_only,fits,UNKNOWN,NONE,Named role-holder candidate; office mapping remains UNKNOWN.,06-design-discussion-representation-catalog.md:251
person.sa.crown,Saudi Crown principal,instance,type.person.default,Person,sovereign_regional,false,1,named_cognition,NAMED_COGNITION,named,identity_only,fits,UNKNOWN,NONE,Named role-holder candidate; office mapping remains UNKNOWN.,06-design-discussion-representation-catalog.md:251
person.sa.pif_head,PIF head,instance,type.person.default,Person,sovereign_regional,false,1,named_cognition,NAMED_COGNITION,named,identity_only,fits,UNKNOWN,NONE,Named role-holder candidate; office mapping remains UNKNOWN.,06-design-discussion-representation-catalog.md:251
person.sa.sama_governor,SAMA governor,instance,type.person.default,Person,sovereign_regional,false,1,named_cognition,NAMED_COGNITION,named,identity_only,fits,UNKNOWN,NONE,Named role-holder candidate; office mapping remains UNKNOWN.,06-design-discussion-representation-catalog.md:251
person.uk.boe_governor,BoE governor,instance,type.person.default,Person,sovereign_regional,false,1,named_cognition,NAMED_COGNITION,named,identity_only,fits,UNKNOWN,NONE,Named role-holder candidate; office mapping remains UNKNOWN.,06-design-discussion-representation-catalog.md:251
person.uk.dmo_chief,DMO chief,instance,type.person.default,Person,sovereign_regional,false,1,named_cognition,NAMED_COGNITION,named,identity_only,fits,UNKNOWN,NONE,Named role-holder candidate; office mapping remains UNKNOWN.,06-design-discussion-representation-catalog.md:251
person.us.avery_agendaloon,Avery Agendaloon,instance,type.person.default,Person,Fed,true,1,named_cognition,NAMED_COGNITION,named,probe_complete,fits,UNKNOWN,NONE,Authored satirical scenario identity with no historical officeholder claim.,authored scenario identity after review of https://www.federalreserve.gov/newsevents/pressreleases/other20060210a.htm
person.us.primary_dealer.rates_head,Primary-dealer Rates Head,instance,type.person.default,Person,markets,false,1,named_cognition,LIMITED_ROLE_HOLDER,named,identity_only,fits,UNKNOWN,NONE,Individual firms and people UNKNOWN; promoted only where discretion changes channel.,06-design-discussion-representation-catalog.md:250
person.us.treasury.secretary,Treasury Secretary,instance,type.person.default,Person,Treasury,false,1,named_cognition,NAMED_COGNITION,named,identity_only,fits,UNKNOWN,NONE,Current person and period UNKNOWN.,task.md:128;06-design-discussion-representation-catalog.md:247
pop.us.affluent.homeowners,Affluent homeowners,instance,type.pop_lens.default,PopLens,populations_organizations,false,1,distributed_response,POP_DISTRIBUTED_RESPONSE,named,identity_only,fits,UNKNOWN,NONE,"Non-owning derived lens over weighted person-cell intersections; base scope, wealth and housing selectors, and output unit are UNKNOWN. It cannot own state or act.",06-design-discussion-representation-catalog.md:322
pop.us.college.students,College students,instance,type.pop_lens.default,PopLens,populations_organizations,false,1,distributed_response,POP_DISTRIBUTED_RESPONSE,named,identity_only,fits,UNKNOWN,NONE,"Non-owning derived lens over weighted person-cell intersections; base scope, education/institution selectors, and output unit are UNKNOWN. It cannot own state or act.",04-design-discussion-minimum-simulation-kernel.md:1190-1195
pop.us.fixed.rate.homeowners.by.mortgage.vintage,Households sensitive to borrowing costs,instance,type.pop_lens.default,PopLens,populations_organizations,true,1,distributed_response,POP_DISTRIBUTED_RESPONSE,named,probe_complete,fits,UNKNOWN,NONE,Phase 5 uses a non-owning view over the mortgage-exposed person cell and household allocation; it owns no sentiment or material state.,12-structure-outline-bernankey-mvp-cycle.md:465-543
pop.us.fixed.rate.owners.low.mortgage.vintages,Fixed-rate owners with low mortgage vintages,instance,type.pop_lens.default,PopLens,populations_organizations,false,1,distributed_response,POP_DISTRIBUTED_RESPONSE,named,identity_only,fits,UNKNOWN,NONE,Non-owning derived lens; mortgage vintage remains a housing-tenure conditional unless it gates a transaction. Base scope and output unit are UNKNOWN; it cannot own state or act.,04-design-discussion-minimum-simulation-kernel.md:1185
pop.us.high.income.finance.professionals,High-income finance professionals,instance,type.pop_lens.default,PopLens,populations_organizations,false,1,distributed_response,POP_DISTRIBUTED_RESPONSE,named,identity_only,fits,UNKNOWN,NONE,"Non-owning derived lens over weighted person-cell intersections; base scope, income/finance selectors, and output unit are UNKNOWN. It cannot own state or act.",04-design-discussion-minimum-simulation-kernel.md:1189
pop.us.high.income.professionals,High-income professionals,instance,type.pop_lens.default,PopLens,populations_organizations,false,1,distributed_response,POP_DISTRIBUTED_RESPONSE,named,identity_only,fits,UNKNOWN,NONE,"Non-owning derived lens over weighted person-cell intersections; base scope, income band, and output unit are UNKNOWN. It cannot own state or act.",06-design-discussion-representation-catalog.md:322
pop.us.leftist.male.college.students.georgia.tech,Leftist male college students at Georgia Tech,instance,type.pop_lens.default,PopLens,populations_organizations,false,1,distributed_response,POP_DISTRIBUTED_RESPONSE,named,identity_only,fits,UNKNOWN,NONE,"Non-owning derived lens with Atlanta/Georgia Tech catchment, Georgia Tech student, male, and left-distribution-tail selectors. Exact base scope and output unit are UNKNOWN; it cannot own state or act.",04-design-discussion-minimum-simulation-kernel.md:1091-1115;06-design-discussion-representation-catalog.md:325
pop.us.low.income.service.workers,Low-income service workers,instance,type.pop_lens.default,PopLens,populations_organizations,false,1,distributed_response,POP_DISTRIBUTED_RESPONSE,named,identity_only,fits,UNKNOWN,NONE,"Non-owning derived lens over weighted person-cell intersections; base scope, income band, and output unit are UNKNOWN. It cannot own state or act.",06-design-discussion-representation-catalog.md:322
pop.us.low.income.underserved.borrowers,Low-income and underserved borrowers,instance,type.pop_lens.default,PopLens,populations_organizations,false,1,distributed_response,POP_DISTRIBUTED_RESPONSE,named,identity_only,fits,UNKNOWN,NONE,"Non-owning derived lens over weighted person-cell intersections; base scope, borrower and underserved selectors, and output unit are UNKNOWN. It cannot own state or act.",06-design-discussion-representation-catalog.md:310
pop.us.near.retirees,Near-retirees,instance,type.pop_lens.default,PopLens,populations_organizations,false,1,distributed_response,POP_DISTRIBUTED_RESPONSE,named,identity_only,fits,UNKNOWN,NONE,Non-owning derived lens over weighted person-cell intersections; base scope and output unit are UNKNOWN. It cannot own state or act.,06-design-discussion-representation-catalog.md:307
pop.us.parents.paying.childcare,Parents paying for childcare,instance,type.pop_lens.default,PopLens,populations_organizations,false,1,distributed_response,POP_DISTRIBUTED_RESPONSE,named,identity_only,fits,UNKNOWN,NONE,"Non-owning derived lens over household cohorts; base scope, childcare-cost selector, and output unit are UNKNOWN. It cannot own state or act.",04-design-discussion-minimum-simulation-kernel.md:1186
pop.us.renters.supply.constrained.metros,Renters in supply-constrained metros,instance,type.pop_lens.default,PopLens,populations_organizations,false,1,distributed_response,POP_DISTRIBUTED_RESPONSE,named,identity_only,fits,UNKNOWN,NONE,"Non-owning derived lens over weighted person-cell intersections; base scope, metro supply constraint, and output unit are UNKNOWN. It cannot own state or act.",04-design-discussion-minimum-simulation-kernel.md:1184
pop.us.retail.traders,Retail traders,instance,type.pop_lens.default,PopLens,populations_organizations,false,1,distributed_response,POP_DISTRIBUTED_RESPONSE,named,identity_only,fits,UNKNOWN,NONE,"Non-owning derived lens over weighted person-cell intersections; base scope, participation selector, and output unit are UNKNOWN. It cannot own state or act.",06-design-discussion-representation-catalog.md:322
pop.us.retirees,Retirees,instance,type.pop_lens.default,PopLens,populations_organizations,false,1,distributed_response,POP_DISTRIBUTED_RESPONSE,named,identity_only,fits,UNKNOWN,NONE,Non-owning derived lens over weighted person-cell intersections; base scope and output unit are UNKNOWN. It cannot own state or act.,06-design-discussion-representation-catalog.md:322
pop.us.small.business.owners,Small-business owners,instance,type.pop_lens.default,PopLens,populations_organizations,false,1,distributed_response,POP_DISTRIBUTED_RESPONSE,named,identity_only,fits,UNKNOWN,NONE,"Non-owning derived lens over weighted person-cell intersections; organization ownership affiliation, base scope, and output unit are UNKNOWN. It cannot own state or act.",04-design-discussion-minimum-simulation-kernel.md:1191
pop.us.strategic.production.workers.fab.technicians,Strategic production workers (fab technicians),instance,type.pop_lens.default,PopLens,populations_organizations,false,1,distributed_response,POP_DISTRIBUTED_RESPONSE,named,identity_only,fits,UNKNOWN,NONE,"Non-owning derived lens over a protected person-cell tail; base scope, protected-tail definition, and output unit are UNKNOWN. It cannot own state or act.",06-design-discussion-representation-catalog.md:326
pop.us.suburban.parents.childcare.costs,Suburban parents facing childcare costs,instance,type.pop_lens.default,PopLens,populations_organizations,false,1,distributed_response,POP_DISTRIBUTED_RESPONSE,named,identity_only,fits,UNKNOWN,NONE,"Non-owning derived lens over household cohorts; base scope, childcare-cost selector, and output unit are UNKNOWN. It cannot own state or act.",06-design-discussion-representation-catalog.md:324
pop.us.uninsured.depositors,Uninsured depositors,instance,type.pop_lens.default,PopLens,populations_organizations,false,1,distributed_response,POP_DISTRIBUTED_RESPONSE,named,identity_only,fits,UNKNOWN,NONE,"Non-owning derived lens spanning person cells and organization cohorts. Its aggregation unit is dollars of uninsured balance, never headcount; exact base scope is UNKNOWN. It cannot own state or act.",06-design-discussion-representation-catalog.md:327;07-design-discussion-burrow-composition-probe.md:140
pop.us.workers.by.sector,Workers sensitive to labor risk,instance,type.pop_lens.default,PopLens,populations_organizations,true,1,distributed_response,POP_DISTRIBUTED_RESPONSE,named,probe_complete,fits,UNKNOWN,NONE,Phase 5 uses a non-owning view over the employment-exposed person cell; it owns no sentiment or material state.,12-structure-outline-bernankey-mvp-cycle.md:465-543
pop.us.young.renters,Young renters,instance,type.pop_lens.default,PopLens,populations_organizations,false,1,distributed_response,POP_DISTRIBUTED_RESPONSE,named,identity_only,fits,UNKNOWN,NONE,"Non-owning derived lens over weighted person-cell intersections; base scope, selector thresholds, and output unit are UNKNOWN. It cannot own state or act.",06-design-discussion-representation-catalog.md:322
poplens.media.honkbox.posting_population,HonkBox posting population,instance,type.pop_lens.default,PopLens,media_information,false,1,distributed_response,POP_DISTRIBUTED_RESPONSE,named,typed,fits,UNKNOWN,NONE,Posting-population lens over person cells; audience composition and weights are UNKNOWN.,06-design-discussion-representation-catalog.md:373;06-design-discussion-representation-catalog.md:982-985
process.climate_agriculture.regional,Regional climate and agriculture process,instance,type.stateful_external_process.default,StatefulExternalProcess,sovereign_regional,false,1,none,MECHANICAL_OR_ADAPTER,named,identity_only,fits,UNKNOWN,NONE,Owns evolving regional physical state after initiation; regions remain scopes and actors own interventions. Interface-compatible process fallback is UNKNOWN.,05-design-discussion-representation-bible.md:188;06-design-discussion-representation-catalog.md:376
process.ecology.congo_basin,Congo Basin ecology and hydrology,instance,type.process.ecological_stock,StatefulExternalProcess,physical_products,false,1,none,MECHANICAL_OR_ADAPTER,named,identity_only,fits,UNKNOWN,NONE,Standing biomass hydrology fire and regeneration state partition UNKNOWN.,https://www.fao.org/interactive/forest-resources-assessment/2020/en/
process.epidemic,Epidemic process,instance,type.stateful_external_process.default,StatefulExternalProcess,sovereign_regional,false,1,none,MECHANICAL_OR_ADAPTER,named,identity_only,fits,UNKNOWN,NONE,Owns evolving external state after initiation; actors own interventions. Interface-compatible process fallback is UNKNOWN.,05-design-discussion-representation-bible.md:188;06-design-discussion-representation-catalog.md:376
process.resources.arabian_peninsula,Arabian Peninsula resource conditions,instance,type.process.regional_resource_system,StatefulExternalProcess,physical_products,false,1,none,MECHANICAL_OR_ADAPTER,named,identity_only,fits,UNKNOWN,NONE,Exact subsurface stocks water conditions and process partition UNKNOWN.,05-design-discussion-representation-bible.md:665-667
process.resources.caucasus,Caucasus resource and hydrology conditions,instance,type.process.regional_resource_system,StatefulExternalProcess,physical_products,false,1,none,MECHANICAL_OR_ADAPTER,named,identity_only,fits,UNKNOWN,NONE,Resource stocks hydrology hazards and jurisdiction partition UNKNOWN.,user-request:strategic-resource-regions
process.us.statistical_release_calendar,Statistical release calendar,instance,type.scheduled_process.default,ScheduledProcess,media_information,false,1,none,MECHANICAL_OR_ADAPTER,named,typed,fits,UNKNOWN,NONE,"Published recurring occurrences that other agents plan against; dates, owner, and individual release parameters are UNKNOWN.",06-design-discussion-representation-catalog.md:377;05-design-discussion-representation-bible.md:186
process.war,War process,instance,type.stateful_external_process.default,StatefulExternalProcess,sovereign_regional,false,1,none,MECHANICAL_OR_ADAPTER,named,identity_only,fits,UNKNOWN,NONE,Owns evolving physical-disruption state after initiation; sovereign containers do not own a unitary war cognition. Interface-compatible process fallback is UNKNOWN.,05-design-discussion-representation-bible.md:188;06-design-discussion-representation-catalog.md:376
record.media.goosetogetherstrong.margin_call,GooseTogetherStrong claim: THEY CANNOT MARGIN CALL US ALL,instance,type.record.default,Record,media_information,false,1,none,MECHANICAL_OR_ADAPTER,named,typed,fits,UNKNOWN,NONE,Claim record proposition is preserved verbatim; source is GooseTogetherStrong. Hidden truth relation and all other claim metadata are UNKNOWN.,task.md:775;task.md:794-805
record.media.loonberg.ust_10y_auction_tail,Loonberg claim: UST 10Y auction tails 8.7BP,instance,type.record.default,Record,media_information,false,1,none,MECHANICAL_OR_ADAPTER,named,typed,fits,UNKNOWN,NONE,"Claim record proposition is preserved verbatim; source is Loonberg. Hidden truth relation, evidence strength, novelty, ambiguity, salience, and distribution history are required claim fields but their values are UNKNOWN.",task.md:731;task.md:794-805
record.media.the_herd.large_fox_shop_cutting_10s,The Herd claim: one large fox shop cutting 10s,instance,type.record.default,Record,media_information,false,1,none,MECHANICAL_OR_ADAPTER,named,typed,fits,UNKNOWN,NONE,Claim record proposition is preserved verbatim; source is The Herd. Hidden truth relation and all other claim metadata are UNKNOWN.,task.md:742;task.md:794-805
record.us.federal_reserve.case_file,Case File,instance,type.record.default,Record,Fed,false,1,none,MECHANICAL_OR_ADAPTER,named,identity_only,fits,UNKNOWN,NONE,Specific case/custody UNKNOWN.,06-design-discussion-representation-catalog.md:379;07-design-discussion-burrow-composition-probe.md:187
record.us.federal_reserve.chairmanship_program,Chairmanship Program,instance,type.record.default,Record,Fed,false,1,none,MECHANICAL_OR_ADAPTER,named,identity_only,fits,UNKNOWN,NONE,Specific program UNKNOWN.,06-design-discussion-representation-catalog.md:379
record.us.federal_reserve.discount_rate,Discount Rate Authorized Term,instance,type.record.default,Record,Fed,false,1,none,MECHANICAL_OR_ADAPTER,named,identity_only,strained,UNKNOWN,NONE,Classified as a facility term or authorized institution state; exact rate UNKNOWN.,06-design-discussion-representation-catalog.md:341
record.us.federal_reserve.institutional_project,Institutional Project,instance,type.record.default,Record,Fed,false,1,none,MECHANICAL_OR_ADAPTER,named,identity_only,fits,UNKNOWN,NONE,Specific project UNKNOWN.,06-design-discussion-representation-catalog.md:379
record.us.federal_reserve.iorb,Interest on Reserve Balances Authorized Term,instance,type.record.default,Record,Fed,false,1,none,MECHANICAL_OR_ADAPTER,named,identity_only,strained,UNKNOWN,NONE,Classified as a facility term or authorized institution state; not a market/mechanism.,06-design-discussion-representation-catalog.md:341
record.us.federal_reserve.legacy_dossier,Legacy Dossier,instance,type.record.default,Record,Fed,false,1,none,MECHANICAL_OR_ADAPTER,named,identity_only,fits,UNKNOWN,NONE,Specific dossier/custody UNKNOWN.,06-design-discussion-representation-catalog.md:379
record.us.federal_reserve.target_range,Policy Target Range Authorized Objective,instance,type.record.default,Record,Fed,false,1,none,MECHANICAL_OR_ADAPTER,named,identity_only,strained,UNKNOWN,NONE,Authorized objective that desk implements toward; exact target UNKNOWN.,06-design-discussion-representation-catalog.md:341
record.us.treasury.esf,Exchange Stabilization Fund Account,instance,type.record.default,Record,Treasury,false,1,none,MECHANICAL_OR_ADAPTER,named,identity_only,fits,UNKNOWN,NONE,Described as a distinct account with distinct authority; exact legal/account structure UNKNOWN.,06-design-discussion-representation-catalog.md:272
record.us.treasury.indemnification_13_3,Treasury ESF Indemnification of 13(3) Facility,instance,type.record.default,Record,Treasury,false,1,none,MECHANICAL_OR_ADAPTER,named,identity_only,strained,UNKNOWN,NONE,Requires agreement authority and coalition; selected facility/era and terms UNKNOWN.,06-design-discussion-representation-catalog.md:363
reference.market.credit_ratings,Credit ratings,instance,type.published_reference.default,PublishedReference,media_information,false,1,none,MECHANICAL_OR_ADAPTER,named,typed,fits,UNKNOWN,NONE,Published opinion with contractual and regulatory force; a downgrade can create a forced-seller event. Publisher-specific identity is UNKNOWN.,06-design-discussion-representation-catalog.md:355
reference.market.index_membership,Index membership,instance,type.published_reference.default,PublishedReference,media_information,false,1,none,MECHANICAL_OR_ADAPTER,named,typed,fits,UNKNOWN,NONE,Published inclusion/exclusion reference with forced buying and selling consequences; publisher and index are UNKNOWN.,06-design-discussion-representation-catalog.md:354
reference.market.move,MOVE,instance,type.published_reference.default,PublishedReference,media_information,false,1,none,MECHANICAL_OR_ADAPTER,named,typed,fits,UNKNOWN,NONE,Vendor-published index; publisher and binding details are UNKNOWN.,06-design-discussion-representation-catalog.md:354
reference.market.vendor_indices,Vendor indices,instance,type.published_reference.default,PublishedReference,media_information,false,1,none,MECHANICAL_OR_ADAPTER,named,typed,fits,UNKNOWN,NONE,Named plural category of privately published indices; individual publishers and index identities are UNKNOWN.,06-design-discussion-representation-catalog.md:354
reference.market.vix,VIX,instance,type.published_reference.default,PublishedReference,media_information,false,1,none,MECHANICAL_OR_ADAPTER,named,typed,fits,UNKNOWN,NONE,Vendor-published index; publisher and binding details are UNKNOWN.,06-design-discussion-representation-catalog.md:354
reference.unknown.move_index,MOVE,instance,type.published_reference.market_index,PublishedReference,legal_records,false,1,none,MECHANICAL_OR_ADAPTER,named,identity_only,fits,UNKNOWN,NONE,"Fallback: market index. Jurisdiction, publisher, calculation method, and binders are UNKNOWN.",06-design-discussion-representation-catalog.md:354
reference.unknown.vix,VIX,instance,type.published_reference.market_index,PublishedReference,legal_records,false,1,none,MECHANICAL_OR_ADAPTER,named,identity_only,fits,UNKNOWN,NONE,"Fallback: market index. Jurisdiction, publisher, calculation method, and binders are UNKNOWN.",06-design-discussion-representation-catalog.md:354
reference.us.bea.pce,PCE,instance,type.published_reference.default,PublishedReference,media_information,false,1,none,MECHANICAL_OR_ADAPTER,named,typed,fits,UNKNOWN,NONE,Published measurement; calculation remains derived and non-binding until a witnessed publication; revision details are UNKNOWN.,06-design-discussion-representation-catalog.md:353;06-design-discussion-representation-catalog.md:1043
reference.us.bls.cpi,CPI,instance,type.published_reference.default,PublishedReference,media_information,true,1,none,MECHANICAL_OR_ADAPTER,named,probe_complete,fits,UNKNOWN,NONE,Phase 1 freezes publication identity and revision-bearing output; calculation remains adapter-owned.,12-structure-outline-bernankey-mvp-cycle.md:174-177
reference.us.consumer_price_index,CPI,instance,type.published_reference.statistical_measurement,PublishedReference,legal_records,false,1,none,MECHANICAL_OR_ADAPTER,named,identity_only,fits,UNKNOWN,NONE,"Fallback: statistical measurement reference. Publisher, calculation method, release schedule, and binders are UNKNOWN.",task.md:63
reference.us.doe.petroleum_estimates,Petroleum export estimates,instance,type.published_reference.default,PublishedReference,media_information,false,1,none,MECHANICAL_OR_ADAPTER,named,probe_complete,fits,UNKNOWN,NONE,Phase 1 freezes publication identity and revision-bearing output; calculation remains adapter-owned.,doc:mandate.m4-proving-lens
reference.us.federal_reserve.acm_term_premium,ACM term premium,instance,type.published_reference.default,PublishedReference,media_information,false,1,none,MECHANICAL_OR_ADAPTER,named,typed,fits,UNKNOWN,NONE,"Explicitly model-derived quantity treated by the player as evidence and by agents as belief input; calculation cache is derived, non-binding, and distinct from publication.",06-design-discussion-representation-catalog.md:353;06-design-discussion-representation-catalog.md:1043
reference.us.federal_reserve.effr,Effective Federal Funds Rate,instance,type.published_reference.default,PublishedReference,Fed,false,1,none,MECHANICAL_OR_ADAPTER,named,identity_only,fits,UNKNOWN,NONE,Publisher/method UNKNOWN.,06-design-discussion-representation-catalog.md:353
reference.us.federal_reserve.h6,H.6 Money Stock Measures,instance,type.published_reference.default,PublishedReference,media_information,false,1,none,MECHANICAL_OR_ADAPTER,named,probe_complete,fits,UNKNOWN,NONE,Phase 1 freezes publication identity and revision-bearing output; calculation remains adapter-owned.,https://fraser.stlouisfed.org/title/money-stock-measures-h6-6
reference.us.federal_reserve.obfr,Overnight Bank Funding Rate,instance,type.published_reference.default,PublishedReference,Fed,false,1,none,MECHANICAL_OR_ADAPTER,named,identity_only,fits,UNKNOWN,NONE,Publisher/method UNKNOWN.,06-design-discussion-representation-catalog.md:353
reference.us.nyfed.effr,EFFR,instance,type.published_reference.default,PublishedReference,media_information,false,1,none,MECHANICAL_OR_ADAPTER,named,typed,fits,UNKNOWN,NONE,Published value; publisher and binding details must be reconciled with the Federal Reserve inventory.,06-design-discussion-representation-catalog.md:353
reference.us.nyfed.obfr,OBFR,instance,type.published_reference.default,PublishedReference,media_information,false,1,none,MECHANICAL_OR_ADAPTER,named,typed,fits,UNKNOWN,NONE,Published value; publisher and binding details must be reconciled with the Federal Reserve inventory.,06-design-discussion-representation-catalog.md:353
reference.us.nyfed.sofr,SOFR,instance,type.published_reference.default,PublishedReference,media_information,false,1,none,MECHANICAL_OR_ADAPTER,named,typed,fits,UNKNOWN,NONE,Published value; publisher and binding details must be reconciled with the Federal Reserve inventory.,06-design-discussion-representation-catalog.md:353;06-design-discussion-representation-catalog.md:1025-1028
reference.us.personal_consumption_expenditures,PCE,instance,type.published_reference.statistical_measurement,PublishedReference,legal_records,false,1,none,MECHANICAL_OR_ADAPTER,named,identity_only,fits,UNKNOWN,NONE,"Fallback: statistical measurement reference. Publisher, calculation method, release schedule, and binders are UNKNOWN.",task.md:63
reference.us.treasury.par_yield_curve,Par yield curve,instance,type.published_reference.default,PublishedReference,media_information,false,1,none,MECHANICAL_OR_ADAPTER,named,typed,fits,UNKNOWN,NONE,Published value; publisher is UNKNOWN.,06-design-discussion-representation-catalog.md:353;06-design-discussion-representation-catalog.md:1043
region.cn.provinces,Chinese provinces,instance,type.region.default,Region,sovereign_regional,false,1,none,MECHANICAL_OR_ADAPTER,named,identity_only,fits,UNKNOWN,NONE,"Aggregate geographic scopes; no stock, price, or cognition ownership by geography. Parent aggregate fallback is UNKNOWN.",04-design-discussion-minimum-simulation-kernel.md:823;04-design-discussion-minimum-simulation-kernel.md:1348
region.hormuz,Strait of Hormuz,instance,type.region.default,Region,sovereign_regional,false,1,none,MECHANICAL_OR_ADAPTER,named,identity_only,fits,UNKNOWN,NONE,Chokepoint geography only; a mechanism owns capacity.,06-design-discussion-representation-catalog.md:370
region.middle_east.gulf,Gulf region,instance,type.region.default,Region,sovereign_regional,false,1,none,MECHANICAL_OR_ADAPTER,named,identity_only,fits,UNKNOWN,NONE,"Regional scope only; stock and cognition ownership remain with legal, accounting, process, or institutional owners.",04-design-discussion-minimum-simulation-kernel.md:1353;05-design-discussion-representation-bible.md:174-175
region.panama,Panama Canal,instance,type.region.default,Region,sovereign_regional,false,1,none,MECHANICAL_OR_ADAPTER,named,identity_only,fits,UNKNOWN,NONE,Chokepoint geography only; a mechanism owns capacity.,06-design-discussion-representation-catalog.md:370
region.suez,Suez Canal,instance,type.region.default,Region,sovereign_regional,false,1,none,MECHANICAL_OR_ADAPTER,named,identity_only,fits,UNKNOWN,NONE,Chokepoint geography only; a mechanism owns capacity.,06-design-discussion-representation-catalog.md:370
region.taiwan_strait,Taiwan Strait,instance,type.region.default,Region,sovereign_regional,false,1,none,MECHANICAL_OR_ADAPTER,named,identity_only,fits,UNKNOWN,NONE,Chokepoint geography only; a mechanism owns capacity.,06-design-discussion-representation-catalog.md:370
region.us.census_divisions,United States Census divisions,instance,type.region.default,Region,sovereign_regional,false,1,none,MECHANICAL_OR_ADAPTER,named,identity_only,fits,UNKNOWN,NONE,"Geographic scope only; no stock, price, or cognition ownership by geography.",06-design-discussion-representation-catalog.md:368
region.us.federal_reserve_districts,Federal Reserve Districts,instance,type.region.default,Region,sovereign_regional,false,1,none,MECHANICAL_OR_ADAPTER,named,identity_only,fits,UNKNOWN,NONE,Geography plus institutional catchment; neither role confers ownership of stocks or cognition.,06-design-discussion-representation-catalog.md:369
region.us.metros,United States metropolitan areas,instance,type.region.default,Region,sovereign_regional,false,1,none,MECHANICAL_OR_ADAPTER,named,identity_only,fits,UNKNOWN,NONE,"Geographic scope only; no stock, price, or cognition ownership by geography.",06-design-discussion-representation-catalog.md:368
region.us.states,United States states,instance,type.region.default,Region,sovereign_regional,false,1,none,MECHANICAL_OR_ADAPTER,named,identity_only,fits,UNKNOWN,NONE,"Geographic and jurisdictional scopes only; no state container owns stocks, prices, or cognition by geography.",06-design-discussion-representation-catalog.md:368
schedule.us.treasury.auction,Treasury Auction Calendar,instance,type.scheduled_process.default,ScheduledProcess,Treasury,false,1,none,MECHANICAL_OR_ADAPTER,named,typed,fits,UNKNOWN,NONE,Published occurrences/parameters UNKNOWN.,06-design-discussion-representation-catalog.md:377
scheduled_process.unknown.call_report_calendar,Call report calendar,instance,type.scheduled_process.call_report_calendar,ScheduledProcess,legal_records,false,1,none,MECHANICAL_OR_ADAPTER,named,identity_only,fits,UNKNOWN,NONE,"Fallback: call report calendar type. Owning institution, legal era, announced occurrences, and publication parameters are UNKNOWN.",07-design-discussion-burrow-composition-probe.md:221
sovereign.afghanistan,Democratic Republic of Afghanistan,instance,type.sovereign_system.default,SovereignSystem,sovereign_regional,true,1,none,MECHANICAL_OR_ADAPTER,named,identity_only,fits,UNKNOWN,NONE,"Identity-only composition root; component owners hold state, authority, and action.",https://en.wikipedia.org/wiki/Member_states_of_the_United_Nations
sovereign.albania,People's Socialist Republic of Albania,instance,type.sovereign_system.default,SovereignSystem,sovereign_regional,true,1,none,MECHANICAL_OR_ADAPTER,named,identity_only,fits,UNKNOWN,NONE,"Identity-only composition root; component owners hold state, authority, and action.",https://en.wikipedia.org/wiki/Member_states_of_the_United_Nations
sovereign.algeria,Algeria,instance,type.sovereign_system.default,SovereignSystem,sovereign_regional,true,1,none,MECHANICAL_OR_ADAPTER,named,identity_only,fits,UNKNOWN,NONE,"Identity-only composition root; component owners hold state, authority, and action.",https://en.wikipedia.org/wiki/Member_states_of_the_United_Nations
sovereign.andorra,Principality of Andorra,instance,type.sovereign_system.default,SovereignSystem,sovereign_regional,false,1,none,MECHANICAL_OR_ADAPTER,named,identity_only,fits,UNKNOWN,NONE,"Identity-only composition root; component owners hold state, authority, and action.",https://en.wikipedia.org/wiki/History_of_Andorra
sovereign.angola,People's Republic of Angola,instance,type.sovereign_system.default,SovereignSystem,sovereign_regional,true,1,none,MECHANICAL_OR_ADAPTER,named,identity_only,fits,UNKNOWN,NONE,"Identity-only composition root; component owners hold state, authority, and action.",https://en.wikipedia.org/wiki/Member_states_of_the_United_Nations
sovereign.argentina,Argentina,instance,type.sovereign_system.default,SovereignSystem,sovereign_regional,true,1,none,MECHANICAL_OR_ADAPTER,named,identity_only,fits,UNKNOWN,NONE,"Identity-only composition root; component owners hold state, authority, and action.",https://en.wikipedia.org/wiki/Member_states_of_the_United_Nations
sovereign.armenia,Armenia,instance,type.sovereign_system.default,SovereignSystem,sovereign_regional,false,1,none,MECHANICAL_OR_ADAPTER,named,identity_only,fits,UNKNOWN,NONE,Composition root only; institutions firms and mechanisms retain ownership and action.,user-request:strategic-resource-regions
sovereign.australia,Australia,instance,type.sovereign_system.default,SovereignSystem,sovereign_regional,true,1,none,MECHANICAL_OR_ADAPTER,named,identity_only,fits,UNKNOWN,NONE,"Identity-only composition root; component owners hold state, authority, and action.",https://en.wikipedia.org/wiki/Member_states_of_the_United_Nations
sovereign.austria,Austria,instance,type.sovereign_system.default,SovereignSystem,sovereign_regional,true,1,none,MECHANICAL_OR_ADAPTER,named,identity_only,fits,UNKNOWN,NONE,"Identity-only composition root; component owners hold state, authority, and action.",https://en.wikipedia.org/wiki/Member_states_of_the_United_Nations
sovereign.azerbaijan,Azerbaijan,instance,type.sovereign_system.default,SovereignSystem,sovereign_regional,false,1,none,MECHANICAL_OR_ADAPTER,named,identity_only,fits,UNKNOWN,NONE,Composition root only; institutions firms and mechanisms retain ownership and action.,user-request:strategic-resource-regions
sovereign.bahamas,Bahamas,instance,type.sovereign_system.default,SovereignSystem,sovereign_regional,true,1,none,MECHANICAL_OR_ADAPTER,named,identity_only,fits,UNKNOWN,NONE,"Identity-only composition root; component owners hold state, authority, and action.",https://en.wikipedia.org/wiki/Member_states_of_the_United_Nations
sovereign.bahrain,Bahrain,instance,type.sovereign_system.default,SovereignSystem,sovereign_regional,true,1,none,MECHANICAL_OR_ADAPTER,named,identity_only,fits,UNKNOWN,NONE,"Identity-only composition root; component owners hold state, authority, and action.",https://en.wikipedia.org/wiki/Member_states_of_the_United_Nations
sovereign.bangladesh,Bangladesh,instance,type.sovereign_system.default,SovereignSystem,sovereign_regional,true,1,none,MECHANICAL_OR_ADAPTER,named,identity_only,fits,UNKNOWN,NONE,"Identity-only composition root; component owners hold state, authority, and action.",https://en.wikipedia.org/wiki/Member_states_of_the_United_Nations
sovereign.barbados,Barbados,instance,type.sovereign_system.default,SovereignSystem,sovereign_regional,true,1,none,MECHANICAL_OR_ADAPTER,named,identity_only,fits,UNKNOWN,NONE,"Identity-only composition root; component owners hold state, authority, and action.",https://en.wikipedia.org/wiki/Member_states_of_the_United_Nations
sovereign.belgium,Belgium,instance,type.sovereign_system.default,SovereignSystem,sovereign_regional,true,1,none,MECHANICAL_OR_ADAPTER,named,identity_only,fits,UNKNOWN,NONE,"Identity-only composition root; component owners hold state, authority, and action.",https://en.wikipedia.org/wiki/Member_states_of_the_United_Nations
sovereign.benin,People's Republic of Benin,instance,type.sovereign_system.default,SovereignSystem,sovereign_regional,true,1,none,MECHANICAL_OR_ADAPTER,named,identity_only,fits,UNKNOWN,NONE,"Identity-only composition root; component owners hold state, authority, and action.",https://en.wikipedia.org/wiki/Member_states_of_the_United_Nations
sovereign.bhutan,Bhutan,instance,type.sovereign_system.default,SovereignSystem,sovereign_regional,true,1,none,MECHANICAL_OR_ADAPTER,named,identity_only,fits,UNKNOWN,NONE,"Identity-only composition root; component owners hold state, authority, and action.",https://en.wikipedia.org/wiki/Member_states_of_the_United_Nations
sovereign.bolivia,Bolivia,instance,type.sovereign_system.default,SovereignSystem,sovereign_regional,true,1,none,MECHANICAL_OR_ADAPTER,named,identity_only,fits,UNKNOWN,NONE,"Identity-only composition root; component owners hold state, authority, and action.",https://en.wikipedia.org/wiki/Member_states_of_the_United_Nations
sovereign.bophuthatswana,Republic of Bophuthatswana,instance,type.sovereign_system.default,SovereignSystem,sovereign_regional,false,1,none,MECHANICAL_OR_ADAPTER,named,identity_only,fits,UNKNOWN,NONE,"Identity-only composition root; component owners hold state, authority, and action.",https://en.wikipedia.org/wiki/Bophuthatswana
sovereign.botswana,Botswana,instance,type.sovereign_system.default,SovereignSystem,sovereign_regional,true,1,none,MECHANICAL_OR_ADAPTER,named,identity_only,fits,UNKNOWN,NONE,"Identity-only composition root; component owners hold state, authority, and action.",https://en.wikipedia.org/wiki/Member_states_of_the_United_Nations
sovereign.brazil,Brazil,instance,type.sovereign_system.default,SovereignSystem,sovereign_regional,true,1,none,MECHANICAL_OR_ADAPTER,named,identity_only,fits,UNKNOWN,NONE,"Identity-only composition root; component owners hold state, authority, and action.",https://en.wikipedia.org/wiki/Member_states_of_the_United_Nations
sovereign.bulgaria,People's Republic of Bulgaria,instance,type.sovereign_system.default,SovereignSystem,sovereign_regional,true,1,none,MECHANICAL_OR_ADAPTER,named,identity_only,fits,UNKNOWN,NONE,"Identity-only composition root; component owners hold state, authority, and action.",https://en.wikipedia.org/wiki/Member_states_of_the_United_Nations
sovereign.burkina_faso,Upper Volta,instance,type.sovereign_system.default,SovereignSystem,sovereign_regional,true,1,none,MECHANICAL_OR_ADAPTER,named,identity_only,fits,UNKNOWN,NONE,"Identity-only composition root; component owners hold state, authority, and action.",https://en.wikipedia.org/wiki/Member_states_of_the_United_Nations
sovereign.burundi,Burundi,instance,type.sovereign_system.default,SovereignSystem,sovereign_regional,true,1,none,MECHANICAL_OR_ADAPTER,named,identity_only,fits,UNKNOWN,NONE,"Identity-only composition root; component owners hold state, authority, and action.",https://en.wikipedia.org/wiki/Member_states_of_the_United_Nations
sovereign.byelorussian_ssr,Byelorussian Soviet Socialist Republic,instance,type.sovereign_system.default,SovereignSystem,sovereign_regional,false,1,none,MECHANICAL_OR_ADAPTER,named,identity_only,fits,UNKNOWN,NONE,"Identity-only composition root; component owners hold state, authority, and action.",https://en.wikipedia.org/wiki/Byelorussian_Soviet_Socialist_Republic
sovereign.cambodia,Democratic Kampuchea,instance,type.sovereign_system.default,SovereignSystem,sovereign_regional,true,1,none,MECHANICAL_OR_ADAPTER,named,identity_only,fits,UNKNOWN,NONE,"Identity-only composition root; component owners hold state, authority, and action.",https://en.wikipedia.org/wiki/Member_states_of_the_United_Nations
sovereign.cameroon,United Republic of Cameroon,instance,type.sovereign_system.default,SovereignSystem,sovereign_regional,true,1,none,MECHANICAL_OR_ADAPTER,named,identity_only,fits,UNKNOWN,NONE,"Identity-only composition root; component owners hold state, authority, and action.",https://en.wikipedia.org/wiki/Member_states_of_the_United_Nations
sovereign.canada,Canada,instance,type.sovereign_system.default,SovereignSystem,sovereign_regional,true,1,none,MECHANICAL_OR_ADAPTER,named,identity_only,fits,UNKNOWN,NONE,"Identity-only composition root; component owners hold state, authority, and action.",https://en.wikipedia.org/wiki/Member_states_of_the_United_Nations
sovereign.cape_verde,Cape Verde,instance,type.sovereign_system.default,SovereignSystem,sovereign_regional,true,1,none,MECHANICAL_OR_ADAPTER,named,identity_only,fits,UNKNOWN,NONE,"Identity-only composition root; component owners hold state, authority, and action.",https://en.wikipedia.org/wiki/Member_states_of_the_United_Nations
sovereign.central_african_republic,Central African Empire,instance,type.sovereign_system.default,SovereignSystem,sovereign_regional,true,1,none,MECHANICAL_OR_ADAPTER,named,identity_only,fits,UNKNOWN,NONE,"Identity-only composition root; component owners hold state, authority, and action.",https://en.wikipedia.org/wiki/Member_states_of_the_United_Nations
sovereign.chad,Chad,instance,type.sovereign_system.default,SovereignSystem,sovereign_regional,true,1,none,MECHANICAL_OR_ADAPTER,named,identity_only,fits,UNKNOWN,NONE,"Identity-only composition root; component owners hold state, authority, and action.",https://en.wikipedia.org/wiki/Member_states_of_the_United_Nations
sovereign.chile,Chile,instance,type.sovereign_system.default,SovereignSystem,sovereign_regional,true,1,none,MECHANICAL_OR_ADAPTER,named,identity_only,fits,UNKNOWN,NONE,"Identity-only composition root; component owners hold state, authority, and action.",https://en.wikipedia.org/wiki/Member_states_of_the_United_Nations
sovereign.china,China,instance,type.sovereign_system.default,SovereignSystem,sovereign_regional,true,1,none,MECHANICAL_OR_ADAPTER,named,identity_only,fits,UNKNOWN,NONE,"Container and scope only; Party leadership, State Council, PBOC, SAFE, policy banks, military, provinces, and strategic firms retain distinct ownership.",04-design-discussion-minimum-simulation-kernel.md:823;04-design-discussion-minimum-simulation-kernel.md:1348;05-design-discussion-representation-bible.md:120-123;06-design-discussion-representation-catalog.md:365
sovereign.colombia,Colombia,instance,type.sovereign_system.default,SovereignSystem,sovereign_regional,true,1,none,MECHANICAL_OR_ADAPTER,named,identity_only,fits,UNKNOWN,NONE,"Identity-only composition root; component owners hold state, authority, and action.",https://en.wikipedia.org/wiki/Member_states_of_the_United_Nations
sovereign.comoros,Comoros,instance,type.sovereign_system.default,SovereignSystem,sovereign_regional,true,1,none,MECHANICAL_OR_ADAPTER,named,identity_only,fits,UNKNOWN,NONE,"Identity-only composition root; component owners hold state, authority, and action.",https://en.wikipedia.org/wiki/Member_states_of_the_United_Nations
sovereign.congo,People's Republic of the Congo,instance,type.sovereign_system.default,SovereignSystem,sovereign_regional,true,1,none,MECHANICAL_OR_ADAPTER,named,identity_only,fits,UNKNOWN,NONE,"Identity-only composition root; component owners hold state, authority, and action.",https://en.wikipedia.org/wiki/Member_states_of_the_United_Nations
sovereign.costa_rica,Costa Rica,instance,type.sovereign_system.default,SovereignSystem,sovereign_regional,true,1,none,MECHANICAL_OR_ADAPTER,named,identity_only,fits,UNKNOWN,NONE,"Identity-only composition root; component owners hold state, authority, and action.",https://en.wikipedia.org/wiki/Member_states_of_the_United_Nations
sovereign.cote_divoire,Ivory Coast,instance,type.sovereign_system.default,SovereignSystem,sovereign_regional,true,1,none,MECHANICAL_OR_ADAPTER,named,identity_only,fits,UNKNOWN,NONE,"Identity-only composition root; component owners hold state, authority, and action.",https://en.wikipedia.org/wiki/Member_states_of_the_United_Nations
sovereign.cuba,Cuba,instance,type.sovereign_system.default,SovereignSystem,sovereign_regional,true,1,none,MECHANICAL_OR_ADAPTER,named,identity_only,fits,UNKNOWN,NONE,"Identity-only composition root; component owners hold state, authority, and action.",https://en.wikipedia.org/wiki/Member_states_of_the_United_Nations
sovereign.cyprus,Cyprus,instance,type.sovereign_system.default,SovereignSystem,sovereign_regional,true,1,none,MECHANICAL_OR_ADAPTER,named,identity_only,fits,UNKNOWN,NONE,"Identity-only composition root; component owners hold state, authority, and action.",https://en.wikipedia.org/wiki/Member_states_of_the_United_Nations
sovereign.czechoslovakia,Czechoslovak Socialist Republic,instance,type.sovereign_system.default,SovereignSystem,sovereign_regional,true,1,none,MECHANICAL_OR_ADAPTER,named,identity_only,fits,UNKNOWN,NONE,"Identity-only composition root; component owners hold state, authority, and action.",https://en.wikipedia.org/wiki/Member_states_of_the_United_Nations#Former_members
sovereign.denmark,Denmark,instance,type.sovereign_system.default,SovereignSystem,sovereign_regional,true,1,none,MECHANICAL_OR_ADAPTER,named,identity_only,fits,UNKNOWN,NONE,"Identity-only composition root; component owners hold state, authority, and action.",https://en.wikipedia.org/wiki/Member_states_of_the_United_Nations
sovereign.djibouti,Djibouti,instance,type.sovereign_system.default,SovereignSystem,sovereign_regional,true,1,none,MECHANICAL_OR_ADAPTER,named,identity_only,fits,UNKNOWN,NONE,"Identity-only composition root; component owners hold state, authority, and action.",https://en.wikipedia.org/wiki/Member_states_of_the_United_Nations
sovereign.dominica,Dominica,instance,type.sovereign_system.default,SovereignSystem,sovereign_regional,true,1,none,MECHANICAL_OR_ADAPTER,named,identity_only,fits,UNKNOWN,NONE,"Identity-only composition root; component owners hold state, authority, and action.",https://en.wikipedia.org/wiki/Member_states_of_the_United_Nations
sovereign.dominican_republic,Dominican Republic,instance,type.sovereign_system.default,SovereignSystem,sovereign_regional,true,1,none,MECHANICAL_OR_ADAPTER,named,identity_only,fits,UNKNOWN,NONE,"Identity-only composition root; component owners hold state, authority, and action.",https://en.wikipedia.org/wiki/Member_states_of_the_United_Nations
sovereign.drc,Democratic Republic of the Congo,instance,type.sovereign.jurisdiction_scope,SovereignSystem,sovereign_regional,true,1,none,MECHANICAL_OR_ADAPTER,named,identity_only,fits,UNKNOWN,NONE,Composition root only; institutions firms communities and mechanisms retain ownership and action.,user-request:strategic-resource-regions
sovereign.east_germany,German Democratic Republic,instance,type.sovereign_system.default,SovereignSystem,sovereign_regional,true,1,none,MECHANICAL_OR_ADAPTER,named,identity_only,fits,UNKNOWN,NONE,"Identity-only composition root; component owners hold state, authority, and action.",https://en.wikipedia.org/wiki/Member_states_of_the_United_Nations#Former_members
sovereign.ecuador,Ecuador,instance,type.sovereign_system.default,SovereignSystem,sovereign_regional,true,1,none,MECHANICAL_OR_ADAPTER,named,identity_only,fits,UNKNOWN,NONE,"Identity-only composition root; component owners hold state, authority, and action.",https://en.wikipedia.org/wiki/Member_states_of_the_United_Nations
sovereign.egypt,Egypt,instance,type.sovereign_system.default,SovereignSystem,sovereign_regional,true,1,none,MECHANICAL_OR_ADAPTER,named,identity_only,fits,UNKNOWN,NONE,"Identity-only composition root; component owners hold state, authority, and action.",https://en.wikipedia.org/wiki/Member_states_of_the_United_Nations
sovereign.el_salvador,El Salvador,instance,type.sovereign_system.default,SovereignSystem,sovereign_regional,true,1,none,MECHANICAL_OR_ADAPTER,named,identity_only,fits,UNKNOWN,NONE,"Identity-only composition root; component owners hold state, authority, and action.",https://en.wikipedia.org/wiki/Member_states_of_the_United_Nations
sovereign.equatorial_guinea,Equatorial Guinea,instance,type.sovereign_system.default,SovereignSystem,sovereign_regional,true,1,none,MECHANICAL_OR_ADAPTER,named,identity_only,fits,UNKNOWN,NONE,"Identity-only composition root; component owners hold state, authority, and action.",https://en.wikipedia.org/wiki/Member_states_of_the_United_Nations
sovereign.eswatini,Swaziland,instance,type.sovereign_system.default,SovereignSystem,sovereign_regional,true,1,none,MECHANICAL_OR_ADAPTER,named,identity_only,fits,UNKNOWN,NONE,"Identity-only composition root; component owners hold state, authority, and action.",https://en.wikipedia.org/wiki/Member_states_of_the_United_Nations
sovereign.ethiopia,Ethiopia,instance,type.sovereign_system.default,SovereignSystem,sovereign_regional,true,1,none,MECHANICAL_OR_ADAPTER,named,identity_only,fits,UNKNOWN,NONE,"Identity-only composition root; component owners hold state, authority, and action.",https://en.wikipedia.org/wiki/Member_states_of_the_United_Nations
sovereign.fiji,Fiji,instance,type.sovereign_system.default,SovereignSystem,sovereign_regional,true,1,none,MECHANICAL_OR_ADAPTER,named,identity_only,fits,UNKNOWN,NONE,"Identity-only composition root; component owners hold state, authority, and action.",https://en.wikipedia.org/wiki/Member_states_of_the_United_Nations
sovereign.finland,Finland,instance,type.sovereign_system.default,SovereignSystem,sovereign_regional,true,1,none,MECHANICAL_OR_ADAPTER,named,identity_only,fits,UNKNOWN,NONE,"Identity-only composition root; component owners hold state, authority, and action.",https://en.wikipedia.org/wiki/Member_states_of_the_United_Nations
sovereign.france,France,instance,type.sovereign_system.default,SovereignSystem,sovereign_regional,true,1,none,MECHANICAL_OR_ADAPTER,named,identity_only,fits,UNKNOWN,NONE,Non-owning composition root; internal institutions retain state and action ownership.,04-design-discussion-minimum-simulation-kernel.md:819-837;05-design-discussion-representation-bible.md:678-690;05-design-discussion-representation-bible.md:737-771
sovereign.gabon,Gabon,instance,type.sovereign_system.default,SovereignSystem,sovereign_regional,true,1,none,MECHANICAL_OR_ADAPTER,named,identity_only,fits,UNKNOWN,NONE,"Identity-only composition root; component owners hold state, authority, and action.",https://en.wikipedia.org/wiki/Member_states_of_the_United_Nations
sovereign.gambia,Gambia,instance,type.sovereign_system.default,SovereignSystem,sovereign_regional,true,1,none,MECHANICAL_OR_ADAPTER,named,identity_only,fits,UNKNOWN,NONE,"Identity-only composition root; component owners hold state, authority, and action.",https://en.wikipedia.org/wiki/Member_states_of_the_United_Nations
sovereign.georgia,Georgia,instance,type.sovereign_system.default,SovereignSystem,sovereign_regional,false,1,none,MECHANICAL_OR_ADAPTER,named,identity_only,fits,UNKNOWN,NONE,Composition root only; institutions firms and mechanisms retain ownership and action.,user-request:strategic-resource-regions
sovereign.germany,Germany,instance,type.sovereign_system.default,SovereignSystem,sovereign_regional,true,1,none,MECHANICAL_OR_ADAPTER,named,identity_only,fits,UNKNOWN,NONE,Non-owning composition root; internal institutions retain state and action ownership.,04-design-discussion-minimum-simulation-kernel.md:819-837;05-design-discussion-representation-bible.md:678-690;05-design-discussion-representation-bible.md:737-771
sovereign.ghana,Ghana,instance,type.sovereign_system.default,SovereignSystem,sovereign_regional,true,1,none,MECHANICAL_OR_ADAPTER,named,identity_only,fits,UNKNOWN,NONE,"Identity-only composition root; component owners hold state, authority, and action.",https://en.wikipedia.org/wiki/Member_states_of_the_United_Nations
sovereign.greece,Greece,instance,type.sovereign_system.default,SovereignSystem,sovereign_regional,true,1,none,MECHANICAL_OR_ADAPTER,named,identity_only,fits,UNKNOWN,NONE,"Identity-only composition root; component owners hold state, authority, and action.",https://en.wikipedia.org/wiki/Member_states_of_the_United_Nations
sovereign.grenada,Grenada,instance,type.sovereign_system.default,SovereignSystem,sovereign_regional,true,1,none,MECHANICAL_OR_ADAPTER,named,identity_only,fits,UNKNOWN,NONE,"Identity-only composition root; component owners hold state, authority, and action.",https://en.wikipedia.org/wiki/Member_states_of_the_United_Nations
sovereign.guatemala,Guatemala,instance,type.sovereign_system.default,SovereignSystem,sovereign_regional,true,1,none,MECHANICAL_OR_ADAPTER,named,identity_only,fits,UNKNOWN,NONE,"Identity-only composition root; component owners hold state, authority, and action.",https://en.wikipedia.org/wiki/Member_states_of_the_United_Nations
sovereign.guinea,People's Revolutionary Republic of Guinea,instance,type.sovereign_system.default,SovereignSystem,sovereign_regional,true,1,none,MECHANICAL_OR_ADAPTER,named,identity_only,fits,UNKNOWN,NONE,"Identity-only composition root; component owners hold state, authority, and action.",https://en.wikipedia.org/wiki/Member_states_of_the_United_Nations
sovereign.guinea_bissau,Guinea-Bissau,instance,type.sovereign_system.default,SovereignSystem,sovereign_regional,true,1,none,MECHANICAL_OR_ADAPTER,named,identity_only,fits,UNKNOWN,NONE,"Identity-only composition root; component owners hold state, authority, and action.",https://en.wikipedia.org/wiki/Member_states_of_the_United_Nations
sovereign.guyana,Guyana,instance,type.sovereign_system.default,SovereignSystem,sovereign_regional,true,1,none,MECHANICAL_OR_ADAPTER,named,identity_only,fits,UNKNOWN,NONE,"Identity-only composition root; component owners hold state, authority, and action.",https://en.wikipedia.org/wiki/Member_states_of_the_United_Nations
sovereign.haiti,Haiti,instance,type.sovereign_system.default,SovereignSystem,sovereign_regional,true,1,none,MECHANICAL_OR_ADAPTER,named,identity_only,fits,UNKNOWN,NONE,"Identity-only composition root; component owners hold state, authority, and action.",https://en.wikipedia.org/wiki/Member_states_of_the_United_Nations
sovereign.holy_see,Holy See,instance,type.sovereign_system.default,SovereignSystem,sovereign_regional,true,1,none,MECHANICAL_OR_ADAPTER,named,identity_only,fits,UNKNOWN,NONE,"Identity-only composition root; component owners hold state, authority, and action.",https://en.wikipedia.org/wiki/Holy_See_and_the_United_Nations
sovereign.honduras,Honduras,instance,type.sovereign_system.default,SovereignSystem,sovereign_regional,true,1,none,MECHANICAL_OR_ADAPTER,named,identity_only,fits,UNKNOWN,NONE,"Identity-only composition root; component owners hold state, authority, and action.",https://en.wikipedia.org/wiki/Member_states_of_the_United_Nations
sovereign.hungary,Hungarian People's Republic,instance,type.sovereign_system.default,SovereignSystem,sovereign_regional,true,1,none,MECHANICAL_OR_ADAPTER,named,identity_only,fits,UNKNOWN,NONE,"Identity-only composition root; component owners hold state, authority, and action.",https://en.wikipedia.org/wiki/Member_states_of_the_United_Nations
sovereign.iceland,Iceland,instance,type.sovereign_system.default,SovereignSystem,sovereign_regional,true,1,none,MECHANICAL_OR_ADAPTER,named,identity_only,fits,UNKNOWN,NONE,"Identity-only composition root; component owners hold state, authority, and action.",https://en.wikipedia.org/wiki/Member_states_of_the_United_Nations
sovereign.india,India,instance,type.sovereign_system.default,SovereignSystem,sovereign_regional,true,1,none,MECHANICAL_OR_ADAPTER,named,identity_only,fits,UNKNOWN,NONE,"Identity-only composition root; component owners hold state, authority, and action.",https://en.wikipedia.org/wiki/Member_states_of_the_United_Nations
sovereign.indonesia,Indonesia,instance,type.sovereign_system.default,SovereignSystem,sovereign_regional,true,1,none,MECHANICAL_OR_ADAPTER,named,identity_only,fits,UNKNOWN,NONE,"Identity-only composition root; component owners hold state, authority, and action.",https://en.wikipedia.org/wiki/Member_states_of_the_United_Nations
sovereign.iran,Iran,instance,type.sovereign_system.default,SovereignSystem,sovereign_regional,true,1,none,MECHANICAL_OR_ADAPTER,named,identity_only,fits,UNKNOWN,NONE,"Container and scope only; named principals, IRGC, central bank, oil institutions, and factional networks remain distinct owners.",04-design-discussion-minimum-simulation-kernel.md:1347;05-design-discussion-representation-bible.md:120-123;06-design-discussion-representation-catalog.md:365
sovereign.iraq,Iraq,instance,type.sovereign_system.default,SovereignSystem,sovereign_regional,true,1,none,MECHANICAL_OR_ADAPTER,named,identity_only,fits,UNKNOWN,NONE,"Identity-only composition root; component owners hold state, authority, and action.",https://en.wikipedia.org/wiki/Member_states_of_the_United_Nations
sovereign.ireland,Ireland,instance,type.sovereign_system.default,SovereignSystem,sovereign_regional,true,1,none,MECHANICAL_OR_ADAPTER,named,identity_only,fits,UNKNOWN,NONE,"Identity-only composition root; component owners hold state, authority, and action.",https://en.wikipedia.org/wiki/Member_states_of_the_United_Nations
sovereign.israel,Israel,instance,type.sovereign_system.default,SovereignSystem,sovereign_regional,true,1,none,MECHANICAL_OR_ADAPTER,named,identity_only,fits,UNKNOWN,NONE,"Container and scope only; the prime minister, coalition, cabinet, Bank of Israel, security institutions, and firms remain distinct owners.",04-design-discussion-minimum-simulation-kernel.md:1346;05-design-discussion-representation-bible.md:120-123;06-design-discussion-representation-catalog.md:365
sovereign.italy,Italy,instance,type.sovereign_system.default,SovereignSystem,sovereign_regional,true,1,none,MECHANICAL_OR_ADAPTER,named,identity_only,fits,UNKNOWN,NONE,Non-owning composition root; internal institutions retain state and action ownership.,04-design-discussion-minimum-simulation-kernel.md:819-837;05-design-discussion-representation-bible.md:678-690;05-design-discussion-representation-bible.md:737-771
sovereign.jamaica,Jamaica,instance,type.sovereign_system.default,SovereignSystem,sovereign_regional,true,1,none,MECHANICAL_OR_ADAPTER,named,identity_only,fits,UNKNOWN,NONE,"Identity-only composition root; component owners hold state, authority, and action.",https://en.wikipedia.org/wiki/Member_states_of_the_United_Nations
sovereign.japan,Japan,instance,type.sovereign_system.default,SovereignSystem,sovereign_regional,true,1,none,MECHANICAL_OR_ADAPTER,named,identity_only,fits,UNKNOWN,NONE,"Container and scope only; Cabinet, BOJ, MOF, banks, insurers, and pensions remain separate candidates.",04-design-discussion-minimum-simulation-kernel.md:823;04-design-discussion-minimum-simulation-kernel.md:1350;05-design-discussion-representation-bible.md:120-123;06-design-discussion-representation-catalog.md:365
sovereign.jordan,Jordan,instance,type.sovereign_system.default,SovereignSystem,sovereign_regional,true,1,none,MECHANICAL_OR_ADAPTER,named,identity_only,fits,UNKNOWN,NONE,"Identity-only composition root; component owners hold state, authority, and action.",https://en.wikipedia.org/wiki/Member_states_of_the_United_Nations
sovereign.kenya,Kenya,instance,type.sovereign_system.default,SovereignSystem,sovereign_regional,true,1,none,MECHANICAL_OR_ADAPTER,named,identity_only,fits,UNKNOWN,NONE,"Identity-only composition root; component owners hold state, authority, and action.",https://en.wikipedia.org/wiki/Member_states_of_the_United_Nations
sovereign.kiribati,Kiribati,instance,type.sovereign_system.default,SovereignSystem,sovereign_regional,true,1,none,MECHANICAL_OR_ADAPTER,named,identity_only,fits,UNKNOWN,NONE,"Identity-only composition root; component owners hold state, authority, and action.",https://en.wikipedia.org/wiki/ISO_3166-3
sovereign.kuwait,Kuwait,instance,type.sovereign_system.default,SovereignSystem,sovereign_regional,true,1,none,MECHANICAL_OR_ADAPTER,named,identity_only,fits,UNKNOWN,NONE,"Identity-only composition root; component owners hold state, authority, and action.",https://en.wikipedia.org/wiki/Member_states_of_the_United_Nations
sovereign.laos,Lao People's Democratic Republic,instance,type.sovereign_system.default,SovereignSystem,sovereign_regional,true,1,none,MECHANICAL_OR_ADAPTER,named,identity_only,fits,UNKNOWN,NONE,"Identity-only composition root; component owners hold state, authority, and action.",https://en.wikipedia.org/wiki/Member_states_of_the_United_Nations
sovereign.lebanon,Lebanon,instance,type.sovereign_system.default,SovereignSystem,sovereign_regional,true,1,none,MECHANICAL_OR_ADAPTER,named,identity_only,fits,UNKNOWN,NONE,"Identity-only composition root; component owners hold state, authority, and action.",https://en.wikipedia.org/wiki/Member_states_of_the_United_Nations
sovereign.lesotho,Lesotho,instance,type.sovereign_system.default,SovereignSystem,sovereign_regional,true,1,none,MECHANICAL_OR_ADAPTER,named,identity_only,fits,UNKNOWN,NONE,"Identity-only composition root; component owners hold state, authority, and action.",https://en.wikipedia.org/wiki/Member_states_of_the_United_Nations
sovereign.liberia,Liberia,instance,type.sovereign_system.default,SovereignSystem,sovereign_regional,true,1,none,MECHANICAL_OR_ADAPTER,named,identity_only,fits,UNKNOWN,NONE,"Identity-only composition root; component owners hold state, authority, and action.",https://en.wikipedia.org/wiki/Member_states_of_the_United_Nations
sovereign.libya,Socialist People's Libyan Arab Jamahiriya,instance,type.sovereign_system.default,SovereignSystem,sovereign_regional,true,1,none,MECHANICAL_OR_ADAPTER,named,identity_only,fits,UNKNOWN,NONE,"Identity-only composition root; component owners hold state, authority, and action.",https://en.wikipedia.org/wiki/Member_states_of_the_United_Nations
sovereign.liechtenstein,Liechtenstein,instance,type.sovereign_system.default,SovereignSystem,sovereign_regional,true,1,none,MECHANICAL_OR_ADAPTER,named,identity_only,fits,UNKNOWN,NONE,"Identity-only composition root; component owners hold state, authority, and action.",https://en.wikipedia.org/wiki/Liechtenstein
sovereign.luxembourg,Luxembourg,instance,type.sovereign_system.default,SovereignSystem,sovereign_regional,true,1,none,MECHANICAL_OR_ADAPTER,named,identity_only,fits,UNKNOWN,NONE,"Identity-only composition root; component owners hold state, authority, and action.",https://en.wikipedia.org/wiki/Member_states_of_the_United_Nations
sovereign.madagascar,Democratic Republic of Madagascar,instance,type.sovereign_system.default,SovereignSystem,sovereign_regional,true,1,none,MECHANICAL_OR_ADAPTER,named,identity_only,fits,UNKNOWN,NONE,"Identity-only composition root; component owners hold state, authority, and action.",https://en.wikipedia.org/wiki/Member_states_of_the_United_Nations
sovereign.malawi,Malawi,instance,type.sovereign_system.default,SovereignSystem,sovereign_regional,true,1,none,MECHANICAL_OR_ADAPTER,named,identity_only,fits,UNKNOWN,NONE,"Identity-only composition root; component owners hold state, authority, and action.",https://en.wikipedia.org/wiki/Member_states_of_the_United_Nations
sovereign.malaysia,Malaysia,instance,type.sovereign_system.default,SovereignSystem,sovereign_regional,true,1,none,MECHANICAL_OR_ADAPTER,named,identity_only,fits,UNKNOWN,NONE,"Identity-only composition root; component owners hold state, authority, and action.",https://en.wikipedia.org/wiki/Member_states_of_the_United_Nations
sovereign.maldives,Maldives,instance,type.sovereign_system.default,SovereignSystem,sovereign_regional,true,1,none,MECHANICAL_OR_ADAPTER,named,identity_only,fits,UNKNOWN,NONE,"Identity-only composition root; component owners hold state, authority, and action.",https://en.wikipedia.org/wiki/Member_states_of_the_United_Nations
sovereign.mali,Mali,instance,type.sovereign_system.default,SovereignSystem,sovereign_regional,true,1,none,MECHANICAL_OR_ADAPTER,named,identity_only,fits,UNKNOWN,NONE,"Identity-only composition root; component owners hold state, authority, and action.",https://en.wikipedia.org/wiki/Member_states_of_the_United_Nations
sovereign.malta,Malta,instance,type.sovereign_system.default,SovereignSystem,sovereign_regional,true,1,none,MECHANICAL_OR_ADAPTER,named,identity_only,fits,UNKNOWN,NONE,"Identity-only composition root; component owners hold state, authority, and action.",https://en.wikipedia.org/wiki/Member_states_of_the_United_Nations
sovereign.mauritania,Mauritania,instance,type.sovereign_system.default,SovereignSystem,sovereign_regional,true,1,none,MECHANICAL_OR_ADAPTER,named,identity_only,fits,UNKNOWN,NONE,"Identity-only composition root; component owners hold state, authority, and action.",https://en.wikipedia.org/wiki/Member_states_of_the_United_Nations
sovereign.mauritius,Mauritius,instance,type.sovereign_system.default,SovereignSystem,sovereign_regional,true,1,none,MECHANICAL_OR_ADAPTER,named,identity_only,fits,UNKNOWN,NONE,"Identity-only composition root; component owners hold state, authority, and action.",https://en.wikipedia.org/wiki/Member_states_of_the_United_Nations
sovereign.mexico,Mexico,instance,type.sovereign_system.default,SovereignSystem,sovereign_regional,true,1,none,MECHANICAL_OR_ADAPTER,named,identity_only,fits,UNKNOWN,NONE,"Identity-only composition root; component owners hold state, authority, and action.",https://en.wikipedia.org/wiki/Member_states_of_the_United_Nations
sovereign.monaco,Monaco,instance,type.sovereign_system.default,SovereignSystem,sovereign_regional,true,1,none,MECHANICAL_OR_ADAPTER,named,identity_only,fits,UNKNOWN,NONE,"Identity-only composition root; component owners hold state, authority, and action.",https://en.wikipedia.org/wiki/Monaco
sovereign.mongolia,Mongolian People's Republic,instance,type.sovereign_system.default,SovereignSystem,sovereign_regional,true,1,none,MECHANICAL_OR_ADAPTER,named,identity_only,fits,UNKNOWN,NONE,"Identity-only composition root; component owners hold state, authority, and action.",https://en.wikipedia.org/wiki/Member_states_of_the_United_Nations
sovereign.morocco,Morocco,instance,type.sovereign_system.default,SovereignSystem,sovereign_regional,true,1,none,MECHANICAL_OR_ADAPTER,named,identity_only,fits,UNKNOWN,NONE,"Identity-only composition root; component owners hold state, authority, and action.",https://en.wikipedia.org/wiki/Member_states_of_the_United_Nations
sovereign.mozambique,People's Republic of Mozambique,instance,type.sovereign_system.default,SovereignSystem,sovereign_regional,true,1,none,MECHANICAL_OR_ADAPTER,named,identity_only,fits,UNKNOWN,NONE,"Identity-only composition root; component owners hold state, authority, and action.",https://en.wikipedia.org/wiki/Member_states_of_the_United_Nations
sovereign.myanmar,Socialist Republic of the Union of Burma,instance,type.sovereign_system.default,SovereignSystem,sovereign_regional,true,1,none,MECHANICAL_OR_ADAPTER,named,identity_only,fits,UNKNOWN,NONE,"Identity-only composition root; component owners hold state, authority, and action.",https://en.wikipedia.org/wiki/Member_states_of_the_United_Nations
sovereign.nauru,Nauru,instance,type.sovereign_system.default,SovereignSystem,sovereign_regional,true,1,none,MECHANICAL_OR_ADAPTER,named,identity_only,fits,UNKNOWN,NONE,"Identity-only composition root; component owners hold state, authority, and action.",https://en.wikipedia.org/wiki/Nauru
sovereign.nepal,Nepal,instance,type.sovereign_system.default,SovereignSystem,sovereign_regional,true,1,none,MECHANICAL_OR_ADAPTER,named,identity_only,fits,UNKNOWN,NONE,"Identity-only composition root; component owners hold state, authority, and action.",https://en.wikipedia.org/wiki/Member_states_of_the_United_Nations
sovereign.netherlands,Netherlands,instance,type.sovereign_system.default,SovereignSystem,sovereign_regional,true,1,none,MECHANICAL_OR_ADAPTER,named,identity_only,fits,UNKNOWN,NONE,"Identity-only composition root; component owners hold state, authority, and action.",https://en.wikipedia.org/wiki/Member_states_of_the_United_Nations
sovereign.new_zealand,New Zealand,instance,type.sovereign_system.default,SovereignSystem,sovereign_regional,true,1,none,MECHANICAL_OR_ADAPTER,named,identity_only,fits,UNKNOWN,NONE,"Identity-only composition root; component owners hold state, authority, and action.",https://en.wikipedia.org/wiki/Member_states_of_the_United_Nations
sovereign.nicaragua,Nicaragua,instance,type.sovereign_system.default,SovereignSystem,sovereign_regional,true,1,none,MECHANICAL_OR_ADAPTER,named,identity_only,fits,UNKNOWN,NONE,"Identity-only composition root; component owners hold state, authority, and action.",https://en.wikipedia.org/wiki/Member_states_of_the_United_Nations
sovereign.niger,Niger,instance,type.sovereign_system.default,SovereignSystem,sovereign_regional,true,1,none,MECHANICAL_OR_ADAPTER,named,identity_only,fits,UNKNOWN,NONE,"Identity-only composition root; component owners hold state, authority, and action.",https://en.wikipedia.org/wiki/Member_states_of_the_United_Nations
sovereign.nigeria,Nigeria,instance,type.sovereign_system.default,SovereignSystem,sovereign_regional,true,1,none,MECHANICAL_OR_ADAPTER,named,identity_only,fits,UNKNOWN,NONE,"Identity-only composition root; component owners hold state, authority, and action.",https://en.wikipedia.org/wiki/Member_states_of_the_United_Nations
sovereign.north_korea,Democratic People's Republic of Korea,instance,type.sovereign_system.default,SovereignSystem,sovereign_regional,true,1,none,MECHANICAL_OR_ADAPTER,named,identity_only,fits,UNKNOWN,NONE,"Identity-only composition root; component owners hold state, authority, and action.",https://en.wikipedia.org/wiki/North_Korea_and_the_United_Nations
sovereign.north_yemen,Yemen Arab Republic,instance,type.sovereign_system.default,SovereignSystem,sovereign_regional,true,1,none,MECHANICAL_OR_ADAPTER,named,identity_only,fits,UNKNOWN,NONE,"Identity-only composition root; component owners hold state, authority, and action.",https://en.wikipedia.org/wiki/Member_states_of_the_United_Nations
sovereign.norway,Norway,instance,type.sovereign_system.default,SovereignSystem,sovereign_regional,true,1,none,MECHANICAL_OR_ADAPTER,named,identity_only,fits,UNKNOWN,NONE,"Identity-only composition root; component owners hold state, authority, and action.",https://en.wikipedia.org/wiki/Member_states_of_the_United_Nations
sovereign.oman,Oman,instance,type.sovereign_system.default,SovereignSystem,sovereign_regional,true,1,none,MECHANICAL_OR_ADAPTER,named,identity_only,fits,UNKNOWN,NONE,"Identity-only composition root; component owners hold state, authority, and action.",https://en.wikipedia.org/wiki/Member_states_of_the_United_Nations
sovereign.pakistan,Pakistan,instance,type.sovereign_system.default,SovereignSystem,sovereign_regional,true,1,none,MECHANICAL_OR_ADAPTER,named,identity_only,fits,UNKNOWN,NONE,"Identity-only composition root; component owners hold state, authority, and action.",https://en.wikipedia.org/wiki/Member_states_of_the_United_Nations
sovereign.panama,Panama,instance,type.sovereign_system.default,SovereignSystem,sovereign_regional,true,1,none,MECHANICAL_OR_ADAPTER,named,identity_only,fits,UNKNOWN,NONE,"Identity-only composition root; component owners hold state, authority, and action.",https://en.wikipedia.org/wiki/Member_states_of_the_United_Nations
sovereign.papua_new_guinea,Papua New Guinea,instance,type.sovereign_system.default,SovereignSystem,sovereign_regional,true,1,none,MECHANICAL_OR_ADAPTER,named,identity_only,fits,UNKNOWN,NONE,"Identity-only composition root; component owners hold state, authority, and action.",https://en.wikipedia.org/wiki/Member_states_of_the_United_Nations
sovereign.paraguay,Paraguay,instance,type.sovereign_system.default,SovereignSystem,sovereign_regional,true,1,none,MECHANICAL_OR_ADAPTER,named,identity_only,fits,UNKNOWN,NONE,"Identity-only composition root; component owners hold state, authority, and action.",https://en.wikipedia.org/wiki/Member_states_of_the_United_Nations
sovereign.peru,Peru,instance,type.sovereign_system.default,SovereignSystem,sovereign_regional,true,1,none,MECHANICAL_OR_ADAPTER,named,identity_only,fits,UNKNOWN,NONE,"Identity-only composition root; component owners hold state, authority, and action.",https://en.wikipedia.org/wiki/Member_states_of_the_United_Nations
sovereign.philippines,Philippines,instance,type.sovereign_system.default,SovereignSystem,sovereign_regional,true,1,none,MECHANICAL_OR_ADAPTER,named,identity_only,fits,UNKNOWN,NONE,"Identity-only composition root; component owners hold state, authority, and action.",https://en.wikipedia.org/wiki/Member_states_of_the_United_Nations
sovereign.poland,Polish People's Republic,instance,type.sovereign_system.default,SovereignSystem,sovereign_regional,true,1,none,MECHANICAL_OR_ADAPTER,named,identity_only,fits,UNKNOWN,NONE,"Identity-only composition root; component owners hold state, authority, and action.",https://en.wikipedia.org/wiki/Member_states_of_the_United_Nations
sovereign.portugal,Portugal,instance,type.sovereign_system.default,SovereignSystem,sovereign_regional,true,1,none,MECHANICAL_OR_ADAPTER,named,identity_only,fits,UNKNOWN,NONE,"Identity-only composition root; component owners hold state, authority, and action.",https://en.wikipedia.org/wiki/Member_states_of_the_United_Nations
sovereign.qatar,Qatar,instance,type.sovereign_system.default,SovereignSystem,sovereign_regional,true,1,none,MECHANICAL_OR_ADAPTER,named,identity_only,fits,UNKNOWN,NONE,"Container and scope only; ruling principals, energy companies, central bank, and sovereign funds remain separate owners.",04-design-discussion-minimum-simulation-kernel.md:1353;05-design-discussion-representation-bible.md:120-123;06-design-discussion-representation-catalog.md:365
sovereign.romania,Socialist Republic of Romania,instance,type.sovereign_system.default,SovereignSystem,sovereign_regional,true,1,none,MECHANICAL_OR_ADAPTER,named,identity_only,fits,UNKNOWN,NONE,"Identity-only composition root; component owners hold state, authority, and action.",https://en.wikipedia.org/wiki/Member_states_of_the_United_Nations
sovereign.russia,Russia,instance,type.sovereign_system.default,SovereignSystem,sovereign_regional,false,1,none,MECHANICAL_OR_ADAPTER,named,identity_only,fits,UNKNOWN,NONE,"Container and scope only; presidency, central bank, security institutions, energy firms, and elite networks remain separate owners.",04-design-discussion-minimum-simulation-kernel.md:1352;05-design-discussion-representation-bible.md:120-123;06-design-discussion-representation-catalog.md:365
sovereign.rwanda,Rwanda,instance,type.sovereign_system.default,SovereignSystem,sovereign_regional,true,1,none,MECHANICAL_OR_ADAPTER,named,identity_only,fits,UNKNOWN,NONE,"Identity-only composition root; component owners hold state, authority, and action.",https://en.wikipedia.org/wiki/Member_states_of_the_United_Nations
sovereign.sahrawi_arab_democratic_republic,Sahrawi Arab Democratic Republic,instance,type.sovereign_system.default,SovereignSystem,sovereign_regional,false,1,none,MECHANICAL_OR_ADAPTER,named,identity_only,fits,UNKNOWN,NONE,"Identity-only composition root; component owners hold state, authority, and action.",https://en.wikipedia.org/wiki/Sahrawi_Arab_Democratic_Republic
sovereign.saint_lucia,Saint Lucia,instance,type.sovereign_system.default,SovereignSystem,sovereign_regional,true,1,none,MECHANICAL_OR_ADAPTER,named,identity_only,fits,UNKNOWN,NONE,"Identity-only composition root; component owners hold state, authority, and action.",https://en.wikipedia.org/wiki/Saint_Lucia
sovereign.samoa,Western Samoa,instance,type.sovereign_system.default,SovereignSystem,sovereign_regional,true,1,none,MECHANICAL_OR_ADAPTER,named,identity_only,fits,UNKNOWN,NONE,"Identity-only composition root; component owners hold state, authority, and action.",https://en.wikipedia.org/wiki/Member_states_of_the_United_Nations
sovereign.san_marino,San Marino,instance,type.sovereign_system.default,SovereignSystem,sovereign_regional,true,1,none,MECHANICAL_OR_ADAPTER,named,identity_only,fits,UNKNOWN,NONE,"Identity-only composition root; component owners hold state, authority, and action.",https://en.wikipedia.org/wiki/San_Marino
sovereign.sao_tome_and_principe,Sao Tome and Principe,instance,type.sovereign_system.default,SovereignSystem,sovereign_regional,true,1,none,MECHANICAL_OR_ADAPTER,named,identity_only,fits,UNKNOWN,NONE,"Identity-only composition root; component owners hold state, authority, and action.",https://en.wikipedia.org/wiki/Member_states_of_the_United_Nations
sovereign.saudi_arabia,Saudi Arabia,instance,type.sovereign_system.default,SovereignSystem,sovereign_regional,true,1,none,MECHANICAL_OR_ADAPTER,named,identity_only,fits,UNKNOWN,NONE,"Container and scope only: the Crown, ministry, Aramco, SAMA, PIF, funds, and security institutions retain action and state ownership.",04-design-discussion-minimum-simulation-kernel.md:1345;05-design-discussion-representation-bible.md:120-123;06-design-discussion-representation-catalog.md:365
sovereign.senegal,Senegal,instance,type.sovereign_system.default,SovereignSystem,sovereign_regional,true,1,none,MECHANICAL_OR_ADAPTER,named,identity_only,fits,UNKNOWN,NONE,"Identity-only composition root; component owners hold state, authority, and action.",https://en.wikipedia.org/wiki/Member_states_of_the_United_Nations
sovereign.seychelles,Seychelles,instance,type.sovereign_system.default,SovereignSystem,sovereign_regional,true,1,none,MECHANICAL_OR_ADAPTER,named,identity_only,fits,UNKNOWN,NONE,"Identity-only composition root; component owners hold state, authority, and action.",https://en.wikipedia.org/wiki/Member_states_of_the_United_Nations
sovereign.sierra_leone,Sierra Leone,instance,type.sovereign_system.default,SovereignSystem,sovereign_regional,true,1,none,MECHANICAL_OR_ADAPTER,named,identity_only,fits,UNKNOWN,NONE,"Identity-only composition root; component owners hold state, authority, and action.",https://en.wikipedia.org/wiki/Member_states_of_the_United_Nations
sovereign.singapore,Singapore,instance,type.sovereign_system.default,SovereignSystem,sovereign_regional,true,1,none,MECHANICAL_OR_ADAPTER,named,identity_only,fits,UNKNOWN,NONE,Non-owning composition root; internal institutions retain state and action ownership.,04-design-discussion-minimum-simulation-kernel.md:819-837;05-design-discussion-representation-bible.md:678-690;05-design-discussion-representation-bible.md:737-771
sovereign.solomon_islands,Solomon Islands,instance,type.sovereign_system.default,SovereignSystem,sovereign_regional,true,1,none,MECHANICAL_OR_ADAPTER,named,identity_only,fits,UNKNOWN,NONE,"Identity-only composition root; component owners hold state, authority, and action.",https://en.wikipedia.org/wiki/Member_states_of_the_United_Nations
sovereign.somalia,Somali Democratic Republic,instance,type.sovereign_system.default,SovereignSystem,sovereign_regional,true,1,none,MECHANICAL_OR_ADAPTER,named,identity_only,fits,UNKNOWN,NONE,"Identity-only composition root; component owners hold state, authority, and action.",https://en.wikipedia.org/wiki/Member_states_of_the_United_Nations
sovereign.south_africa,South Africa,instance,type.sovereign_system.default,SovereignSystem,sovereign_regional,true,1,none,MECHANICAL_OR_ADAPTER,named,identity_only,fits,UNKNOWN,NONE,"Identity-only composition root; component owners hold state, authority, and action.",https://en.wikipedia.org/wiki/Member_states_of_the_United_Nations
sovereign.south_korea,Republic of Korea,instance,type.sovereign_system.default,SovereignSystem,sovereign_regional,true,1,none,MECHANICAL_OR_ADAPTER,named,identity_only,fits,UNKNOWN,NONE,"Identity-only composition root; component owners hold state, authority, and action.",https://en.wikipedia.org/wiki/South_Korea_and_the_United_Nations
sovereign.south_yemen,People's Democratic Republic of Yemen,instance,type.sovereign_system.default,SovereignSystem,sovereign_regional,true,1,none,MECHANICAL_OR_ADAPTER,named,identity_only,fits,UNKNOWN,NONE,"Identity-only composition root; component owners hold state, authority, and action.",https://en.wikipedia.org/wiki/Member_states_of_the_United_Nations#Former_members
sovereign.spain,Spain,instance,type.sovereign_system.default,SovereignSystem,sovereign_regional,true,1,none,MECHANICAL_OR_ADAPTER,named,identity_only,fits,UNKNOWN,NONE,"Identity-only composition root; component owners hold state, authority, and action.",https://en.wikipedia.org/wiki/Member_states_of_the_United_Nations
sovereign.sri_lanka,Sri Lanka,instance,type.sovereign_system.default,SovereignSystem,sovereign_regional,true,1,none,MECHANICAL_OR_ADAPTER,named,identity_only,fits,UNKNOWN,NONE,"Identity-only composition root; component owners hold state, authority, and action.",https://en.wikipedia.org/wiki/Member_states_of_the_United_Nations
sovereign.sudan,Sudan,instance,type.sovereign_system.default,SovereignSystem,sovereign_regional,true,1,none,MECHANICAL_OR_ADAPTER,named,identity_only,fits,UNKNOWN,NONE,"Identity-only composition root; component owners hold state, authority, and action.",https://en.wikipedia.org/wiki/Member_states_of_the_United_Nations
sovereign.suriname,Suriname,instance,type.sovereign_system.default,SovereignSystem,sovereign_regional,true,1,none,MECHANICAL_OR_ADAPTER,named,identity_only,fits,UNKNOWN,NONE,"Identity-only composition root; component owners hold state, authority, and action.",https://en.wikipedia.org/wiki/Member_states_of_the_United_Nations
sovereign.sweden,Sweden,instance,type.sovereign_system.default,SovereignSystem,sovereign_regional,true,1,none,MECHANICAL_OR_ADAPTER,named,identity_only,fits,UNKNOWN,NONE,"Identity-only composition root; component owners hold state, authority, and action.",https://en.wikipedia.org/wiki/Member_states_of_the_United_Nations
sovereign.switzerland,Switzerland,instance,type.sovereign_system.default,SovereignSystem,sovereign_regional,true,1,none,MECHANICAL_OR_ADAPTER,named,identity_only,fits,UNKNOWN,NONE,"Identity-only composition root; component owners hold state, authority, and action.",https://en.wikipedia.org/wiki/Switzerland_and_the_United_Nations
sovereign.syria,Syrian Arab Republic,instance,type.sovereign_system.default,SovereignSystem,sovereign_regional,true,1,none,MECHANICAL_OR_ADAPTER,named,identity_only,fits,UNKNOWN,NONE,"Identity-only composition root; component owners hold state, authority, and action.",https://en.wikipedia.org/wiki/Member_states_of_the_United_Nations
sovereign.taiwan,Republic of China,instance,type.sovereign_system.default,SovereignSystem,sovereign_regional,false,1,none,MECHANICAL_OR_ADAPTER,named,identity_only,fits,UNKNOWN,NONE,"Identity-only composition root; component owners hold state, authority, and action.",https://en.wikipedia.org/wiki/Taiwan_Relations_Act
sovereign.tanzania,United Republic of Tanzania,instance,type.sovereign_system.default,SovereignSystem,sovereign_regional,true,1,none,MECHANICAL_OR_ADAPTER,named,identity_only,fits,UNKNOWN,NONE,"Identity-only composition root; component owners hold state, authority, and action.",https://en.wikipedia.org/wiki/Member_states_of_the_United_Nations
sovereign.thailand,Thailand,instance,type.sovereign_system.default,SovereignSystem,sovereign_regional,true,1,none,MECHANICAL_OR_ADAPTER,named,identity_only,fits,UNKNOWN,NONE,"Identity-only composition root; component owners hold state, authority, and action.",https://en.wikipedia.org/wiki/Member_states_of_the_United_Nations
sovereign.togo,Togo,instance,type.sovereign_system.default,SovereignSystem,sovereign_regional,true,1,none,MECHANICAL_OR_ADAPTER,named,identity_only,fits,UNKNOWN,NONE,"Identity-only composition root; component owners hold state, authority, and action.",https://en.wikipedia.org/wiki/Member_states_of_the_United_Nations
sovereign.tonga,Tonga,instance,type.sovereign_system.default,SovereignSystem,sovereign_regional,true,1,none,MECHANICAL_OR_ADAPTER,named,identity_only,fits,UNKNOWN,NONE,"Identity-only composition root; component owners hold state, authority, and action.",https://en.wikipedia.org/wiki/Tonga
sovereign.transkei,Republic of Transkei,instance,type.sovereign_system.default,SovereignSystem,sovereign_regional,false,1,none,MECHANICAL_OR_ADAPTER,named,identity_only,fits,UNKNOWN,NONE,"Identity-only composition root; component owners hold state, authority, and action.",https://en.wikipedia.org/wiki/Transkei
sovereign.trinidad_and_tobago,Trinidad and Tobago,instance,type.sovereign_system.default,SovereignSystem,sovereign_regional,true,1,none,MECHANICAL_OR_ADAPTER,named,identity_only,fits,UNKNOWN,NONE,"Identity-only composition root; component owners hold state, authority, and action.",https://en.wikipedia.org/wiki/Member_states_of_the_United_Nations
sovereign.tunisia,Tunisia,instance,type.sovereign_system.default,SovereignSystem,sovereign_regional,true,1,none,MECHANICAL_OR_ADAPTER,named,identity_only,fits,UNKNOWN,NONE,"Identity-only composition root; component owners hold state, authority, and action.",https://en.wikipedia.org/wiki/Member_states_of_the_United_Nations
sovereign.turkey,Turkey,instance,type.sovereign_system.default,SovereignSystem,sovereign_regional,true,1,none,MECHANICAL_OR_ADAPTER,named,identity_only,fits,UNKNOWN,NONE,"Identity-only composition root; component owners hold state, authority, and action.",https://en.wikipedia.org/wiki/Member_states_of_the_United_Nations
sovereign.tuvalu,Tuvalu,instance,type.sovereign_system.default,SovereignSystem,sovereign_regional,true,1,none,MECHANICAL_OR_ADAPTER,named,identity_only,fits,UNKNOWN,NONE,"Identity-only composition root; component owners hold state, authority, and action.",https://en.wikipedia.org/wiki/Tuvalu
sovereign.uae,United Arab Emirates,instance,type.sovereign_system.default,SovereignSystem,sovereign_regional,true,1,none,MECHANICAL_OR_ADAPTER,named,identity_only,fits,UNKNOWN,NONE,"Container and scope only; ruling principals, energy companies, central bank, and sovereign funds remain separate owners.",04-design-discussion-minimum-simulation-kernel.md:1353;05-design-discussion-representation-bible.md:120-123;06-design-discussion-representation-catalog.md:365
sovereign.uganda,Uganda,instance,type.sovereign_system.default,SovereignSystem,sovereign_regional,true,1,none,MECHANICAL_OR_ADAPTER,named,identity_only,fits,UNKNOWN,NONE,"Identity-only composition root; component owners hold state, authority, and action.",https://en.wikipedia.org/wiki/Member_states_of_the_United_Nations
sovereign.ukrainian_ssr,Ukrainian Soviet Socialist Republic,instance,type.sovereign_system.default,SovereignSystem,sovereign_regional,false,1,none,MECHANICAL_OR_ADAPTER,named,identity_only,fits,UNKNOWN,NONE,"Identity-only composition root; component owners hold state, authority, and action.",https://en.wikipedia.org/wiki/Ukrainian_Soviet_Socialist_Republic
sovereign.united_kingdom,United Kingdom,instance,type.sovereign_system.default,SovereignSystem,sovereign_regional,true,1,none,MECHANICAL_OR_ADAPTER,named,identity_only,fits,UNKNOWN,NONE,"Container and scope only; government, Bank of England, DMO, pensions, and parties remain separate owners.",04-design-discussion-minimum-simulation-kernel.md:1351;05-design-discussion-representation-bible.md:120-123;06-design-discussion-representation-catalog.md:365
sovereign.united_states,United States,instance,type.sovereign_system.default,SovereignSystem,sovereign_regional,true,1,none,MECHANICAL_OR_ADAPTER,named,identity_only,fits,UNKNOWN,NONE,"Identity-only composition root; component owners hold state, authority, and action.",https://en.wikipedia.org/wiki/Member_states_of_the_United_Nations
sovereign.uruguay,Uruguay,instance,type.sovereign_system.default,SovereignSystem,sovereign_regional,true,1,none,MECHANICAL_OR_ADAPTER,named,identity_only,fits,UNKNOWN,NONE,"Identity-only composition root; component owners hold state, authority, and action.",https://en.wikipedia.org/wiki/Member_states_of_the_United_Nations
sovereign.ussr,Union of Soviet Socialist Republics,instance,type.sovereign_system.default,SovereignSystem,sovereign_regional,true,1,none,MECHANICAL_OR_ADAPTER,named,identity_only,fits,UNKNOWN,NONE,"Identity-only composition root; component owners hold state, authority, and action.",https://en.wikipedia.org/wiki/Member_states_of_the_United_Nations
sovereign.venezuela,Venezuela,instance,type.sovereign_system.default,SovereignSystem,sovereign_regional,true,1,none,MECHANICAL_OR_ADAPTER,named,identity_only,fits,UNKNOWN,NONE,"Identity-only composition root; component owners hold state, authority, and action.",https://en.wikipedia.org/wiki/Member_states_of_the_United_Nations
sovereign.vietnam,Socialist Republic of Vietnam,instance,type.sovereign_system.default,SovereignSystem,sovereign_regional,true,1,none,MECHANICAL_OR_ADAPTER,named,identity_only,fits,UNKNOWN,NONE,"Identity-only composition root; component owners hold state, authority, and action.",https://en.wikipedia.org/wiki/Member_states_of_the_United_Nations
sovereign.yugoslavia,Socialist Federal Republic of Yugoslavia,instance,type.sovereign_system.default,SovereignSystem,sovereign_regional,true,1,none,MECHANICAL_OR_ADAPTER,named,identity_only,fits,UNKNOWN,NONE,"Identity-only composition root; component owners hold state, authority, and action.",https://en.wikipedia.org/wiki/Member_states_of_the_United_Nations#Former_members
sovereign.zambia,Zambia,instance,type.sovereign_system.default,SovereignSystem,sovereign_regional,true,1,none,MECHANICAL_OR_ADAPTER,named,identity_only,fits,UNKNOWN,NONE,"Identity-only composition root; component owners hold state, authority, and action.",https://en.wikipedia.org/wiki/Member_states_of_the_United_Nations
sovereign.zimbabwe_rhodesia,Zimbabwe Rhodesia,instance,type.sovereign_system.default,SovereignSystem,sovereign_regional,false,1,none,MECHANICAL_OR_ADAPTER,named,identity_only,fits,UNKNOWN,NONE,"Identity-only composition root; component owners hold state, authority, and action.",https://en.wikipedia.org/wiki/Zimbabwe_Rhodesia
staff.us.federal_reserve.financial_stability,Division of Financial Stability,instance,type.staff_unit.default,StaffUnit,Fed,false,1,participant_cognition,PARTICIPANT_DISTRIBUTION,named,identity_only,fits,UNKNOWN,NONE,Director UNKNOWN.,06-design-discussion-representation-catalog.md:246
staff.us.federal_reserve.legal,Division of Legal,instance,type.staff_unit.default,StaffUnit,Fed,false,1,participant_cognition,PARTICIPANT_DISTRIBUTION,named,identity_only,fits,UNKNOWN,NONE,Director UNKNOWN.,06-design-discussion-representation-catalog.md:246
staff.us.federal_reserve.ny_markets_group,New York Fed Markets Group,instance,type.staff_unit.default,StaffUnit,Fed,false,1,participant_cognition,PARTICIPANT_DISTRIBUTION,named,typed,fits,UNKNOWN,NONE,Owns SOMA execution; exact desk topology UNKNOWN.,06-design-discussion-representation-catalog.md:261;07-design-discussion-burrow-composition-probe.md:144
staff.us.federal_reserve.research,Division of Research,instance,type.staff_unit.default,StaffUnit,Fed,false,1,participant_cognition,PARTICIPANT_DISTRIBUTION,named,identity_only,fits,UNKNOWN,NONE,Director UNKNOWN.,06-design-discussion-representation-catalog.md:246
staff.us.federal_reserve.supervision,Division of Supervision,instance,type.staff_unit.default,StaffUnit,Fed,false,1,participant_cognition,PARTICIPANT_DISTRIBUTION,named,identity_only,fits,UNKNOWN,NONE,Director UNKNOWN.,06-design-discussion-representation-catalog.md:246
staff.us.treasury.debt_management,Office of Debt Management,instance,type.staff_unit.default,StaffUnit,Treasury,false,1,participant_cognition,PARTICIPANT_DISTRIBUTION,named,identity_only,fits,UNKNOWN,NONE,Exact office topology UNKNOWN.,06-design-discussion-representation-catalog.md:262
staff.us.treasury.ofr,Office of Financial Research,instance,type.staff_unit.default,StaffUnit,Treasury,false,1,participant_cognition,PARTICIPANT_DISTRIBUTION,named,identity_only,fits,UNKNOWN,NONE,Exact remit and topology UNKNOWN.,06-design-discussion-representation-catalog.md:262
