backlog_id,catalog_id,artifact_kind,artifact_key,blocker_code,required_evidence,provenance
backlog.catalog.000741a82339,mechanism.flow.global.pork,owned_state,state.pork_flow.losses,state_transition,"Source-backed transition, witness, owner, and conserved unit.",06-design-discussion-representation-catalog.md:615
backlog.catalog.006c535219aa,inst.us.bank.burrow,transmission,tx.burrow.lending_posture.to_borrowers,endpoint,"Resolved producer, output/state, consumer, transformation owner, unit, witness, and fallback behavior.",06-design-discussion-representation-catalog.md:881-884;07-design-discussion-burrow-composition-probe.md:291
backlog.catalog.00c93c67f9f5,institution.jp.mof,owned_state,state.jp.mof.currency,state_transition,"Source-backed transition, witness, owner, and conserved unit.",04-design-discussion-minimum-simulation-kernel.md:819-837;05-design-discussion-representation-bible.md:678-690;05-design-discussion-representation-bible.md:737-771
backlog.catalog.02f4f6a3b35f,UNKNOWN,owned_state,state.external_region.southeast_asia.dollar_funding,state_transition,"Source-backed transition, witness, owner, and conserved unit.",04-design-discussion-minimum-simulation-kernel.md:819-837;05-design-discussion-representation-bible.md:678-690;05-design-discussion-representation-bible.md:737-771
backlog.catalog.031f56f3f6e5,mechanism.cross_border.chokepoint_shipping,owned_state,state.cross_border.chokepoint_shipping.commodities,state_transition,"Source-backed transition, witness, owner, and conserved unit.",04-design-discussion-minimum-simulation-kernel.md:819-837;05-design-discussion-representation-bible.md:678-690;05-design-discussion-representation-bible.md:737-771
backlog.catalog.03307e477579,UNKNOWN,transmission,tx.economic_boundary.external_region.southeast_asia.trade.external_region.global,endpoint,"Resolved producer, output/state, consumer, transformation owner, unit, witness, and fallback behavior.",04-design-discussion-minimum-simulation-kernel.md:819-837;05-design-discussion-representation-bible.md:678-690;05-design-discussion-representation-bible.md:737-771
backlog.catalog.03c23b7195c2,mechanism.transform.global.coffee_roasting,owned_state,state.coffee_roasting.capacity,state_transition,"Source-backed transition, witness, owner, and conserved unit.",06-design-discussion-representation-catalog.md:611
backlog.catalog.0400d5fb9d01,mechanism.transform.global.coffee_roasting,owned_state,queue.coffee_roasting.work,state_transition,"Source-backed transition, witness, owner, and conserved unit.",06-design-discussion-representation-catalog.md:611
backlog.catalog.043e2843f863,UNKNOWN,transmission,tx.economic_boundary.external_region.gulf.commodities.external_region.global,endpoint,"Resolved producer, output/state, consumer, transformation owner, unit, witness, and fallback behavior.",04-design-discussion-minimum-simulation-kernel.md:819-837;05-design-discussion-representation-bible.md:678-690;05-design-discussion-representation-bible.md:737-771
backlog.catalog.0471cc3e1749,UNKNOWN,transmission,tx.economic_boundary.external_region.eastern_europe.reserves.external_region.global,endpoint,"Resolved producer, output/state, consumer, transformation owner, unit, witness, and fallback behavior.",04-design-discussion-minimum-simulation-kernel.md:819-837;05-design-discussion-representation-bible.md:678-690;05-design-discussion-representation-bible.md:737-771
backlog.catalog.04ede88337aa,network.media.honkbox,transmission,tx.media.honkbox.gnbc,endpoint,"Resolved producer, output/state, consumer, transformation owner, unit, witness, and fallback behavior.",task.md:818-826;05-design-discussion-representation-bible.md:184-185
backlog.catalog.056ed200d9c5,cohort.eu.exposed_banks,owned_state,state.eu.exposed_banks.financial_stress,state_transition,"Source-backed transition, witness, owner, and conserved unit.",04-design-discussion-minimum-simulation-kernel.md:819-837;05-design-discussion-representation-bible.md:678-690;05-design-discussion-representation-bible.md:737-771
backlog.catalog.05a75a91e5a2,reference.us.nyfed.sofr,owned_state,state.sofr.publication,state_transition,"Source-backed transition, witness, owner, and conserved unit.",06-design-discussion-representation-catalog.md:1030-1043
backlog.catalog.066d8b71f7c2,schedule.us.federal_reserve.fomc,owned_state,state.fomc.calendar,state_transition,"Source-backed transition, witness, owner, and conserved unit.",06-design-discussion-representation-catalog.md:377;07-design-discussion-burrow-composition-probe.md:171
backlog.catalog.074d660da9e4,institution.sg.sovereign_funds,owned_state,state.sg.sovereign_funds.reserves,state_transition,"Source-backed transition, witness, owner, and conserved unit.",04-design-discussion-minimum-simulation-kernel.md:819-837;05-design-discussion-representation-bible.md:678-690;05-design-discussion-representation-bible.md:737-771
backlog.catalog.07b760350578,mechanism.cross_border.chokepoint_shipping,transmission,tx.economic_boundary.cross_border.chokepoint_shipping.trade.external_region.middle_east,endpoint,"Resolved producer, output/state, consumer, transformation owner, unit, witness, and fallback behavior.",04-design-discussion-minimum-simulation-kernel.md:819-837;05-design-discussion-representation-bible.md:678-690;05-design-discussion-representation-bible.md:737-771
backlog.catalog.07bc12b30a70,institution.us.member.unions,relationship,rel.represents.member.unions.workers.by.sector,relationship,"Resolved subject, object, canonical owner, lifecycle, observability, and witness.",06-design-discussion-representation-catalog.md:309
backlog.catalog.080d1392799b,inst.us.treasury,owned_state,state.treasury.cash_balance,state_transition,"Source-backed transition, witness, owner, and conserved unit.",04-design-discussion-minimum-simulation-kernel.md:215;04-design-discussion-minimum-simulation-kernel.md:717
backlog.catalog.097f31cb22f8,UNKNOWN,transmission,tx.published_references.to_burrow,endpoint,"Resolved producer, output/state, consumer, transformation owner, unit, witness, and fallback behavior.",06-design-discussion-representation-catalog.md:877-884;06-design-discussion-representation-catalog.md:904;07-design-discussion-burrow-composition-probe.md:182
backlog.catalog.09b26a6e62f2,cohort.jp.banks,transmission,tx.economic_boundary.jp.banks.financial_stress.external_region.east_asia,endpoint,"Resolved producer, output/state, consumer, transformation owner, unit, witness, and fallback behavior.",04-design-discussion-minimum-simulation-kernel.md:819-837;05-design-discussion-representation-bible.md:678-690;05-design-discussion-representation-bible.md:737-771
backlog.catalog.09e1a833fd12,UNKNOWN,owned_state,state.external_region.middle_east.trade,state_transition,"Source-backed transition, witness, owner, and conserved unit.",04-design-discussion-minimum-simulation-kernel.md:819-837;05-design-discussion-representation-bible.md:678-690;05-design-discussion-representation-bible.md:737-771
backlog.catalog.0a07174440ad,institution.ir.central_bank,owned_state,state.ir.central_bank.policy_stance,state_transition,"Source-backed transition, witness, owner, and conserved unit.",04-design-discussion-minimum-simulation-kernel.md:819-837;05-design-discussion-representation-bible.md:678-690;05-design-discussion-representation-bible.md:737-771
backlog.catalog.0a54e8da3fe4,body.il.cabinet,owned_state,state.il.cabinet.trade,state_transition,"Source-backed transition, witness, owner, and conserved unit.",04-design-discussion-minimum-simulation-kernel.md:819-837;05-design-discussion-representation-bible.md:678-690;05-design-discussion-representation-bible.md:737-771
backlog.catalog.0b0a8d0f8f07,UNKNOWN,owned_state,state.external_region.southeast_asia.reserves,state_transition,"Source-backed transition, witness, owner, and conserved unit.",04-design-discussion-minimum-simulation-kernel.md:819-837;05-design-discussion-representation-bible.md:678-690;05-design-discussion-representation-bible.md:737-771
backlog.catalog.0b1d3eb42bec,cohort.sg.dollar_funding_banks,owned_state,state.sg.dollar_funding_banks.dollar_funding,state_transition,"Source-backed transition, witness, owner, and conserved unit.",04-design-discussion-minimum-simulation-kernel.md:819-837;05-design-discussion-representation-bible.md:678-690;05-design-discussion-representation-bible.md:737-771
backlog.catalog.0b1e5cddcdbc,mechanism.cross_border.chokepoint_shipping,owned_state,state.cross_border.chokepoint_shipping.trade,state_transition,"Source-backed transition, witness, owner, and conserved unit.",04-design-discussion-minimum-simulation-kernel.md:819-837;05-design-discussion-representation-bible.md:678-690;05-design-discussion-representation-bible.md:737-771
backlog.catalog.0c3286a55385,institution.ae.central_bank,owned_state,state.ae.central_bank.currency,state_transition,"Source-backed transition, witness, owner, and conserved unit.",04-design-discussion-minimum-simulation-kernel.md:819-837;05-design-discussion-representation-bible.md:678-690;05-design-discussion-representation-bible.md:737-771
backlog.catalog.0c61261650fb,institution.eu.ecb,transmission,tx.economic_boundary.eu.ecb.financial_stress.external_region.aggregated_europe,endpoint,"Resolved producer, output/state, consumer, transformation owner, unit, witness, and fallback behavior.",04-design-discussion-minimum-simulation-kernel.md:819-837;05-design-discussion-representation-bible.md:678-690;05-design-discussion-representation-bible.md:737-771
backlog.catalog.0cd512492a06,institution.ru.central_bank,owned_state,state.ru.central_bank.currency,state_transition,"Source-backed transition, witness, owner, and conserved unit.",04-design-discussion-minimum-simulation-kernel.md:819-837;05-design-discussion-representation-bible.md:678-690;05-design-discussion-representation-bible.md:737-771
backlog.catalog.0d1f58a98811,institution.sa.sama,transmission,tx.economic_boundary.sa.sama.currency.external_region.gulf,endpoint,"Resolved producer, output/state, consumer, transformation owner, unit, witness, and fallback behavior.",04-design-discussion-minimum-simulation-kernel.md:819-837;05-design-discussion-representation-bible.md:678-690;05-design-discussion-representation-bible.md:737-771
backlog.catalog.0d938c2d3715,cohort.sg.dollar_funding_banks,transmission,tx.economic_boundary.sg.dollar_funding_banks.financial_stress.external_region.southeast_asia,endpoint,"Resolved producer, output/state, consumer, transformation owner, unit, witness, and fallback behavior.",04-design-discussion-minimum-simulation-kernel.md:819-837;05-design-discussion-representation-bible.md:678-690;05-design-discussion-representation-bible.md:737-771
backlog.catalog.0e0087bd38cd,institution.us.homebuilders,relationship,rel.represents.homebuilders.homebuilders,relationship,"Resolved subject, object, canonical owner, lifecycle, observability, and witness.",06-design-discussion-representation-catalog.md:306
backlog.catalog.0eff63952950,UNKNOWN,transmission,tx.economic_boundary.external_region.aggregated_europe.policy_stance.external_region.global,endpoint,"Resolved producer, output/state, consumer, transformation owner, unit, witness, and fallback behavior.",04-design-discussion-minimum-simulation-kernel.md:819-837;05-design-discussion-representation-bible.md:678-690;05-design-discussion-representation-bible.md:737-771
backlog.catalog.0f8337cc9175,institution.jp.boj,owned_state,state.jp.boj.currency,state_transition,"Source-backed transition, witness, owner, and conserved unit.",04-design-discussion-minimum-simulation-kernel.md:819-837;05-design-discussion-representation-bible.md:678-690;05-design-discussion-representation-bible.md:737-771
backlog.catalog.1056ae9d4347,inst.us.bank.burrow,relationship,rel.burrow.supervised_by_fed,relationship,"Resolved subject, object, canonical owner, lifecycle, observability, and witness.",06-design-discussion-representation-catalog.md:872-876;06-design-discussion-representation-catalog.md:902
backlog.catalog.11306e291ba8,institution.jp.boj,transmission,tx.economic_boundary.jp.boj.policy_stance.external_region.east_asia,endpoint,"Resolved producer, output/state, consumer, transformation owner, unit, witness, and fallback behavior.",04-design-discussion-minimum-simulation-kernel.md:819-837;05-design-discussion-representation-bible.md:678-690;05-design-discussion-representation-bible.md:737-771
backlog.catalog.115d4c4be5a5,institution.ae.central_bank,owned_state,state.ae.central_bank.reserves,state_transition,"Source-backed transition, witness, owner, and conserved unit.",04-design-discussion-minimum-simulation-kernel.md:819-837;05-design-discussion-representation-bible.md:678-690;05-design-discussion-representation-bible.md:737-771
backlog.catalog.122c42f4ec99,poplens.media.honkbox.posting_population,relationship,rel.projects.media.honkbox_posting_population.honkbox,relationship,"Resolved subject, object, canonical owner, lifecycle, observability, and witness.",06-design-discussion-representation-catalog.md:373;06-design-discussion-representation-catalog.md:982-985
backlog.catalog.1268ae0de756,market.product.global.timber,owned_state,state.lumber_market.clearing,state_transition,"Source-backed transition, witness, owner, and conserved unit.",06-design-discussion-representation-catalog.md:617
backlog.catalog.12dae18b59d0,institution.us.consumer.finance.advocates,relationship,rel.represents.consumer.finance.advocates.low.income.underserved.borrowers,relationship,"Resolved subject, object, canonical owner, lifecycle, observability, and witness.",06-design-discussion-representation-catalog.md:310
backlog.catalog.132651154103,UNKNOWN,transmission,tx.economic_boundary.external_region.central_africa.policy_stance.external_region.global,endpoint,"Resolved producer, output/state, consumer, transformation owner, unit, witness, and fallback behavior.",04-design-discussion-minimum-simulation-kernel.md:819-837;05-design-discussion-representation-bible.md:678-690;05-design-discussion-representation-bible.md:737-771
backlog.catalog.15edfe61a820,cohort.jp.banks,owned_state,state.jp.banks.dollar_funding,state_transition,"Source-backed transition, witness, owner, and conserved unit.",04-design-discussion-minimum-simulation-kernel.md:819-837;05-design-discussion-representation-bible.md:678-690;05-design-discussion-representation-bible.md:737-771
backlog.catalog.17a3262d23eb,UNKNOWN,owned_state,state.external_region.gulf.commodities,state_transition,"Source-backed transition, witness, owner, and conserved unit.",04-design-discussion-minimum-simulation-kernel.md:819-837;05-design-discussion-representation-bible.md:678-690;05-design-discussion-representation-bible.md:737-771
backlog.catalog.17e887562c76,industry.amazon_basin.pork,owned_state,state.amazon_hogs.water_access,state_transition,"Source-backed transition, witness, owner, and conserved unit.",06-design-discussion-representation-catalog.md:609
backlog.catalog.18b5dc3428a6,industry.amazon_basin.coffee,owned_state,account.amazon_coffee.finance,state_transition,"Source-backed transition, witness, owner, and conserved unit.",06-design-discussion-representation-catalog.md:607
backlog.catalog.18f88170818a,institution.sg.sovereign_funds,transmission,tx.economic_boundary.sg.sovereign_funds.reserves.external_region.southeast_asia,endpoint,"Resolved producer, output/state, consumer, transformation owner, unit, witness, and fallback behavior.",04-design-discussion-minimum-simulation-kernel.md:819-837;05-design-discussion-representation-bible.md:678-690;05-design-discussion-representation-bible.md:737-771
backlog.catalog.18fc9b9f1d78,inst.us.treasury,relationship,rel.schedule.treasury_auction,lifecycle,Source-backed effective period and exit conditions.,06-design-discussion-representation-catalog.md:377
backlog.catalog.193b93649f00,facility.us.federal_reserve.srf,owned_state,state.srf.readiness,state_transition,"Source-backed transition, witness, owner, and conserved unit.",06-design-discussion-representation-catalog.md:1013-1015
backlog.catalog.19435cf5a52d,UNKNOWN,transmission,tx.economic_boundary.external_region.east_asia.currency.external_region.global,endpoint,"Resolved producer, output/state, consumer, transformation owner, unit, witness, and fallback behavior.",04-design-discussion-minimum-simulation-kernel.md:819-837;05-design-discussion-representation-bible.md:678-690;05-design-discussion-representation-bible.md:737-771
backlog.catalog.1c40f3f1d7cb,UNKNOWN,transmission,tx.economic_boundary.external_region.southeast_asia.reserves.external_region.global,endpoint,"Resolved producer, output/state, consumer, transformation owner, unit, witness, and fallback behavior.",04-design-discussion-minimum-simulation-kernel.md:819-837;05-design-discussion-representation-bible.md:678-690;05-design-discussion-representation-bible.md:737-771
backlog.catalog.1c8262ea6ebf,mechanism.measurement.us.consumer_prices,owned_state,queue.us_prices.releases,state_transition,"Source-backed transition, witness, owner, and conserved unit.",06-design-discussion-representation-catalog.md:621
backlog.catalog.1dd5fe913541,institution.us.chamber.of.commerce,relationship,rel.represents.chamber.commerce.business.generally,relationship,"Resolved subject, object, canonical owner, lifecycle, observability, and witness.",06-design-discussion-representation-catalog.md:308
backlog.catalog.1e073cb3112b,UNKNOWN,owned_state,state.external_region.eastern_europe.trade,state_transition,"Source-backed transition, witness, owner, and conserved unit.",04-design-discussion-minimum-simulation-kernel.md:819-837;05-design-discussion-representation-bible.md:678-690;05-design-discussion-representation-bible.md:737-771
backlog.catalog.1efe916cf229,institution.media.honkbox,relationship,rel.operates.media.honkbox_platform.honkbox_network,relationship,"Resolved subject, object, canonical owner, lifecycle, observability, and witness.",06-design-discussion-representation-catalog.md:373;06-design-discussion-representation-catalog.md:982-985
backlog.catalog.1f1a7726d221,UNKNOWN,transmission,tx.economic_boundary.external_region.aggregated_europe.financial_stress.external_region.global,endpoint,"Resolved producer, output/state, consumer, transformation owner, unit, witness, and fallback behavior.",04-design-discussion-minimum-simulation-kernel.md:819-837;05-design-discussion-representation-bible.md:678-690;05-design-discussion-representation-bible.md:737-771
backlog.catalog.1f8198106ee3,UNKNOWN,transmission,tx.economic_boundary.external_region.middle_east.policy_stance.external_region.global,endpoint,"Resolved producer, output/state, consumer, transformation owner, unit, witness, and fallback behavior.",04-design-discussion-minimum-simulation-kernel.md:819-837;05-design-discussion-representation-bible.md:678-690;05-design-discussion-representation-bible.md:737-771
backlog.catalog.204e1a598f9c,UNKNOWN,transmission,tx.economic_boundary.external_region.gulf.policy_stance.external_region.global,endpoint,"Resolved producer, output/state, consumer, transformation owner, unit, witness, and fallback behavior.",04-design-discussion-minimum-simulation-kernel.md:819-837;05-design-discussion-representation-bible.md:678-690;05-design-discussion-representation-bible.md:737-771
backlog.catalog.20a27ef8131c,institution.fr.government,owned_state,state.fr.government.policy_stance,state_transition,"Source-backed transition, witness, owner, and conserved unit.",04-design-discussion-minimum-simulation-kernel.md:819-837;05-design-discussion-representation-bible.md:678-690;05-design-discussion-representation-bible.md:737-771
backlog.catalog.20adcf5cd08c,institution.ae.central_bank,action_domain,currency,owner_or_content,Resolved owner and source-backed action contract.,04-design-discussion-minimum-simulation-kernel.md:819-837;05-design-discussion-representation-bible.md:678-690;05-design-discussion-representation-bible.md:737-771
backlog.catalog.21006aa3a539,UNKNOWN,transmission,tx.economic_boundary.external_region.eastern_europe.dollar_funding.external_region.global,endpoint,"Resolved producer, output/state, consumer, transformation owner, unit, witness, and fallback behavior.",04-design-discussion-minimum-simulation-kernel.md:819-837;05-design-discussion-representation-bible.md:678-690;05-design-discussion-representation-bible.md:737-771
backlog.catalog.217203f75287,UNKNOWN,transmission,tx.economic_boundary.external_region.middle_east.trade.external_region.global,endpoint,"Resolved producer, output/state, consumer, transformation owner, unit, witness, and fallback behavior.",04-design-discussion-minimum-simulation-kernel.md:819-837;05-design-discussion-representation-bible.md:678-690;05-design-discussion-representation-bible.md:737-771
backlog.catalog.21b3ee1d066a,adapter.real.us.food_baskets,transmission,tx.us_food_baskets.to_price_measurement,endpoint,"Resolved producer, output/state, consumer, transformation owner, unit, witness, and fallback behavior.",06-design-discussion-representation-catalog.md:682
backlog.catalog.226487f725e3,adapter.real.us.construction_inputs,transmission,tx.us_construction.to_housing_activity,endpoint,"Resolved producer, output/state, consumer, transformation owner, unit, witness, and fallback behavior.",06-design-discussion-representation-catalog.md:681
backlog.catalog.2265fc5c0195,institution.ir.irgc,transmission,tx.economic_boundary.ir.irgc.commodities.external_region.middle_east,endpoint,"Resolved producer, output/state, consumer, transformation owner, unit, witness, and fallback behavior.",04-design-discussion-minimum-simulation-kernel.md:819-837;05-design-discussion-representation-bible.md:678-690;05-design-discussion-representation-bible.md:737-771
backlog.catalog.227689fa1950,institution.ir.irgc,owned_state,state.ir.irgc.trade,state_transition,"Source-backed transition, witness, owner, and conserved unit.",04-design-discussion-minimum-simulation-kernel.md:819-837;05-design-discussion-representation-bible.md:678-690;05-design-discussion-representation-bible.md:737-771
backlog.catalog.22b063ed9cdc,market.product.global.pork,owned_state,state.pork_market.orders,state_transition,"Source-backed transition, witness, owner, and conserved unit.",06-design-discussion-representation-catalog.md:617
backlog.catalog.22e09e55c568,UNKNOWN,transmission,tx.economic_boundary.external_region.east_asia.trade.external_region.global,endpoint,"Resolved producer, output/state, consumer, transformation owner, unit, witness, and fallback behavior.",04-design-discussion-minimum-simulation-kernel.md:819-837;05-design-discussion-representation-bible.md:678-690;05-design-discussion-representation-bible.md:737-771
backlog.catalog.23c2dec30d8b,staff.us.federal_reserve.ny_markets_group,relationship,rel.operation.ny_markets_soma,lifecycle,Source-backed effective period and exit conditions.,06-design-discussion-representation-catalog.md:261;07-design-discussion-burrow-composition-probe.md:144
backlog.catalog.2578959f6b83,process.climate_agriculture.amazon_basin,owned_state,state.amazon_process.access,state_transition,"Source-backed transition, witness, owner, and conserved unit.",06-design-discussion-representation-catalog.md:605
backlog.catalog.26009f2487c9,UNKNOWN,owned_state,state.external_region.southeast_asia.currency,state_transition,"Source-backed transition, witness, owner, and conserved unit.",04-design-discussion-minimum-simulation-kernel.md:819-837;05-design-discussion-representation-bible.md:678-690;05-design-discussion-representation-bible.md:737-771
backlog.catalog.26a1bbe1e025,cohort.eu.exposed_banks,action_domain,dollar_funding,owner_or_content,Resolved owner and source-backed action contract.,04-design-discussion-minimum-simulation-kernel.md:819-837;05-design-discussion-representation-bible.md:678-690;05-design-discussion-representation-bible.md:737-771
backlog.catalog.276dc905d5c3,legal.us.federal_reserve.section_13_3,owned_state,state.13_3.period_variant,state_transition,"Source-backed transition, witness, owner, and conserved unit.",06-design-discussion-representation-catalog.md:1519-1521;07-design-discussion-burrow-composition-probe.md:160-173
backlog.catalog.2950e4eab6c2,UNKNOWN,relationship,rel.aggregates_into.external_region.middle_east.global,relationship,"Resolved subject, object, canonical owner, lifecycle, observability, and witness.",04-design-discussion-minimum-simulation-kernel.md:819-837;05-design-discussion-representation-bible.md:678-690;05-design-discussion-representation-bible.md:737-771
backlog.catalog.295bb980a464,UNKNOWN,owned_state,state.external_region.central_africa.dollar_funding,state_transition,"Source-backed transition, witness, owner, and conserved unit.",04-design-discussion-minimum-simulation-kernel.md:819-837;05-design-discussion-representation-bible.md:678-690;05-design-discussion-representation-bible.md:737-771
backlog.catalog.29b860c159e7,institution.ir.central_bank,owned_state,state.ir.central_bank.currency,state_transition,"Source-backed transition, witness, owner, and conserved unit.",04-design-discussion-minimum-simulation-kernel.md:819-837;05-design-discussion-representation-bible.md:678-690;05-design-discussion-representation-bible.md:737-771
backlog.catalog.29c1e46d8a37,institution.qa.central_bank,transmission,tx.economic_boundary.qa.central_bank.currency.external_region.gulf,endpoint,"Resolved producer, output/state, consumer, transformation owner, unit, witness, and fallback behavior.",04-design-discussion-minimum-simulation-kernel.md:819-837;05-design-discussion-representation-bible.md:678-690;05-design-discussion-representation-bible.md:737-771
backlog.catalog.2a9599ad0998,schedule.us.federal_reserve.blackout,owned_state,state.fomc.blackout,state_transition,"Source-backed transition, witness, owner, and conserved unit.",07-design-discussion-burrow-composition-probe.md:165-173
backlog.catalog.2b5d0232dc03,institution.sg.sovereign_funds,owned_state,state.sg.sovereign_funds.dollar_funding,state_transition,"Source-backed transition, witness, owner, and conserved unit.",04-design-discussion-minimum-simulation-kernel.md:819-837;05-design-discussion-representation-bible.md:678-690;05-design-discussion-representation-bible.md:737-771
backlog.catalog.2bdaef39b1d1,institution.cn.pboc,owned_state,state.cn.pboc.financial_stress,state_transition,"Source-backed transition, witness, owner, and conserved unit.",04-design-discussion-minimum-simulation-kernel.md:819-837;05-design-discussion-representation-bible.md:678-690;05-design-discussion-representation-bible.md:737-771
backlog.catalog.2c389c092eab,institution.il.bank_of_israel,transmission,tx.economic_boundary.il.bank_of_israel.currency.external_region.middle_east,endpoint,"Resolved producer, output/state, consumer, transformation owner, unit, witness, and fallback behavior.",04-design-discussion-minimum-simulation-kernel.md:819-837;05-design-discussion-representation-bible.md:678-690;05-design-discussion-representation-bible.md:737-771
backlog.catalog.2c589b2d1750,mechanism.transform.global.coffee_roasting,owned_state,state.coffee_roasting.losses,state_transition,"Source-backed transition, witness, owner, and conserved unit.",06-design-discussion-representation-catalog.md:611
backlog.catalog.2c8aeefcd22b,stateful.us.treasury.duration_supply,transmission,tx.supply.duration.treasury_secondary,endpoint,"Resolved producer, output/state, consumer, transformation owner, unit, witness, and fallback behavior.",04-design-discussion-minimum-simulation-kernel.md:173-184
backlog.catalog.2c981cd0b38e,industry.amazon_basin.pork,owned_state,state.amazon_hogs.health,state_transition,"Source-backed transition, witness, owner, and conserved unit.",06-design-discussion-representation-catalog.md:609
backlog.catalog.2caaf6d30e7a,schedule.us.federal_reserve.fomc,relationship,rel.derivation.fomc_blackout,lifecycle,Source-backed effective period and exit conditions.,07-design-discussion-burrow-composition-probe.md:165-173
backlog.catalog.2e3f6f7aa77e,adapter.real.us.construction_inputs,owned_state,state.us_construction.lumber_allocation,state_transition,"Source-backed transition, witness, owner, and conserved unit.",06-design-discussion-representation-catalog.md:618
backlog.catalog.2e45d2b89d45,UNKNOWN,transmission,tx.economic_boundary.external_region.central_africa.dollar_funding.external_region.global,endpoint,"Resolved producer, output/state, consumer, transformation owner, unit, witness, and fallback behavior.",04-design-discussion-minimum-simulation-kernel.md:819-837;05-design-discussion-representation-bible.md:678-690;05-design-discussion-representation-bible.md:737-771
backlog.catalog.2e59a5ec7460,adapter.real.us.construction_inputs,owned_state,account.us_construction.external,state_transition,"Source-backed transition, witness, owner, and conserved unit.",06-design-discussion-representation-catalog.md:618
backlog.catalog.2e6771ba34c9,inst.us.federal_reserve.reserve_banks_other,relationship,rel.membership.federal_reserve.other_banks_system,lifecycle,Source-backed effective period and exit conditions.,06-design-discussion-representation-catalog.md:269;06-design-discussion-representation-catalog.md:960
backlog.catalog.2ec411408cce,industry.amazon_basin.pork,owned_state,state.amazon_hogs.capacity,state_transition,"Source-backed transition, witness, owner, and conserved unit.",06-design-discussion-representation-catalog.md:609
backlog.catalog.2efc38108568,market.us.treasury.auction,transmission,tx.auction.treasury.market_evidence,endpoint,"Resolved producer, output/state, consumer, transformation owner, unit, witness, and fallback behavior.",task.md:49;task.md:72;task.md:101
backlog.catalog.2f093bd73064,UNKNOWN,owned_state,state.external_region.eastern_europe.reserves,state_transition,"Source-backed transition, witness, owner, and conserved unit.",04-design-discussion-minimum-simulation-kernel.md:819-837;05-design-discussion-representation-bible.md:678-690;05-design-discussion-representation-bible.md:737-771
backlog.catalog.2f17e7bcd26b,mechanism.transform.global.hogs_slaughter,owned_state,state.hogs_slaughter.inspection,state_transition,"Source-backed transition, witness, owner, and conserved unit.",06-design-discussion-representation-catalog.md:612
backlog.catalog.2f3aada1577c,reference.us.nyfed.sofr,transmission,tx.sofr.repo.contracts,endpoint,"Resolved producer, output/state, consumer, transformation owner, unit, witness, and fallback behavior.",06-design-discussion-representation-catalog.md:1030-1032;07-design-discussion-burrow-composition-probe.md:182
backlog.catalog.30319ecca09e,institution.ae.sovereign_funds,owned_state,state.ae.sovereign_funds.reserves,state_transition,"Source-backed transition, witness, owner, and conserved unit.",04-design-discussion-minimum-simulation-kernel.md:819-837;05-design-discussion-representation-bible.md:678-690;05-design-discussion-representation-bible.md:737-771
backlog.catalog.3075c6d93e7b,institution.ru.central_bank,transmission,tx.economic_boundary.ru.central_bank.currency.external_region.eastern_europe,endpoint,"Resolved producer, output/state, consumer, transformation owner, unit, witness, and fallback behavior.",04-design-discussion-minimum-simulation-kernel.md:819-837;05-design-discussion-representation-bible.md:678-690;05-design-discussion-representation-bible.md:737-771
backlog.catalog.30c291ca7b8f,institution.us.bank.policy.institute,relationship,rel.represents.bank.policy.institute.large.banks,relationship,"Resolved subject, object, canonical owner, lifecycle, observability, and witness.",06-design-discussion-representation-catalog.md:303
backlog.catalog.3187fca785f4,institution.ir.central_bank,transmission,tx.economic_boundary.ir.central_bank.reserves.external_region.middle_east,endpoint,"Resolved producer, output/state, consumer, transformation owner, unit, witness, and fallback behavior.",04-design-discussion-minimum-simulation-kernel.md:819-837;05-design-discussion-representation-bible.md:678-690;05-design-discussion-representation-bible.md:737-771
backlog.catalog.31e8d419b49d,mechanism.measurement.us.consumer_prices,owned_state,state.us_prices.weights,state_transition,"Source-backed transition, witness, owner, and conserved unit.",06-design-discussion-representation-catalog.md:621
backlog.catalog.32188adbeacd,UNKNOWN,owned_state,state.external_region.gulf.trade,state_transition,"Source-backed transition, witness, owner, and conserved unit.",04-design-discussion-minimum-simulation-kernel.md:819-837;05-design-discussion-representation-bible.md:678-690;05-design-discussion-representation-bible.md:737-771
backlog.catalog.327a68531c11,UNKNOWN,transmission,tx.economic_boundary.external_region.southeast_asia.currency.external_region.global,endpoint,"Resolved producer, output/state, consumer, transformation owner, unit, witness, and fallback behavior.",04-design-discussion-minimum-simulation-kernel.md:819-837;05-design-discussion-representation-bible.md:678-690;05-design-discussion-representation-bible.md:737-771
backlog.catalog.3319a4cc9039,UNKNOWN,owned_state,state.external_region.latin_america.commodities,state_transition,"Source-backed transition, witness, owner, and conserved unit.",04-design-discussion-minimum-simulation-kernel.md:819-837;05-design-discussion-representation-bible.md:678-690;05-design-discussion-representation-bible.md:737-771
backlog.catalog.33d7c1c0e527,UNKNOWN,transmission,tx.economic_boundary.external_region.eastern_europe.currency.external_region.global,endpoint,"Resolved producer, output/state, consumer, transformation owner, unit, witness, and fallback behavior.",04-design-discussion-minimum-simulation-kernel.md:819-837;05-design-discussion-representation-bible.md:678-690;05-design-discussion-representation-bible.md:737-771
backlog.catalog.3485cc9d4eaf,institution.sg.mas,transmission,tx.economic_boundary.sg.mas.dollar_funding.external_region.southeast_asia,endpoint,"Resolved producer, output/state, consumer, transformation owner, unit, witness, and fallback behavior.",04-design-discussion-minimum-simulation-kernel.md:819-837;05-design-discussion-representation-bible.md:678-690;05-design-discussion-representation-bible.md:737-771
backlog.catalog.34b56acd73d3,institution.cn.policy_banks,owned_state,state.cn.policy_banks.dollar_funding,state_transition,"Source-backed transition, witness, owner, and conserved unit.",04-design-discussion-minimum-simulation-kernel.md:819-837;05-design-discussion-representation-bible.md:678-690;05-design-discussion-representation-bible.md:737-771
backlog.catalog.35c2f79da562,UNKNOWN,owned_state,state.external_region.aggregated_europe.dollar_funding,state_transition,"Source-backed transition, witness, owner, and conserved unit.",04-design-discussion-minimum-simulation-kernel.md:819-837;05-design-discussion-representation-bible.md:678-690;05-design-discussion-representation-bible.md:737-771
backlog.catalog.35ef315207b8,market.product.global.pork,owned_state,state.pork_market.residual,state_transition,"Source-backed transition, witness, owner, and conserved unit.",06-design-discussion-representation-catalog.md:617
backlog.catalog.35fc977dcffb,UNKNOWN,transmission,tx.economic_boundary.external_region.latin_america.policy_stance.external_region.global,endpoint,"Resolved producer, output/state, consumer, transformation owner, unit, witness, and fallback behavior.",04-design-discussion-minimum-simulation-kernel.md:819-837;05-design-discussion-representation-bible.md:678-690;05-design-discussion-representation-bible.md:737-771
backlog.catalog.36602eca9de5,institution.uk.boe,transmission,tx.economic_boundary.uk.boe.dollar_funding.external_region.aggregated_europe,endpoint,"Resolved producer, output/state, consumer, transformation owner, unit, witness, and fallback behavior.",04-design-discussion-minimum-simulation-kernel.md:819-837;05-design-discussion-representation-bible.md:678-690;05-design-discussion-representation-bible.md:737-771
backlog.catalog.36a9c1b1343a,process.climate_agriculture.amazon_basin,owned_state,state.amazon_process.hydrothermal,state_transition,"Source-backed transition, witness, owner, and conserved unit.",06-design-discussion-representation-catalog.md:605
backlog.catalog.36e6655df1b2,process.climate_agriculture.amazon_basin,transmission,tx.amazon_process.to_forestry,endpoint,"Resolved producer, output/state, consumer, transformation owner, unit, witness, and fallback behavior.",06-design-discussion-representation-catalog.md:647
backlog.catalog.371989da8c03,UNKNOWN,owned_state,state.external_region.aggregated_europe.growth_demand,state_transition,"Source-backed transition, witness, owner, and conserved unit.",04-design-discussion-minimum-simulation-kernel.md:819-837;05-design-discussion-representation-bible.md:678-690;05-design-discussion-representation-bible.md:737-771
backlog.catalog.374e26bcd658,institution.us.bea,relationship,rel.publishes.us.bea.pce,relationship,"Resolved subject, object, canonical owner, lifecycle, observability, and witness.",06-design-discussion-representation-catalog.md:1043;05-design-discussion-representation-bible.md:183;05-design-discussion-representation-bible.md:317
backlog.catalog.3776a078ad92,process.climate_agriculture.amazon_basin,transmission,tx.amazon_process.to_feed_boundary,endpoint,"Resolved producer, output/state, consumer, transformation owner, unit, witness, and fallback behavior.",06-design-discussion-representation-catalog.md:650
backlog.catalog.37c288dce9c7,institution.uk.dmo,transmission,tx.economic_boundary.uk.dmo.financial_stress.external_region.aggregated_europe,endpoint,"Resolved producer, output/state, consumer, transformation owner, unit, witness, and fallback behavior.",04-design-discussion-minimum-simulation-kernel.md:819-837;05-design-discussion-representation-bible.md:678-690;05-design-discussion-representation-bible.md:737-771
backlog.catalog.37f3603e105f,institution.ru.presidency,transmission,tx.economic_boundary.ru.presidency.policy_stance.external_region.eastern_europe,endpoint,"Resolved producer, output/state, consumer, transformation owner, unit, witness, and fallback behavior.",04-design-discussion-minimum-simulation-kernel.md:819-837;05-design-discussion-representation-bible.md:678-690;05-design-discussion-representation-bible.md:737-771
backlog.catalog.381ff6bd379d,UNKNOWN,transmission,tx.economic_boundary.external_region.latin_america.growth_demand.external_region.global,endpoint,"Resolved producer, output/state, consumer, transformation owner, unit, witness, and fallback behavior.",04-design-discussion-minimum-simulation-kernel.md:819-837;05-design-discussion-representation-bible.md:678-690;05-design-discussion-representation-bible.md:737-771
backlog.catalog.3825caad2216,UNKNOWN,owned_state,state.external_region.middle_east.currency,state_transition,"Source-backed transition, witness, owner, and conserved unit.",04-design-discussion-minimum-simulation-kernel.md:819-837;05-design-discussion-representation-bible.md:678-690;05-design-discussion-representation-bible.md:737-771
backlog.catalog.38a7e9c95b04,UNKNOWN,owned_state,state.external_region.eastern_europe.policy_stance,state_transition,"Source-backed transition, witness, owner, and conserved unit.",04-design-discussion-minimum-simulation-kernel.md:819-837;05-design-discussion-representation-bible.md:678-690;05-design-discussion-representation-bible.md:737-771
backlog.catalog.38eddf5f81eb,UNKNOWN,owned_state,state.external_region.latin_america.policy_stance,state_transition,"Source-backed transition, witness, owner, and conserved unit.",04-design-discussion-minimum-simulation-kernel.md:819-837;05-design-discussion-representation-bible.md:678-690;05-design-discussion-representation-bible.md:737-771
backlog.catalog.39991f373180,market.us.treasury.secondary,transmission,tx.treasury.collateral.repo,endpoint,"Resolved producer, output/state, consumer, transformation owner, unit, witness, and fallback behavior.",04-design-discussion-minimum-simulation-kernel.md:178-180
backlog.catalog.3a761ed8e151,UNKNOWN,relationship,rel.aggregates_into.external_region.gulf.global,relationship,"Resolved subject, object, canonical owner, lifecycle, observability, and witness.",04-design-discussion-minimum-simulation-kernel.md:819-837;05-design-discussion-representation-bible.md:678-690;05-design-discussion-representation-bible.md:737-771
backlog.catalog.3b284bc4efbe,UNKNOWN,owned_state,state.external_region.aggregated_europe.trade,state_transition,"Source-backed transition, witness, owner, and conserved unit.",04-design-discussion-minimum-simulation-kernel.md:819-837;05-design-discussion-representation-bible.md:678-690;05-design-discussion-representation-bible.md:737-771
backlog.catalog.3b80f83ce7c0,agreement.us.federal_reserve.swap_lines,relationship,rel.agreement.swap_lines_federal_reserve,lifecycle,Source-backed effective period and exit conditions.,06-design-discussion-representation-catalog.md:339
backlog.catalog.3b822db4d5a9,institution.il.security,owned_state,state.il.security.commodities,state_transition,"Source-backed transition, witness, owner, and conserved unit.",04-design-discussion-minimum-simulation-kernel.md:819-837;05-design-discussion-representation-bible.md:678-690;05-design-discussion-representation-bible.md:737-771
backlog.catalog.3c532c86cc85,institution.sa.sama,transmission,tx.economic_boundary.sa.sama.reserves.external_region.gulf,endpoint,"Resolved producer, output/state, consumer, transformation owner, unit, witness, and fallback behavior.",04-design-discussion-minimum-simulation-kernel.md:819-837;05-design-discussion-representation-bible.md:678-690;05-design-discussion-representation-bible.md:737-771
backlog.catalog.3d4fda082d18,inst.us.cme,relationship,rel.operation.cme_treasury_futures,lifecycle,Source-backed effective period and exit conditions.,06-design-discussion-representation-catalog.md:345
backlog.catalog.3ef391afc1fa,mechanism.flow.global.timber,owned_state,queue.lumber_flow.delivery,state_transition,"Source-backed transition, witness, owner, and conserved unit.",06-design-discussion-representation-catalog.md:613
backlog.catalog.3f149f8e6dc8,institution.ae.central_bank,transmission,tx.economic_boundary.ae.central_bank.reserves.external_region.gulf,endpoint,"Resolved producer, output/state, consumer, transformation owner, unit, witness, and fallback behavior.",04-design-discussion-minimum-simulation-kernel.md:819-837;05-design-discussion-representation-bible.md:678-690;05-design-discussion-representation-bible.md:737-771
backlog.catalog.3f7976f96a73,institution.il.security,transmission,tx.economic_boundary.il.security.trade.external_region.middle_east,endpoint,"Resolved producer, output/state, consumer, transformation owner, unit, witness, and fallback behavior.",04-design-discussion-minimum-simulation-kernel.md:819-837;05-design-discussion-representation-bible.md:678-690;05-design-discussion-representation-bible.md:737-771
backlog.catalog.3f7a684da371,institution.cn.pboc,owned_state,state.cn.pboc.dollar_funding,state_transition,"Source-backed transition, witness, owner, and conserved unit.",04-design-discussion-minimum-simulation-kernel.md:819-837;05-design-discussion-representation-bible.md:678-690;05-design-discussion-representation-bible.md:737-771
backlog.catalog.3fe84402e9e0,UNKNOWN,transmission,tx.economic_boundary.external_region.middle_east.growth_demand.external_region.global,endpoint,"Resolved producer, output/state, consumer, transformation owner, unit, witness, and fallback behavior.",04-design-discussion-minimum-simulation-kernel.md:819-837;05-design-discussion-representation-bible.md:678-690;05-design-discussion-representation-bible.md:737-771
backlog.catalog.4000901e1260,UNKNOWN,transmission,tx.economic_boundary.external_region.middle_east.currency.external_region.global,endpoint,"Resolved producer, output/state, consumer, transformation owner, unit, witness, and fallback behavior.",04-design-discussion-minimum-simulation-kernel.md:819-837;05-design-discussion-representation-bible.md:678-690;05-design-discussion-representation-bible.md:737-771
backlog.catalog.402b69744026,UNKNOWN,transmission,tx.economic_boundary.external_region.latin_america.dollar_funding.external_region.global,endpoint,"Resolved producer, output/state, consumer, transformation owner, unit, witness, and fallback behavior.",04-design-discussion-minimum-simulation-kernel.md:819-837;05-design-discussion-representation-bible.md:678-690;05-design-discussion-representation-bible.md:737-771
backlog.catalog.4155f753cb7c,UNKNOWN,owned_state,state.external_region.southeast_asia.trade,state_transition,"Source-backed transition, witness, owner, and conserved unit.",04-design-discussion-minimum-simulation-kernel.md:819-837;05-design-discussion-representation-bible.md:678-690;05-design-discussion-representation-bible.md:737-771
backlog.catalog.4217a55ec869,cohort.ru.energy_firms,owned_state,state.ru.energy_firms.commodities,state_transition,"Source-backed transition, witness, owner, and conserved unit.",04-design-discussion-minimum-simulation-kernel.md:819-837;05-design-discussion-representation-bible.md:678-690;05-design-discussion-representation-bible.md:737-771
backlog.catalog.423aea8a2dd2,cohort.jp.insurers,owned_state,state.jp.insurers.reserves,state_transition,"Source-backed transition, witness, owner, and conserved unit.",04-design-discussion-minimum-simulation-kernel.md:819-837;05-design-discussion-representation-bible.md:678-690;05-design-discussion-representation-bible.md:737-771
backlog.catalog.426026f96565,institution.eu.national_central_banks,transmission,tx.economic_boundary.eu.national_central_banks.financial_stress.external_region.aggregated_europe,endpoint,"Resolved producer, output/state, consumer, transformation owner, unit, witness, and fallback behavior.",04-design-discussion-minimum-simulation-kernel.md:819-837;05-design-discussion-representation-bible.md:678-690;05-design-discussion-representation-bible.md:737-771
backlog.catalog.4272444b84c3,inst.us.federal_reserve.board,relationship,rel.membership.federal_reserve.board_system,lifecycle,Source-backed effective period and exit conditions.,06-design-discussion-representation-catalog.md:269;06-design-discussion-representation-catalog.md:960
backlog.catalog.42c5d3616de7,institution.qa.energy_companies,owned_state,state.qa.energy_companies.trade,state_transition,"Source-backed transition, witness, owner, and conserved unit.",04-design-discussion-minimum-simulation-kernel.md:819-837;05-design-discussion-representation-bible.md:678-690;05-design-discussion-representation-bible.md:737-771
backlog.catalog.433f9ef33f28,UNKNOWN,transmission,tx.economic_boundary.external_region.gulf.financial_stress.external_region.global,endpoint,"Resolved producer, output/state, consumer, transformation owner, unit, witness, and fallback behavior.",04-design-discussion-minimum-simulation-kernel.md:819-837;05-design-discussion-representation-bible.md:678-690;05-design-discussion-representation-bible.md:737-771
backlog.catalog.43cc0448e7c6,UNKNOWN,transmission,tx.economic_boundary.external_region.eastern_europe.trade.external_region.global,endpoint,"Resolved producer, output/state, consumer, transformation owner, unit, witness, and fallback behavior.",04-design-discussion-minimum-simulation-kernel.md:819-837;05-design-discussion-representation-bible.md:678-690;05-design-discussion-representation-bible.md:737-771
backlog.catalog.44299ea45970,market.product.global.coffee,owned_state,state.green_coffee_market.residual,state_transition,"Source-backed transition, witness, owner, and conserved unit.",06-design-discussion-representation-catalog.md:617
backlog.catalog.4499638aca5d,adapter.real.us.food_baskets,entity_scope,adapter.real.us.food_baskets->UNKNOWN,scope,Resolved typed scope endpoint.,06-design-discussion-representation-catalog.md:521
backlog.catalog.44be98768f53,institution.media.aftv,relationship,rel.operates.media.aftv_company.aftv,relationship,"Resolved subject, object, canonical owner, lifecycle, observability, and witness.",06-design-discussion-representation-catalog.md:371;05-design-discussion-representation-bible.md:1691
backlog.catalog.44d7fba452d9,UNKNOWN,transmission,tx.economic_boundary.external_region.middle_east.dollar_funding.external_region.global,endpoint,"Resolved producer, output/state, consumer, transformation owner, unit, witness, and fallback behavior.",04-design-discussion-minimum-simulation-kernel.md:819-837;05-design-discussion-representation-bible.md:678-690;05-design-discussion-representation-bible.md:737-771
backlog.catalog.45b7ca675e41,UNKNOWN,owned_state,state.external_region.southeast_asia.growth_demand,state_transition,"Source-backed transition, witness, owner, and conserved unit.",04-design-discussion-minimum-simulation-kernel.md:819-837;05-design-discussion-representation-bible.md:678-690;05-design-discussion-representation-bible.md:737-771
backlog.catalog.46e43bf7ac6f,institution.it.government,transmission,tx.economic_boundary.it.government.policy_stance.external_region.aggregated_europe,endpoint,"Resolved producer, output/state, consumer, transformation owner, unit, witness, and fallback behavior.",04-design-discussion-minimum-simulation-kernel.md:819-837;05-design-discussion-representation-bible.md:678-690;05-design-discussion-representation-bible.md:737-771
backlog.catalog.46e78368cde0,UNKNOWN,owned_state,state.external_region.gulf.dollar_funding,state_transition,"Source-backed transition, witness, owner, and conserved unit.",04-design-discussion-minimum-simulation-kernel.md:819-837;05-design-discussion-representation-bible.md:678-690;05-design-discussion-representation-bible.md:737-771
backlog.catalog.47b8d3f878fc,institution.ir.oil,transmission,tx.economic_boundary.ir.oil.trade.external_region.middle_east,endpoint,"Resolved producer, output/state, consumer, transformation owner, unit, witness, and fallback behavior.",04-design-discussion-minimum-simulation-kernel.md:819-837;05-design-discussion-representation-bible.md:678-690;05-design-discussion-representation-bible.md:737-771
backlog.catalog.48104bf1dea1,UNKNOWN,owned_state,state.external_region.latin_america.reserves,state_transition,"Source-backed transition, witness, owner, and conserved unit.",04-design-discussion-minimum-simulation-kernel.md:819-837;05-design-discussion-representation-bible.md:678-690;05-design-discussion-representation-bible.md:737-771
backlog.catalog.48dad02159c7,institution.ae.energy_companies,transmission,tx.economic_boundary.ae.energy_companies.trade.external_region.gulf,endpoint,"Resolved producer, output/state, consumer, transformation owner, unit, witness, and fallback behavior.",04-design-discussion-minimum-simulation-kernel.md:819-837;05-design-discussion-representation-bible.md:678-690;05-design-discussion-representation-bible.md:737-771
backlog.catalog.4b11f02efa2d,UNKNOWN,owned_state,state.external_region.latin_america.growth_demand,state_transition,"Source-backed transition, witness, owner, and conserved unit.",04-design-discussion-minimum-simulation-kernel.md:819-837;05-design-discussion-representation-bible.md:678-690;05-design-discussion-representation-bible.md:737-771
backlog.catalog.4b29003d1f98,institution.jp.mof,transmission,tx.economic_boundary.jp.mof.reserves.external_region.east_asia,endpoint,"Resolved producer, output/state, consumer, transformation owner, unit, witness, and fallback behavior.",04-design-discussion-minimum-simulation-kernel.md:819-837;05-design-discussion-representation-bible.md:678-690;05-design-discussion-representation-bible.md:737-771
backlog.catalog.4b48970e647a,mechanism.flow.global.timber,owned_state,state.lumber_flow.losses,state_transition,"Source-backed transition, witness, owner, and conserved unit.",06-design-discussion-representation-catalog.md:613
backlog.catalog.4c04c34b6d90,UNKNOWN,owned_state,state.external_region.southeast_asia.commodities,state_transition,"Source-backed transition, witness, owner, and conserved unit.",04-design-discussion-minimum-simulation-kernel.md:819-837;05-design-discussion-representation-bible.md:678-690;05-design-discussion-representation-bible.md:737-771
backlog.catalog.4c533c8f5bc6,UNKNOWN,owned_state,state.external_region.central_africa.growth_demand,state_transition,"Source-backed transition, witness, owner, and conserved unit.",04-design-discussion-minimum-simulation-kernel.md:819-837;05-design-discussion-representation-bible.md:678-690;05-design-discussion-representation-bible.md:737-771
backlog.catalog.4c8e7d8e43be,institution.ae.energy_companies,owned_state,state.ae.energy_companies.commodities,state_transition,"Source-backed transition, witness, owner, and conserved unit.",04-design-discussion-minimum-simulation-kernel.md:819-837;05-design-discussion-representation-bible.md:678-690;05-design-discussion-representation-bible.md:737-771
backlog.catalog.4c9fd71cbac5,cohort.jp.insurers,action_domain,reserves,owner_or_content,Resolved owner and source-backed action contract.,04-design-discussion-minimum-simulation-kernel.md:819-837;05-design-discussion-representation-bible.md:678-690;05-design-discussion-representation-bible.md:737-771
backlog.catalog.4d228dd7eedf,body.il.cabinet,transmission,tx.economic_boundary.il.cabinet.trade.external_region.middle_east,endpoint,"Resolved producer, output/state, consumer, transformation owner, unit, witness, and fallback behavior.",04-design-discussion-minimum-simulation-kernel.md:819-837;05-design-discussion-representation-bible.md:678-690;05-design-discussion-representation-bible.md:737-771
backlog.catalog.4de2748b73cf,body.il.cabinet,action_domain,trade,owner_or_content,Resolved owner and source-backed action contract.,04-design-discussion-minimum-simulation-kernel.md:819-837;05-design-discussion-representation-bible.md:678-690;05-design-discussion-representation-bible.md:737-771
backlog.catalog.4ed431f3adf4,industry.amazon_basin.pork,owned_state,account.amazon_hogs.finance,state_transition,"Source-backed transition, witness, owner, and conserved unit.",06-design-discussion-representation-catalog.md:609
backlog.catalog.504dba3490b9,institution.ir.irgc,owned_state,state.ir.irgc.commodities,state_transition,"Source-backed transition, witness, owner, and conserved unit.",04-design-discussion-minimum-simulation-kernel.md:819-837;05-design-discussion-representation-bible.md:678-690;05-design-discussion-representation-bible.md:737-771
backlog.catalog.50655e621c19,institution.sa.energy_ministry,transmission,tx.economic_boundary.sa.energy_ministry.policy_stance.external_region.gulf,endpoint,"Resolved producer, output/state, consumer, transformation owner, unit, witness, and fallback behavior.",04-design-discussion-minimum-simulation-kernel.md:819-837;05-design-discussion-representation-bible.md:678-690;05-design-discussion-representation-bible.md:737-771
backlog.catalog.519ec7da17b0,institution.ru.central_bank,transmission,tx.economic_boundary.ru.central_bank.reserves.external_region.eastern_europe,endpoint,"Resolved producer, output/state, consumer, transformation owner, unit, witness, and fallback behavior.",04-design-discussion-minimum-simulation-kernel.md:819-837;05-design-discussion-representation-bible.md:678-690;05-design-discussion-representation-bible.md:737-771
backlog.catalog.51f673ae48d7,institution.sg.mas,owned_state,state.sg.mas.dollar_funding,state_transition,"Source-backed transition, witness, owner, and conserved unit.",04-design-discussion-minimum-simulation-kernel.md:819-837;05-design-discussion-representation-bible.md:678-690;05-design-discussion-representation-bible.md:737-771
backlog.catalog.521c7e551997,UNKNOWN,transmission,tx.economic_boundary.external_region.aggregated_europe.trade.external_region.global,endpoint,"Resolved producer, output/state, consumer, transformation owner, unit, witness, and fallback behavior.",04-design-discussion-minimum-simulation-kernel.md:819-837;05-design-discussion-representation-bible.md:678-690;05-design-discussion-representation-bible.md:737-771
backlog.catalog.5222b32823d5,institution.ir.central_bank,transmission,tx.economic_boundary.ir.central_bank.policy_stance.external_region.middle_east,endpoint,"Resolved producer, output/state, consumer, transformation owner, unit, witness, and fallback behavior.",04-design-discussion-minimum-simulation-kernel.md:819-837;05-design-discussion-representation-bible.md:678-690;05-design-discussion-representation-bible.md:737-771
backlog.catalog.523ae86af76d,industry.amazon_basin.forestry,owned_state,state.amazon_forestry.capacity,state_transition,"Source-backed transition, witness, owner, and conserved unit.",06-design-discussion-representation-catalog.md:606
backlog.catalog.524776408c32,institution.us.mortgage.bankers,relationship,rel.represents.mortgage.bankers.mortgage.originators,relationship,"Resolved subject, object, canonical owner, lifecycle, observability, and witness.",06-design-discussion-representation-catalog.md:306
backlog.catalog.52f315bcb300,UNKNOWN,owned_state,state.external_region.gulf.policy_stance,state_transition,"Source-backed transition, witness, owner, and conserved unit.",04-design-discussion-minimum-simulation-kernel.md:819-837;05-design-discussion-representation-bible.md:678-690;05-design-discussion-representation-bible.md:737-771
backlog.catalog.5310b509bf46,institution.us.american.bankers.association,relationship,rel.represents.american.bankers.association.all.banks,relationship,"Resolved subject, object, canonical owner, lifecycle, observability, and witness.",06-design-discussion-representation-catalog.md:303
backlog.catalog.535646aa7c0a,body.us.treasury.tbac,relationship,rel.advisory.tbac_treasury,lifecycle,Source-backed effective period and exit conditions.,06-design-discussion-representation-catalog.md:259
backlog.catalog.54ba9ada0a66,institution.de.government,transmission,tx.economic_boundary.de.government.financial_stress.external_region.aggregated_europe,endpoint,"Resolved producer, output/state, consumer, transformation owner, unit, witness, and fallback behavior.",04-design-discussion-minimum-simulation-kernel.md:819-837;05-design-discussion-representation-bible.md:678-690;05-design-discussion-representation-bible.md:737-771
backlog.catalog.56316bcd8e17,institution.cn.pboc,transmission,tx.economic_boundary.cn.pboc.currency.external_region.east_asia,endpoint,"Resolved producer, output/state, consumer, transformation owner, unit, witness, and fallback behavior.",04-design-discussion-minimum-simulation-kernel.md:819-837;05-design-discussion-representation-bible.md:678-690;05-design-discussion-representation-bible.md:737-771
backlog.catalog.56ada5030cc7,institution.de.government,transmission,tx.economic_boundary.de.government.policy_stance.external_region.aggregated_europe,endpoint,"Resolved producer, output/state, consumer, transformation owner, unit, witness, and fallback behavior.",04-design-discussion-minimum-simulation-kernel.md:819-837;05-design-discussion-representation-bible.md:678-690;05-design-discussion-representation-bible.md:737-771
backlog.catalog.56b3f16f0bf3,cohort.uk.pensions,owned_state,state.uk.pensions.dollar_funding,state_transition,"Source-backed transition, witness, owner, and conserved unit.",04-design-discussion-minimum-simulation-kernel.md:819-837;05-design-discussion-representation-bible.md:678-690;05-design-discussion-representation-bible.md:737-771
backlog.catalog.57313fd213d7,market.product.global.pork,owned_state,state.pork_market.failure,state_transition,"Source-backed transition, witness, owner, and conserved unit.",06-design-discussion-representation-catalog.md:617
backlog.catalog.57813c791539,UNKNOWN,transmission,tx.market_observations.to_burrow,endpoint,"Resolved producer, output/state, consumer, transformation owner, unit, witness, and fallback behavior.",06-design-discussion-representation-catalog.md:877-884;06-design-discussion-representation-catalog.md:904;07-design-discussion-burrow-composition-probe.md:122;07-design-discussion-burrow-composition-probe.md:181
backlog.catalog.57c2995fd501,industry.amazon_basin.coffee,owned_state,state.amazon_coffee.capacity,state_transition,"Source-backed transition, witness, owner, and conserved unit.",06-design-discussion-representation-catalog.md:607
backlog.catalog.57d01fe67b0d,adapter.real.us.food_baskets,owned_state,state.us_food.pork_allocation,state_transition,"Source-backed transition, witness, owner, and conserved unit.",06-design-discussion-representation-catalog.md:619
backlog.catalog.57dec84cbba4,institution.uk.boe,transmission,tx.economic_boundary.uk.boe.policy_stance.external_region.aggregated_europe,endpoint,"Resolved producer, output/state, consumer, transformation owner, unit, witness, and fallback behavior.",04-design-discussion-minimum-simulation-kernel.md:819-837;05-design-discussion-representation-bible.md:678-690;05-design-discussion-representation-bible.md:737-771
backlog.catalog.5992dc4b8c8e,cohort.eu.exposed_banks,transmission,tx.economic_boundary.eu.exposed_banks.dollar_funding.external_region.aggregated_europe,endpoint,"Resolved producer, output/state, consumer, transformation owner, unit, witness, and fallback behavior.",04-design-discussion-minimum-simulation-kernel.md:819-837;05-design-discussion-representation-bible.md:678-690;05-design-discussion-representation-bible.md:737-771
backlog.catalog.59fb3fce3a28,UNKNOWN,transmission,tx.economic_boundary.external_region.east_asia.commodities.external_region.global,endpoint,"Resolved producer, output/state, consumer, transformation owner, unit, witness, and fallback behavior.",04-design-discussion-minimum-simulation-kernel.md:819-837;05-design-discussion-representation-bible.md:678-690;05-design-discussion-representation-bible.md:737-771
backlog.catalog.5a418e6998f7,institution.ru.central_bank,owned_state,state.ru.central_bank.reserves,state_transition,"Source-backed transition, witness, owner, and conserved unit.",04-design-discussion-minimum-simulation-kernel.md:819-837;05-design-discussion-representation-bible.md:678-690;05-design-discussion-representation-bible.md:737-771
backlog.catalog.5ca8b545f247,institution.qa.energy_companies,transmission,tx.economic_boundary.qa.energy_companies.commodities.external_region.gulf,endpoint,"Resolved producer, output/state, consumer, transformation owner, unit, witness, and fallback behavior.",04-design-discussion-minimum-simulation-kernel.md:819-837;05-design-discussion-representation-bible.md:678-690;05-design-discussion-representation-bible.md:737-771
backlog.catalog.5d6284abeb7a,organization_cohort.market.credit_rating_agencies,relationship,rel.publishes.market.credit_rating_agencies.credit_ratings,relationship,"Resolved subject, object, canonical owner, lifecycle, observability, and witness.",06-design-discussion-representation-catalog.md:355;05-design-discussion-representation-bible.md:183
backlog.catalog.5d78d7297a18,institution.cn.state_council,owned_state,state.cn.state_council.policy_stance,state_transition,"Source-backed transition, witness, owner, and conserved unit.",04-design-discussion-minimum-simulation-kernel.md:819-837;05-design-discussion-representation-bible.md:678-690;05-design-discussion-representation-bible.md:737-771
backlog.catalog.5d8c267b868a,market.product.global.coffee,owned_state,state.green_coffee_market.orders,state_transition,"Source-backed transition, witness, owner, and conserved unit.",06-design-discussion-representation-catalog.md:617
backlog.catalog.5e08570ca0b7,cohort.jp.pensions,owned_state,state.jp.pensions.reserves,state_transition,"Source-backed transition, witness, owner, and conserved unit.",04-design-discussion-minimum-simulation-kernel.md:819-837;05-design-discussion-representation-bible.md:678-690;05-design-discussion-representation-bible.md:737-771
backlog.catalog.5e791031fb61,UNKNOWN,owned_state,state.external_region.central_africa.policy_stance,state_transition,"Source-backed transition, witness, owner, and conserved unit.",04-design-discussion-minimum-simulation-kernel.md:819-837;05-design-discussion-representation-bible.md:678-690;05-design-discussion-representation-bible.md:737-771
backlog.catalog.5ef2b7fb5a73,UNKNOWN,transmission,tx.economic_boundary.external_region.latin_america.trade.external_region.global,endpoint,"Resolved producer, output/state, consumer, transformation owner, unit, witness, and fallback behavior.",04-design-discussion-minimum-simulation-kernel.md:819-837;05-design-discussion-representation-bible.md:678-690;05-design-discussion-representation-bible.md:737-771
backlog.catalog.5fa3a0416686,institution.ru.security,transmission,tx.economic_boundary.ru.security.trade.external_region.eastern_europe,endpoint,"Resolved producer, output/state, consumer, transformation owner, unit, witness, and fallback behavior.",04-design-discussion-minimum-simulation-kernel.md:819-837;05-design-discussion-representation-bible.md:678-690;05-design-discussion-representation-bible.md:737-771
backlog.catalog.6043046e4bb8,institution.media.wool_street_journal,relationship,rel.operates.media.wool_street_journal_company.wool_street_journal,relationship,"Resolved subject, object, canonical owner, lifecycle, observability, and witness.",06-design-discussion-representation-catalog.md:371;05-design-discussion-representation-bible.md:1691
backlog.catalog.604e402497fd,UNKNOWN,relationship,rel.aggregates_into.external_region.aggregated_europe.global,relationship,"Resolved subject, object, canonical owner, lifecycle, observability, and witness.",04-design-discussion-minimum-simulation-kernel.md:819-837;05-design-discussion-representation-bible.md:678-690;05-design-discussion-representation-bible.md:737-771
backlog.catalog.6121ff192118,cohort.jp.insurers,transmission,tx.economic_boundary.jp.insurers.financial_stress.external_region.east_asia,endpoint,"Resolved producer, output/state, consumer, transformation owner, unit, witness, and fallback behavior.",04-design-discussion-minimum-simulation-kernel.md:819-837;05-design-discussion-representation-bible.md:678-690;05-design-discussion-representation-bible.md:737-771
backlog.catalog.613cea8f907e,cohort.ru.energy_firms,owned_state,state.ru.energy_firms.trade,state_transition,"Source-backed transition, witness, owner, and conserved unit.",04-design-discussion-minimum-simulation-kernel.md:819-837;05-design-discussion-representation-bible.md:678-690;05-design-discussion-representation-bible.md:737-771
backlog.catalog.61d0f7e2e2ea,institution.eu.member_governments,owned_state,state.eu.member_governments.policy_stance,state_transition,"Source-backed transition, witness, owner, and conserved unit.",04-design-discussion-minimum-simulation-kernel.md:819-837;05-design-discussion-representation-bible.md:678-690;05-design-discussion-representation-bible.md:737-771
backlog.catalog.625a8be41e47,cohort.jp.insurers,owned_state,state.jp.insurers.financial_stress,state_transition,"Source-backed transition, witness, owner, and conserved unit.",04-design-discussion-minimum-simulation-kernel.md:819-837;05-design-discussion-representation-bible.md:678-690;05-design-discussion-representation-bible.md:737-771
backlog.catalog.63a45c9c2372,institution.qa.energy_companies,transmission,tx.economic_boundary.qa.energy_companies.trade.external_region.gulf,endpoint,"Resolved producer, output/state, consumer, transformation owner, unit, witness, and fallback behavior.",04-design-discussion-minimum-simulation-kernel.md:819-837;05-design-discussion-representation-bible.md:678-690;05-design-discussion-representation-bible.md:737-771
backlog.catalog.63d1855a0ef3,UNKNOWN,owned_state,state.external_region.aggregated_europe.policy_stance,state_transition,"Source-backed transition, witness, owner, and conserved unit.",04-design-discussion-minimum-simulation-kernel.md:819-837;05-design-discussion-representation-bible.md:678-690;05-design-discussion-representation-bible.md:737-771
backlog.catalog.642bbe1a4c01,inst.us.bank.burrow,transmission,tx.burrow.requests.to_funding,endpoint,"Resolved producer, output/state, consumer, transformation owner, unit, witness, and fallback behavior.",06-design-discussion-representation-catalog.md:881-884;07-design-discussion-burrow-composition-probe.md:139
backlog.catalog.64a50efabafa,record.us.treasury.indemnification_13_3,relationship,rel.indemnity.treasury_esf_13_3,relationship,"Resolved subject, object, canonical owner, lifecycle, observability, and witness.",06-design-discussion-representation-catalog.md:363
backlog.catalog.6539967c6c25,UNKNOWN,owned_state,state.external_region.east_asia.currency,state_transition,"Source-backed transition, witness, owner, and conserved unit.",04-design-discussion-minimum-simulation-kernel.md:819-837;05-design-discussion-representation-bible.md:678-690;05-design-discussion-representation-bible.md:737-771
backlog.catalog.65f178c16c08,institution.sa.sovereign_funds,owned_state,state.sa.sovereign_funds.dollar_funding,state_transition,"Source-backed transition, witness, owner, and conserved unit.",04-design-discussion-minimum-simulation-kernel.md:819-837;05-design-discussion-representation-bible.md:678-690;05-design-discussion-representation-bible.md:737-771
backlog.catalog.66432e3e65b6,cohort.jp.pensions,transmission,tx.economic_boundary.jp.pensions.financial_stress.external_region.east_asia,endpoint,"Resolved producer, output/state, consumer, transformation owner, unit, witness, and fallback behavior.",04-design-discussion-minimum-simulation-kernel.md:819-837;05-design-discussion-representation-bible.md:678-690;05-design-discussion-representation-bible.md:737-771
backlog.catalog.6721816bf520,adapter.real.us.construction_inputs,entity_scope,adapter.real.us.construction_inputs->UNKNOWN,scope,Resolved typed scope endpoint.,06-design-discussion-representation-catalog.md:520
backlog.catalog.67e29730c571,mechanism.measurement.us.consumer_prices,owned_state,state.us_prices.method,state_transition,"Source-backed transition, witness, owner, and conserved unit.",06-design-discussion-representation-catalog.md:621
backlog.catalog.67f17c2d0c14,UNKNOWN,transmission,tx.settlement_results.to_burrow,endpoint,"Resolved producer, output/state, consumer, transformation owner, unit, witness, and fallback behavior.",06-design-discussion-representation-catalog.md:877-884;06-design-discussion-representation-catalog.md:904;07-design-discussion-burrow-composition-probe.md:290
backlog.catalog.68323aa96265,facility.us.federal_reserve.srf,transmission,tx.srf.counterparty_option,endpoint,"Resolved producer, output/state, consumer, transformation owner, unit, witness, and fallback behavior.",06-design-discussion-representation-catalog.md:1005-1016
backlog.catalog.684bdebe99ad,UNKNOWN,transmission,tx.economic_boundary.external_region.middle_east.commodities.external_region.global,endpoint,"Resolved producer, output/state, consumer, transformation owner, unit, witness, and fallback behavior.",04-design-discussion-minimum-simulation-kernel.md:819-837;05-design-discussion-representation-bible.md:678-690;05-design-discussion-representation-bible.md:737-771
backlog.catalog.6870641b6d5b,UNKNOWN,owned_state,state.external_region.middle_east.reserves,state_transition,"Source-backed transition, witness, owner, and conserved unit.",04-design-discussion-minimum-simulation-kernel.md:819-837;05-design-discussion-representation-bible.md:678-690;05-design-discussion-representation-bible.md:737-771
backlog.catalog.68a5fec426fe,cohort.us.bank.regional_cre_concentrated,entity_scope,cohort.us.bank.regional_cre_concentrated->UNKNOWN,scope,Resolved typed scope endpoint.,06-design-discussion-representation-catalog.md:914; intended subject: region.us
backlog.catalog.68fb132cca1e,office.media.aftv.anchor_chair,relationship,rel.belongs_to.media.aftv_anchor_chair.aftv,relationship,"Resolved subject, object, canonical owner, lifecycle, observability, and witness.",06-design-discussion-representation-catalog.md:1551;06-design-discussion-representation-catalog.md:1689
backlog.catalog.6942e6c31fc4,agreement.us.repo.bilateral,transmission,tx.repo.sofr.publication,endpoint,"Resolved producer, output/state, consumer, transformation owner, unit, witness, and fallback behavior.",06-design-discussion-representation-catalog.md:1030
backlog.catalog.69e08867aeb5,body.us.federal_reserve.board_voting,relationship,rel.governance.board_voting_board,lifecycle,Source-backed effective period and exit conditions.,06-design-discussion-representation-catalog.md:256
backlog.catalog.6a3001ecc967,mechanism.flow.global.coffee,owned_state,state.green_coffee_flow.losses,state_transition,"Source-backed transition, witness, owner, and conserved unit.",06-design-discussion-representation-catalog.md:614
backlog.catalog.6a4a20316a97,institution.cn.state_council,transmission,tx.economic_boundary.cn.state_council.trade.external_region.east_asia,endpoint,"Resolved producer, output/state, consumer, transformation owner, unit, witness, and fallback behavior.",04-design-discussion-minimum-simulation-kernel.md:819-837;05-design-discussion-representation-bible.md:678-690;05-design-discussion-representation-bible.md:737-771
backlog.catalog.6b0d651ceb23,institution.ir.irgc,transmission,tx.economic_boundary.ir.irgc.trade.external_region.middle_east,endpoint,"Resolved producer, output/state, consumer, transformation owner, unit, witness, and fallback behavior.",04-design-discussion-minimum-simulation-kernel.md:819-837;05-design-discussion-representation-bible.md:678-690;05-design-discussion-representation-bible.md:737-771
backlog.catalog.6b9429368f7d,schedule.us.federal_reserve.blackout,transmission,tx.fomc.blackout.chair,endpoint,"Resolved producer, output/state, consumer, transformation owner, unit, witness, and fallback behavior.",07-design-discussion-burrow-composition-probe.md:165-173
backlog.catalog.6bd0e110176b,institution.de.government,owned_state,state.de.government.policy_stance,state_transition,"Source-backed transition, witness, owner, and conserved unit.",04-design-discussion-minimum-simulation-kernel.md:819-837;05-design-discussion-representation-bible.md:678-690;05-design-discussion-representation-bible.md:737-771
backlog.catalog.6bffd177f942,cohort.ru.energy_firms,transmission,tx.economic_boundary.ru.energy_firms.commodities.external_region.eastern_europe,endpoint,"Resolved producer, output/state, consumer, transformation owner, unit, witness, and fallback behavior.",04-design-discussion-minimum-simulation-kernel.md:819-837;05-design-discussion-representation-bible.md:678-690;05-design-discussion-representation-bible.md:737-771
backlog.catalog.6c42bed8d6c6,UNKNOWN,owned_state,state.external_region.east_asia.trade,state_transition,"Source-backed transition, witness, owner, and conserved unit.",04-design-discussion-minimum-simulation-kernel.md:819-837;05-design-discussion-representation-bible.md:678-690;05-design-discussion-representation-bible.md:737-771
backlog.catalog.6d4faec3f475,institution.us.independent.community.bankers,relationship,rel.represents.independent.community.bankers.community.banks.credit.unions,relationship,"Resolved subject, object, canonical owner, lifecycle, observability, and witness.",06-design-discussion-representation-catalog.md:303;06-design-discussion-representation-catalog.md:285
backlog.catalog.6d6c09ecccbc,industry.amazon_basin.forestry,owned_state,inventory.amazon_forestry.timber,state_transition,"Source-backed transition, witness, owner, and conserved unit.",06-design-discussion-representation-catalog.md:606
backlog.catalog.6d76ba3dfbf3,institution.cn.safe,owned_state,state.cn.safe.reserves,state_transition,"Source-backed transition, witness, owner, and conserved unit.",04-design-discussion-minimum-simulation-kernel.md:819-837;05-design-discussion-representation-bible.md:678-690;05-design-discussion-representation-bible.md:737-771
backlog.catalog.6de98fadb21c,institution.jp.boj,transmission,tx.economic_boundary.jp.boj.currency.external_region.east_asia,endpoint,"Resolved producer, output/state, consumer, transformation owner, unit, witness, and fallback behavior.",04-design-discussion-minimum-simulation-kernel.md:819-837;05-design-discussion-representation-bible.md:678-690;05-design-discussion-representation-bible.md:737-771
backlog.catalog.6de9f6e6305e,institution.cn.party_leadership,owned_state,state.cn.party_leadership.policy_stance,state_transition,"Source-backed transition, witness, owner, and conserved unit.",04-design-discussion-minimum-simulation-kernel.md:819-837;05-design-discussion-representation-bible.md:678-690;05-design-discussion-representation-bible.md:737-771
backlog.catalog.6e4cbf52a8e1,UNKNOWN,relationship,rel.aggregates_into.external_region.southeast_asia.global,relationship,"Resolved subject, object, canonical owner, lifecycle, observability, and witness.",04-design-discussion-minimum-simulation-kernel.md:819-837;05-design-discussion-representation-bible.md:678-690;05-design-discussion-representation-bible.md:737-771
backlog.catalog.6fdbe39e0ec3,institution.ru.presidency,owned_state,state.ru.presidency.policy_stance,state_transition,"Source-backed transition, witness, owner, and conserved unit.",04-design-discussion-minimum-simulation-kernel.md:819-837;05-design-discussion-representation-bible.md:678-690;05-design-discussion-representation-bible.md:737-771
backlog.catalog.70f3612d773c,UNKNOWN,transmission,tx.economic_boundary.external_region.aggregated_europe.commodities.external_region.global,endpoint,"Resolved producer, output/state, consumer, transformation owner, unit, witness, and fallback behavior.",04-design-discussion-minimum-simulation-kernel.md:819-837;05-design-discussion-representation-bible.md:678-690;05-design-discussion-representation-bible.md:737-771
backlog.catalog.7118938f90f8,inst.us.treasury,owned_state,state.treasury.outstanding_debt,state_transition,"Source-backed transition, witness, owner, and conserved unit.",04-design-discussion-minimum-simulation-kernel.md:215;04-design-discussion-minimum-simulation-kernel.md:717
backlog.catalog.714cc9e2e546,institution.sg.mas,transmission,tx.economic_boundary.sg.mas.policy_stance.external_region.southeast_asia,endpoint,"Resolved producer, output/state, consumer, transformation owner, unit, witness, and fallback behavior.",04-design-discussion-minimum-simulation-kernel.md:819-837;05-design-discussion-representation-bible.md:678-690;05-design-discussion-representation-bible.md:737-771
backlog.catalog.7200d900ba68,federation.us.federal_reserve,owned_state,state.federal_reserve.consolidated_projection,state_transition,"Source-backed transition, witness, owner, and conserved unit.",06-design-discussion-representation-catalog.md:269;06-design-discussion-representation-catalog.md:960
backlog.catalog.73d8cf8b44dc,institution.it.government,owned_state,state.it.government.policy_stance,state_transition,"Source-backed transition, witness, owner, and conserved unit.",04-design-discussion-minimum-simulation-kernel.md:819-837;05-design-discussion-representation-bible.md:678-690;05-design-discussion-representation-bible.md:737-771
backlog.catalog.75330a3d714f,UNKNOWN,owned_state,state.external_region.gulf.reserves,state_transition,"Source-backed transition, witness, owner, and conserved unit.",04-design-discussion-minimum-simulation-kernel.md:819-837;05-design-discussion-representation-bible.md:678-690;05-design-discussion-representation-bible.md:737-771
backlog.catalog.75e2a5b940f5,network.media.honkbox,transmission,tx.media.honkbox.aftv,endpoint,"Resolved producer, output/state, consumer, transformation owner, unit, witness, and fallback behavior.",task.md:818-826;05-design-discussion-representation-bible.md:184-185
backlog.catalog.75f1600d9a9e,institution.uk.boe,owned_state,state.uk.boe.financial_stress,state_transition,"Source-backed transition, witness, owner, and conserved unit.",04-design-discussion-minimum-simulation-kernel.md:819-837;05-design-discussion-representation-bible.md:678-690;05-design-discussion-representation-bible.md:737-771
backlog.catalog.76079a4ffb71,cohort.eu.exposed_banks,action_domain,financial_stress,owner_or_content,Resolved owner and source-backed action contract.,04-design-discussion-minimum-simulation-kernel.md:819-837;05-design-discussion-representation-bible.md:678-690;05-design-discussion-representation-bible.md:737-771
backlog.catalog.769f57e0aa9b,cohort.uk.pensions,transmission,tx.economic_boundary.uk.pensions.dollar_funding.external_region.aggregated_europe,endpoint,"Resolved producer, output/state, consumer, transformation owner, unit, witness, and fallback behavior.",04-design-discussion-minimum-simulation-kernel.md:819-837;05-design-discussion-representation-bible.md:678-690;05-design-discussion-representation-bible.md:737-771
backlog.catalog.7723f077fdb0,institution.fr.government,transmission,tx.economic_boundary.fr.government.policy_stance.external_region.aggregated_europe,endpoint,"Resolved producer, output/state, consumer, transformation owner, unit, witness, and fallback behavior.",04-design-discussion-minimum-simulation-kernel.md:819-837;05-design-discussion-representation-bible.md:678-690;05-design-discussion-representation-bible.md:737-771
backlog.catalog.7748dff04a0f,agreement.us.repo.bilateral,owned_state,state.repo.exposure_index,state_transition,"Source-backed transition, witness, owner, and conserved unit.",06-design-discussion-representation-catalog.md:335
backlog.catalog.77b198efc413,institution.cn.military,transmission,tx.economic_boundary.cn.military.trade.external_region.east_asia,endpoint,"Resolved producer, output/state, consumer, transformation owner, unit, witness, and fallback behavior.",04-design-discussion-minimum-simulation-kernel.md:819-837;05-design-discussion-representation-bible.md:678-690;05-design-discussion-representation-bible.md:737-771
backlog.catalog.785bd4520c1d,UNKNOWN,transmission,tx.economic_boundary.external_region.middle_east.reserves.external_region.global,endpoint,"Resolved producer, output/state, consumer, transformation owner, unit, witness, and fallback behavior.",04-design-discussion-minimum-simulation-kernel.md:819-837;05-design-discussion-representation-bible.md:678-690;05-design-discussion-representation-bible.md:737-771
backlog.catalog.786e6ce75a40,institution.cn.pboc,transmission,tx.economic_boundary.cn.pboc.financial_stress.external_region.east_asia,endpoint,"Resolved producer, output/state, consumer, transformation owner, unit, witness, and fallback behavior.",04-design-discussion-minimum-simulation-kernel.md:819-837;05-design-discussion-representation-bible.md:678-690;05-design-discussion-representation-bible.md:737-771
backlog.catalog.78af1ce73a0b,person.media.aftv_host,relationship,rel.holds.media.aftv_host.aftv_anchor_chair,relationship,"Resolved subject, object, canonical owner, lifecycle, observability, and witness.",06-design-discussion-representation-catalog.md:252;06-design-discussion-representation-catalog.md:1551-1558
backlog.catalog.797c3acbd17a,UNKNOWN,transmission,tx.economic_boundary.external_region.gulf.growth_demand.external_region.global,endpoint,"Resolved producer, output/state, consumer, transformation owner, unit, witness, and fallback behavior.",04-design-discussion-minimum-simulation-kernel.md:819-837;05-design-discussion-representation-bible.md:678-690;05-design-discussion-representation-bible.md:737-771
backlog.catalog.79b057b143b2,body.il.cabinet,transmission,tx.economic_boundary.il.cabinet.policy_stance.external_region.middle_east,endpoint,"Resolved producer, output/state, consumer, transformation owner, unit, witness, and fallback behavior.",04-design-discussion-minimum-simulation-kernel.md:819-837;05-design-discussion-representation-bible.md:678-690;05-design-discussion-representation-bible.md:737-771
backlog.catalog.79da0adb4ba3,industry.amazon_basin.forestry,relationship,rel.amazon_forestry.operates_in_basin,lifecycle,Source-backed effective period and exit conditions.,06-design-discussion-representation-catalog.md:734
backlog.catalog.7b63fe1a29c4,mechanism.transform.global.hogs_slaughter,owned_state,state.hogs_slaughter.losses,state_transition,"Source-backed transition, witness, owner, and conserved unit.",06-design-discussion-representation-catalog.md:612
backlog.catalog.7bc868b1770f,UNKNOWN,relationship,rel.aggregates_into.external_region.eastern_europe.global,relationship,"Resolved subject, object, canonical owner, lifecycle, observability, and witness.",04-design-discussion-minimum-simulation-kernel.md:819-837;05-design-discussion-representation-bible.md:678-690;05-design-discussion-representation-bible.md:737-771
backlog.catalog.7bcfed5de093,industry.amazon_basin.coffee,relationship,rel.amazon_coffee.operates_in_basin,lifecycle,Source-backed effective period and exit conditions.,06-design-discussion-representation-catalog.md:735
backlog.catalog.7befccf4f0fb,institution.qa.energy_companies,owned_state,state.qa.energy_companies.commodities,state_transition,"Source-backed transition, witness, owner, and conserved unit.",04-design-discussion-minimum-simulation-kernel.md:819-837;05-design-discussion-representation-bible.md:678-690;05-design-discussion-representation-bible.md:737-771
backlog.catalog.7c6e130cb90b,institution.sa.energy_ministry,transmission,tx.economic_boundary.sa.energy_ministry.commodities.external_region.gulf,endpoint,"Resolved producer, output/state, consumer, transformation owner, unit, witness, and fallback behavior.",04-design-discussion-minimum-simulation-kernel.md:819-837;05-design-discussion-representation-bible.md:678-690;05-design-discussion-representation-bible.md:737-771
backlog.catalog.7d1d6dd1bbd2,UNKNOWN,owned_state,state.external_region.latin_america.currency,state_transition,"Source-backed transition, witness, owner, and conserved unit.",04-design-discussion-minimum-simulation-kernel.md:819-837;05-design-discussion-representation-bible.md:678-690;05-design-discussion-representation-bible.md:737-771
backlog.catalog.7da91e3d0dc8,inst.us.bank.burrow,relationship,rel.burrow.funding_counterparties,relationship,"Resolved subject, object, canonical owner, lifecycle, observability, and witness.",06-design-discussion-representation-catalog.md:872-876;06-design-discussion-representation-catalog.md:902
backlog.catalog.7dcc0dfb9261,firm.sa.saudi_aramco,transmission,tx.economic_boundary.sa.saudi_aramco.trade.external_region.gulf,endpoint,"Resolved producer, output/state, consumer, transformation owner, unit, witness, and fallback behavior.",04-design-discussion-minimum-simulation-kernel.md:819-837;05-design-discussion-representation-bible.md:678-690;05-design-discussion-representation-bible.md:737-771
backlog.catalog.7e606cdaface,institution.ru.security,owned_state,state.ru.security.trade,state_transition,"Source-backed transition, witness, owner, and conserved unit.",04-design-discussion-minimum-simulation-kernel.md:819-837;05-design-discussion-representation-bible.md:678-690;05-design-discussion-representation-bible.md:737-771
backlog.catalog.7eeeebfca76c,UNKNOWN,owned_state,state.external_region.east_asia.financial_stress,state_transition,"Source-backed transition, witness, owner, and conserved unit.",04-design-discussion-minimum-simulation-kernel.md:819-837;05-design-discussion-representation-bible.md:678-690;05-design-discussion-representation-bible.md:737-771
backlog.catalog.7ef6ee81ffd3,process.climate_agriculture.amazon_basin,transmission,tx.amazon_process.to_hog_operations,endpoint,"Resolved producer, output/state, consumer, transformation owner, unit, witness, and fallback behavior.",06-design-discussion-representation-catalog.md:652
backlog.catalog.7f2f52bb5061,institution.ae.central_bank,transmission,tx.economic_boundary.ae.central_bank.currency.external_region.gulf,endpoint,"Resolved producer, output/state, consumer, transformation owner, unit, witness, and fallback behavior.",04-design-discussion-minimum-simulation-kernel.md:819-837;05-design-discussion-representation-bible.md:678-690;05-design-discussion-representation-bible.md:737-771
backlog.catalog.7f56503dbef2,institution.us.new_york_fed,relationship,rel.publishes.us.new_york_fed.sofr,relationship,"Resolved subject, object, canonical owner, lifecycle, observability, and witness.",06-design-discussion-representation-catalog.md:1030-1042
backlog.catalog.7f99833db71f,mechanism.transform.global.timber_milling,relationship,rel.timber_milling.supplied_by_amazon_forestry,relationship,"Resolved subject, object, canonical owner, lifecycle, observability, and witness.",06-design-discussion-representation-catalog.md:738
backlog.catalog.7fb48c846d3d,UNKNOWN,transmission,tx.economic_boundary.external_region.eastern_europe.growth_demand.external_region.global,endpoint,"Resolved producer, output/state, consumer, transformation owner, unit, witness, and fallback behavior.",04-design-discussion-minimum-simulation-kernel.md:819-837;05-design-discussion-representation-bible.md:678-690;05-design-discussion-representation-bible.md:737-771
backlog.catalog.7fbc64c46716,UNKNOWN,owned_state,state.external_region.eastern_europe.dollar_funding,state_transition,"Source-backed transition, witness, owner, and conserved unit.",04-design-discussion-minimum-simulation-kernel.md:819-837;05-design-discussion-representation-bible.md:678-690;05-design-discussion-representation-bible.md:737-771
backlog.catalog.7fc03813835d,institution.sa.energy_ministry,owned_state,state.sa.energy_ministry.policy_stance,state_transition,"Source-backed transition, witness, owner, and conserved unit.",04-design-discussion-minimum-simulation-kernel.md:819-837;05-design-discussion-representation-bible.md:678-690;05-design-discussion-representation-bible.md:737-771
backlog.catalog.801f249f8295,mechanism.transform.global.hogs_slaughter,owned_state,queue.hogs_slaughter.work,state_transition,"Source-backed transition, witness, owner, and conserved unit.",06-design-discussion-representation-catalog.md:612
backlog.catalog.803df24b5152,institution.eu.national_central_banks,owned_state,state.eu.national_central_banks.dollar_funding,state_transition,"Source-backed transition, witness, owner, and conserved unit.",04-design-discussion-minimum-simulation-kernel.md:819-837;05-design-discussion-representation-bible.md:678-690;05-design-discussion-representation-bible.md:737-771
backlog.catalog.80674d36e2a4,institution.media.gnbc,relationship,rel.operates.media.gnbc_company.gnbc,relationship,"Resolved subject, object, canonical owner, lifecycle, observability, and witness.",06-design-discussion-representation-catalog.md:371;05-design-discussion-representation-bible.md:1691
backlog.catalog.80d687a8b25f,UNKNOWN,owned_state,state.external_region.southeast_asia.financial_stress,state_transition,"Source-backed transition, witness, owner, and conserved unit.",04-design-discussion-minimum-simulation-kernel.md:819-837;05-design-discussion-representation-bible.md:678-690;05-design-discussion-representation-bible.md:737-771
backlog.catalog.8106736a493f,UNKNOWN,owned_state,state.external_region.middle_east.growth_demand,state_transition,"Source-backed transition, witness, owner, and conserved unit.",04-design-discussion-minimum-simulation-kernel.md:819-837;05-design-discussion-representation-bible.md:678-690;05-design-discussion-representation-bible.md:737-771
backlog.catalog.8189ea1c80d2,UNKNOWN,owned_state,state.external_region.gulf.growth_demand,state_transition,"Source-backed transition, witness, owner, and conserved unit.",04-design-discussion-minimum-simulation-kernel.md:819-837;05-design-discussion-representation-bible.md:678-690;05-design-discussion-representation-bible.md:737-771
backlog.catalog.822479b61afc,market.us.treasury.secondary,owned_state,state.treasury.secondary_clearing,state_transition,"Source-backed transition, witness, owner, and conserved unit.",06-design-discussion-representation-catalog.md:334;06-design-discussion-representation-catalog.md:1132-1135
backlog.catalog.82436812408d,UNKNOWN,relationship,rel.aggregates_into.external_region.latin_america.global,relationship,"Resolved subject, object, canonical owner, lifecycle, observability, and witness.",04-design-discussion-minimum-simulation-kernel.md:819-837;05-design-discussion-representation-bible.md:678-690;05-design-discussion-representation-bible.md:737-771
backlog.catalog.83ae3a15bf83,UNKNOWN,owned_state,state.external_region.latin_america.financial_stress,state_transition,"Source-backed transition, witness, owner, and conserved unit.",04-design-discussion-minimum-simulation-kernel.md:819-837;05-design-discussion-representation-bible.md:678-690;05-design-discussion-representation-bible.md:737-771
backlog.catalog.845c5353d40d,institution.cn.pboc,owned_state,state.cn.pboc.policy_stance,state_transition,"Source-backed transition, witness, owner, and conserved unit.",04-design-discussion-minimum-simulation-kernel.md:819-837;05-design-discussion-representation-bible.md:678-690;05-design-discussion-representation-bible.md:737-771
backlog.catalog.8533eda7e220,institution.il.bank_of_israel,owned_state,state.il.bank_of_israel.currency,state_transition,"Source-backed transition, witness, owner, and conserved unit.",04-design-discussion-minimum-simulation-kernel.md:819-837;05-design-discussion-representation-bible.md:678-690;05-design-discussion-representation-bible.md:737-771
backlog.catalog.85ad6924b74f,outlet.media.loonberg,transmission,tx.media.loonberg.honkbox,endpoint,"Resolved producer, output/state, consumer, transformation owner, unit, witness, and fallback behavior.",task.md:818-826;05-design-discussion-representation-bible.md:184-185
backlog.catalog.85ee4c9b2164,UNKNOWN,transmission,tx.economic_boundary.external_region.gulf.dollar_funding.external_region.global,endpoint,"Resolved producer, output/state, consumer, transformation owner, unit, witness, and fallback behavior.",04-design-discussion-minimum-simulation-kernel.md:819-837;05-design-discussion-representation-bible.md:678-690;05-design-discussion-representation-bible.md:737-771
backlog.catalog.88712ad79259,region.sa.aggregate,entity_scope,region.sa.aggregate->adapter.external_region.latin_america,scope,Resolved typed scope endpoint.,06-design-discussion-representation-catalog.md:510
backlog.catalog.88d7d4154958,inst.us.bank.burrow,transmission,tx.burrow.orders.to_markets,endpoint,"Resolved producer, output/state, consumer, transformation owner, unit, witness, and fallback behavior.",06-design-discussion-representation-catalog.md:881-884;07-design-discussion-burrow-composition-probe.md:139
backlog.catalog.88fdfad3371f,institution.cn.party_leadership,owned_state,state.cn.party_leadership.trade,state_transition,"Source-backed transition, witness, owner, and conserved unit.",04-design-discussion-minimum-simulation-kernel.md:819-837;05-design-discussion-representation-bible.md:678-690;05-design-discussion-representation-bible.md:737-771
backlog.catalog.89251ccdf585,institution.uk.boe,owned_state,state.uk.boe.policy_stance,state_transition,"Source-backed transition, witness, owner, and conserved unit.",04-design-discussion-minimum-simulation-kernel.md:819-837;05-design-discussion-representation-bible.md:678-690;05-design-discussion-representation-bible.md:737-771
backlog.catalog.8942ab308ee1,institution.uk.government,transmission,tx.economic_boundary.uk.government.trade.external_region.aggregated_europe,endpoint,"Resolved producer, output/state, consumer, transformation owner, unit, witness, and fallback behavior.",04-design-discussion-minimum-simulation-kernel.md:819-837;05-design-discussion-representation-bible.md:678-690;05-design-discussion-representation-bible.md:737-771
backlog.catalog.8a4ba8bc0847,cohort.ru.energy_firms,action_domain,commodities,owner_or_content,Resolved owner and source-backed action contract.,04-design-discussion-minimum-simulation-kernel.md:819-837;05-design-discussion-representation-bible.md:678-690;05-design-discussion-representation-bible.md:737-771
backlog.catalog.8b3cf4e44226,inst.us.bank.burrow,relationship,rel.burrow.supervised_by_state,relationship,"Resolved subject, object, canonical owner, lifecycle, observability, and witness.",None
backlog.catalog.8c7abf01e2c7,institution.sg.mas,transmission,tx.economic_boundary.sg.mas.currency.external_region.southeast_asia,endpoint,"Resolved producer, output/state, consumer, transformation owner, unit, witness, and fallback behavior.",04-design-discussion-minimum-simulation-kernel.md:819-837;05-design-discussion-representation-bible.md:678-690;05-design-discussion-representation-bible.md:737-771
backlog.catalog.8d3479fedfc3,institution.eu.national_central_banks,owned_state,state.eu.national_central_banks.financial_stress,state_transition,"Source-backed transition, witness, owner, and conserved unit.",04-design-discussion-minimum-simulation-kernel.md:819-837;05-design-discussion-representation-bible.md:678-690;05-design-discussion-representation-bible.md:737-771
backlog.catalog.8d46f8ecc0ed,UNKNOWN,owned_state,state.external_region.gulf.financial_stress,state_transition,"Source-backed transition, witness, owner, and conserved unit.",04-design-discussion-minimum-simulation-kernel.md:819-837;05-design-discussion-representation-bible.md:678-690;05-design-discussion-representation-bible.md:737-771
backlog.catalog.8dd8105c40d3,institution.ae.sovereign_funds,transmission,tx.economic_boundary.ae.sovereign_funds.reserves.external_region.gulf,endpoint,"Resolved producer, output/state, consumer, transformation owner, unit, witness, and fallback behavior.",04-design-discussion-minimum-simulation-kernel.md:819-837;05-design-discussion-representation-bible.md:678-690;05-design-discussion-representation-bible.md:737-771
backlog.catalog.8e0bcf37871c,UNKNOWN,transmission,tx.economic_boundary.external_region.gulf.currency.external_region.global,endpoint,"Resolved producer, output/state, consumer, transformation owner, unit, witness, and fallback behavior.",04-design-discussion-minimum-simulation-kernel.md:819-837;05-design-discussion-representation-bible.md:678-690;05-design-discussion-representation-bible.md:737-771
backlog.catalog.8e124a9d8872,institution.eu.commission,transmission,tx.economic_boundary.eu.commission.trade.external_region.aggregated_europe,endpoint,"Resolved producer, output/state, consumer, transformation owner, unit, witness, and fallback behavior.",04-design-discussion-minimum-simulation-kernel.md:819-837;05-design-discussion-representation-bible.md:678-690;05-design-discussion-representation-bible.md:737-771
backlog.catalog.8eb189b01006,network.media.the_herd,transmission,tx.media.the_herd.loonberg,endpoint,"Resolved producer, output/state, consumer, transformation owner, unit, witness, and fallback behavior.",task.md:818-826;05-design-discussion-representation-bible.md:184-185
backlog.catalog.8ef237b58303,mechanism.measurement.us.consumer_prices,owned_state,state.us_prices.sample,state_transition,"Source-backed transition, witness, owner, and conserved unit.",06-design-discussion-representation-catalog.md:621
backlog.catalog.8f1dbfa0669a,institution.eu.member_governments,owned_state,state.eu.member_governments.financial_stress,state_transition,"Source-backed transition, witness, owner, and conserved unit.",04-design-discussion-minimum-simulation-kernel.md:819-837;05-design-discussion-representation-bible.md:678-690;05-design-discussion-representation-bible.md:737-771
backlog.catalog.8fbb03bdc518,UNKNOWN,owned_state,state.external_region.eastern_europe.currency,state_transition,"Source-backed transition, witness, owner, and conserved unit.",04-design-discussion-minimum-simulation-kernel.md:819-837;05-design-discussion-representation-bible.md:678-690;05-design-discussion-representation-bible.md:737-771
backlog.catalog.8fc372903744,market.us.treasury.auction,owned_state,state.treasury.auction_clearing,state_transition,"Source-backed transition, witness, owner, and conserved unit.",06-design-discussion-representation-catalog.md:333
backlog.catalog.90e7eb8fc473,UNKNOWN,transmission,tx.economic_boundary.external_region.central_africa.commodities.external_region.global,endpoint,"Resolved producer, output/state, consumer, transformation owner, unit, witness, and fallback behavior.",04-design-discussion-minimum-simulation-kernel.md:819-837;05-design-discussion-representation-bible.md:678-690;05-design-discussion-representation-bible.md:737-771
backlog.catalog.90ec296beca7,institution.jp.boj,owned_state,state.jp.boj.policy_stance,state_transition,"Source-backed transition, witness, owner, and conserved unit.",04-design-discussion-minimum-simulation-kernel.md:819-837;05-design-discussion-representation-bible.md:678-690;05-design-discussion-representation-bible.md:737-771
backlog.catalog.91285c6e7596,UNKNOWN,transmission,tx.economic_boundary.external_region.aggregated_europe.reserves.external_region.global,endpoint,"Resolved producer, output/state, consumer, transformation owner, unit, witness, and fallback behavior.",04-design-discussion-minimum-simulation-kernel.md:819-837;05-design-discussion-representation-bible.md:678-690;05-design-discussion-representation-bible.md:737-771
backlog.catalog.913040c3d432,cohort.uk.pensions,transmission,tx.economic_boundary.uk.pensions.financial_stress.external_region.aggregated_europe,endpoint,"Resolved producer, output/state, consumer, transformation owner, unit, witness, and fallback behavior.",04-design-discussion-minimum-simulation-kernel.md:819-837;05-design-discussion-representation-bible.md:678-690;05-design-discussion-representation-bible.md:737-771
backlog.catalog.9138cce3406a,UNKNOWN,transmission,tx.supervision.to_burrow,endpoint,"Resolved producer, output/state, consumer, transformation owner, unit, witness, and fallback behavior.",06-design-discussion-representation-catalog.md:877-884;06-design-discussion-representation-catalog.md:904;07-design-discussion-burrow-composition-probe.md:184
backlog.catalog.91b31fca86d7,institution.sa.sama,owned_state,state.sa.sama.reserves,state_transition,"Source-backed transition, witness, owner, and conserved unit.",04-design-discussion-minimum-simulation-kernel.md:819-837;05-design-discussion-representation-bible.md:678-690;05-design-discussion-representation-bible.md:737-771
backlog.catalog.91b71774d52f,UNKNOWN,transmission,tx.economic_boundary.external_region.eastern_europe.financial_stress.external_region.global,endpoint,"Resolved producer, output/state, consumer, transformation owner, unit, witness, and fallback behavior.",04-design-discussion-minimum-simulation-kernel.md:819-837;05-design-discussion-representation-bible.md:678-690;05-design-discussion-representation-bible.md:737-771
backlog.catalog.91c0ebbaaec6,institution.eu.ecb,owned_state,state.eu.ecb.dollar_funding,state_transition,"Source-backed transition, witness, owner, and conserved unit.",04-design-discussion-minimum-simulation-kernel.md:819-837;05-design-discussion-representation-bible.md:678-690;05-design-discussion-representation-bible.md:737-771
backlog.catalog.92e09d7cf556,UNKNOWN,owned_state,state.external_region.east_asia.dollar_funding,state_transition,"Source-backed transition, witness, owner, and conserved unit.",04-design-discussion-minimum-simulation-kernel.md:819-837;05-design-discussion-representation-bible.md:678-690;05-design-discussion-representation-bible.md:737-771
backlog.catalog.93578b04335b,mechanism.flow.global.coffee,owned_state,queue.green_coffee_flow.delivery,state_transition,"Source-backed transition, witness, owner, and conserved unit.",06-design-discussion-representation-catalog.md:614
backlog.catalog.93db068e45e2,UNKNOWN,transmission,tx.facility_offers.to_burrow,endpoint,"Resolved producer, output/state, consumer, transformation owner, unit, witness, and fallback behavior.",06-design-discussion-representation-catalog.md:877-884;06-design-discussion-representation-catalog.md:904;07-design-discussion-burrow-composition-probe.md:190
backlog.catalog.93de3016a097,institution.ru.presidency,owned_state,state.ru.presidency.trade,state_transition,"Source-backed transition, witness, owner, and conserved unit.",04-design-discussion-minimum-simulation-kernel.md:819-837;05-design-discussion-representation-bible.md:678-690;05-design-discussion-representation-bible.md:737-771
backlog.catalog.947e796ac208,institution.sa.sama,owned_state,state.sa.sama.currency,state_transition,"Source-backed transition, witness, owner, and conserved unit.",04-design-discussion-minimum-simulation-kernel.md:819-837;05-design-discussion-representation-bible.md:678-690;05-design-discussion-representation-bible.md:737-771
backlog.catalog.9636f1dae2dc,inst.us.bank.burrow,transmission,tx.burrow.reports_and_claims.to_information,endpoint,"Resolved producer, output/state, consumer, transformation owner, unit, witness, and fallback behavior.",None
backlog.catalog.964a1de965e3,UNKNOWN,owned_state,state.external_region.eastern_europe.commodities,state_transition,"Source-backed transition, witness, owner, and conserved unit.",04-design-discussion-minimum-simulation-kernel.md:819-837;05-design-discussion-representation-bible.md:678-690;05-design-discussion-representation-bible.md:737-771
backlog.catalog.976fe1d48255,market.product.global.coffee,owned_state,state.green_coffee_market.clearing,state_transition,"Source-backed transition, witness, owner, and conserved unit.",06-design-discussion-representation-catalog.md:617
backlog.catalog.97917418ee15,UNKNOWN,relationship,rel.aggregates_into.external_region.east_asia.global,relationship,"Resolved subject, object, canonical owner, lifecycle, observability, and witness.",04-design-discussion-minimum-simulation-kernel.md:819-837;05-design-discussion-representation-bible.md:678-690;05-design-discussion-representation-bible.md:737-771
backlog.catalog.9894f0d98f65,UNKNOWN,owned_state,state.external_region.central_africa.reserves,state_transition,"Source-backed transition, witness, owner, and conserved unit.",04-design-discussion-minimum-simulation-kernel.md:819-837;05-design-discussion-representation-bible.md:678-690;05-design-discussion-representation-bible.md:737-771
backlog.catalog.98a724851756,industry.amazon_basin.coffee,owned_state,inventory.amazon_coffee.green_coffee,state_transition,"Source-backed transition, witness, owner, and conserved unit.",06-design-discussion-representation-catalog.md:607
backlog.catalog.98b7ffa9ab91,cohort.jp.banks,owned_state,state.jp.banks.financial_stress,state_transition,"Source-backed transition, witness, owner, and conserved unit.",04-design-discussion-minimum-simulation-kernel.md:819-837;05-design-discussion-representation-bible.md:678-690;05-design-discussion-representation-bible.md:737-771
backlog.catalog.98e070b0752b,UNKNOWN,transmission,tx.economic_boundary.external_region.latin_america.reserves.external_region.global,endpoint,"Resolved producer, output/state, consumer, transformation owner, unit, witness, and fallback behavior.",04-design-discussion-minimum-simulation-kernel.md:819-837;05-design-discussion-representation-bible.md:678-690;05-design-discussion-representation-bible.md:737-771
backlog.catalog.998732a8d08d,institution.cn.safe,transmission,tx.economic_boundary.cn.safe.reserves.external_region.east_asia,endpoint,"Resolved producer, output/state, consumer, transformation owner, unit, witness, and fallback behavior.",04-design-discussion-minimum-simulation-kernel.md:819-837;05-design-discussion-representation-bible.md:678-690;05-design-discussion-representation-bible.md:737-771
backlog.catalog.9b30d0196083,firm.sa.saudi_aramco,transmission,tx.economic_boundary.sa.saudi_aramco.commodities.external_region.gulf,endpoint,"Resolved producer, output/state, consumer, transformation owner, unit, witness, and fallback behavior.",04-design-discussion-minimum-simulation-kernel.md:819-837;05-design-discussion-representation-bible.md:678-690;05-design-discussion-representation-bible.md:737-771
backlog.catalog.9b62a6eac639,stateful.us.treasury.duration_supply,owned_state,state.treasury.duration_supply,state_transition,"Source-backed transition, witness, owner, and conserved unit.",04-design-discussion-minimum-simulation-kernel.md:173-184;04-design-discussion-minimum-simulation-kernel.md:215
backlog.catalog.9b83632ad0df,institution.sa.sovereign_funds,owned_state,state.sa.sovereign_funds.reserves,state_transition,"Source-backed transition, witness, owner, and conserved unit.",04-design-discussion-minimum-simulation-kernel.md:819-837;05-design-discussion-representation-bible.md:678-690;05-design-discussion-representation-bible.md:737-771
backlog.catalog.9b897da70529,mechanism.cross_border.chokepoint_shipping,transmission,tx.economic_boundary.cross_border.chokepoint_shipping.commodities.external_region.middle_east,endpoint,"Resolved producer, output/state, consumer, transformation owner, unit, witness, and fallback behavior.",04-design-discussion-minimum-simulation-kernel.md:819-837;05-design-discussion-representation-bible.md:678-690;05-design-discussion-representation-bible.md:737-771
backlog.catalog.9bc827445a76,UNKNOWN,owned_state,state.external_region.middle_east.financial_stress,state_transition,"Source-backed transition, witness, owner, and conserved unit.",04-design-discussion-minimum-simulation-kernel.md:819-837;05-design-discussion-representation-bible.md:678-690;05-design-discussion-representation-bible.md:737-771
backlog.catalog.9be3f14eac95,market.product.global.timber,owned_state,state.lumber_market.residual,state_transition,"Source-backed transition, witness, owner, and conserved unit.",06-design-discussion-representation-catalog.md:617
backlog.catalog.9cbceb492f6a,institution.qa.central_bank,owned_state,state.qa.central_bank.reserves,state_transition,"Source-backed transition, witness, owner, and conserved unit.",04-design-discussion-minimum-simulation-kernel.md:819-837;05-design-discussion-representation-bible.md:678-690;05-design-discussion-representation-bible.md:737-771
backlog.catalog.9cf43afca32e,inst.us.federal_reserve.new_york,relationship,rel.publication.nyfed_sofr,lifecycle,Source-backed effective period and exit conditions.,06-design-discussion-representation-catalog.md:1030-1043
backlog.catalog.9dbc0a895a6c,institution.cn.safe,transmission,tx.economic_boundary.cn.safe.currency.external_region.east_asia,endpoint,"Resolved producer, output/state, consumer, transformation owner, unit, witness, and fallback behavior.",04-design-discussion-minimum-simulation-kernel.md:819-837;05-design-discussion-representation-bible.md:678-690;05-design-discussion-representation-bible.md:737-771
backlog.catalog.9e1aa5eddbdb,UNKNOWN,transmission,tx.depositor_instructions.to_burrow,endpoint,"Resolved producer, output/state, consumer, transformation owner, unit, witness, and fallback behavior.",06-design-discussion-representation-catalog.md:877-884;06-design-discussion-representation-catalog.md:904;07-design-discussion-burrow-composition-probe.md:140;07-design-discussion-burrow-composition-probe.md:192
backlog.catalog.9e9a992d415a,body.us.federal_reserve.reserve_bank_boards,relationship,rel.governance.reserve_boards_other_banks,lifecycle,Source-backed effective period and exit conditions.,06-design-discussion-representation-catalog.md:257
backlog.catalog.9eb77046e6e3,legal.us.federal_reserve.section_13_3,transmission,tx.13_3.treasury.authorization,endpoint,"Resolved producer, output/state, consumer, transformation owner, unit, witness, and fallback behavior.",07-design-discussion-burrow-composition-probe.md:160-173
backlog.catalog.9f2458fd0a03,UNKNOWN,owned_state,state.external_region.latin_america.trade,state_transition,"Source-backed transition, witness, owner, and conserved unit.",04-design-discussion-minimum-simulation-kernel.md:819-837;05-design-discussion-representation-bible.md:678-690;05-design-discussion-representation-bible.md:737-771
backlog.catalog.9f5fd69e7cd8,UNKNOWN,transmission,tx.economic_boundary.external_region.aggregated_europe.currency.external_region.global,endpoint,"Resolved producer, output/state, consumer, transformation owner, unit, witness, and fallback behavior.",04-design-discussion-minimum-simulation-kernel.md:819-837;05-design-discussion-representation-bible.md:678-690;05-design-discussion-representation-bible.md:737-771
backlog.catalog.9f78b7c41def,institution.sg.mas,owned_state,state.sg.mas.currency,state_transition,"Source-backed transition, witness, owner, and conserved unit.",04-design-discussion-minimum-simulation-kernel.md:819-837;05-design-discussion-representation-bible.md:678-690;05-design-discussion-representation-bible.md:737-771
backlog.catalog.9faecd54c4f9,institution.qa.sovereign_funds,transmission,tx.economic_boundary.qa.sovereign_funds.dollar_funding.external_region.gulf,endpoint,"Resolved producer, output/state, consumer, transformation owner, unit, witness, and fallback behavior.",04-design-discussion-minimum-simulation-kernel.md:819-837;05-design-discussion-representation-bible.md:678-690;05-design-discussion-representation-bible.md:737-771
backlog.catalog.a03dc49e6da7,institution.us.community.reinvestment.advocates,relationship,rel.represents.community.reinvestment.advocates.low.income.underserved.borrowers,relationship,"Resolved subject, object, canonical owner, lifecycle, observability, and witness.",06-design-discussion-representation-catalog.md:310
backlog.catalog.a06849b6c994,institution.ir.central_bank,transmission,tx.economic_boundary.ir.central_bank.currency.external_region.middle_east,endpoint,"Resolved producer, output/state, consumer, transformation owner, unit, witness, and fallback behavior.",04-design-discussion-minimum-simulation-kernel.md:819-837;05-design-discussion-representation-bible.md:678-690;05-design-discussion-representation-bible.md:737-771
backlog.catalog.a098af626ce4,institution.ir.oil,owned_state,state.ir.oil.commodities,state_transition,"Source-backed transition, witness, owner, and conserved unit.",04-design-discussion-minimum-simulation-kernel.md:819-837;05-design-discussion-representation-bible.md:678-690;05-design-discussion-representation-bible.md:737-771
backlog.catalog.a0ad819f7f53,institution.fr.government,owned_state,state.fr.government.financial_stress,state_transition,"Source-backed transition, witness, owner, and conserved unit.",04-design-discussion-minimum-simulation-kernel.md:819-837;05-design-discussion-representation-bible.md:678-690;05-design-discussion-representation-bible.md:737-771
backlog.catalog.a0b2a1ca01d5,cohort.ru.energy_firms,transmission,tx.economic_boundary.ru.energy_firms.trade.external_region.eastern_europe,endpoint,"Resolved producer, output/state, consumer, transformation owner, unit, witness, and fallback behavior.",04-design-discussion-minimum-simulation-kernel.md:819-837;05-design-discussion-representation-bible.md:678-690;05-design-discussion-representation-bible.md:737-771
backlog.catalog.a17ebe90c868,institution.cn.party_leadership,transmission,tx.economic_boundary.cn.party_leadership.policy_stance.external_region.east_asia,endpoint,"Resolved producer, output/state, consumer, transformation owner, unit, witness, and fallback behavior.",04-design-discussion-minimum-simulation-kernel.md:819-837;05-design-discussion-representation-bible.md:678-690;05-design-discussion-representation-bible.md:737-771
backlog.catalog.a3fc4a992991,UNKNOWN,owned_state,state.external_region.east_asia.policy_stance,state_transition,"Source-backed transition, witness, owner, and conserved unit.",04-design-discussion-minimum-simulation-kernel.md:819-837;05-design-discussion-representation-bible.md:678-690;05-design-discussion-representation-bible.md:737-771
backlog.catalog.a40301cde8a0,UNKNOWN,owned_state,state.external_region.aggregated_europe.commodities,state_transition,"Source-backed transition, witness, owner, and conserved unit.",04-design-discussion-minimum-simulation-kernel.md:819-837;05-design-discussion-representation-bible.md:678-690;05-design-discussion-representation-bible.md:737-771
backlog.catalog.a5d8f13b3bd6,UNKNOWN,owned_state,state.external_region.east_asia.growth_demand,state_transition,"Source-backed transition, witness, owner, and conserved unit.",04-design-discussion-minimum-simulation-kernel.md:819-837;05-design-discussion-representation-bible.md:678-690;05-design-discussion-representation-bible.md:737-771
backlog.catalog.a647891a4be0,UNKNOWN,transmission,tx.economic_boundary.external_region.southeast_asia.growth_demand.external_region.global,endpoint,"Resolved producer, output/state, consumer, transformation owner, unit, witness, and fallback behavior.",04-design-discussion-minimum-simulation-kernel.md:819-837;05-design-discussion-representation-bible.md:678-690;05-design-discussion-representation-bible.md:737-771
backlog.catalog.a6ab0f1bf051,UNKNOWN,owned_state,state.external_region.central_africa.currency,state_transition,"Source-backed transition, witness, owner, and conserved unit.",04-design-discussion-minimum-simulation-kernel.md:819-837;05-design-discussion-representation-bible.md:678-690;05-design-discussion-representation-bible.md:737-771
backlog.catalog.a7bc3b6b5709,UNKNOWN,owned_state,state.external_region.middle_east.policy_stance,state_transition,"Source-backed transition, witness, owner, and conserved unit.",04-design-discussion-minimum-simulation-kernel.md:819-837;05-design-discussion-representation-bible.md:678-690;05-design-discussion-representation-bible.md:737-771
backlog.catalog.a873b2ddeec4,mechanism.us.ficc.sponsored_gcf_repo,owned_state,state.ficc.repo_clearing,state_transition,"Source-backed transition, witness, owner, and conserved unit.",06-design-discussion-representation-catalog.md:337
backlog.catalog.a89b783124c8,inst.us.bank.burrow,relationship,rel.burrow.operates_in_home_district,relationship,"Resolved subject, object, canonical owner, lifecycle, observability, and witness.",06-design-discussion-representation-catalog.md:872-876;06-design-discussion-representation-catalog.md:902
backlog.catalog.a8afb0a57280,inst.us.bank.burrow,transmission,tx.burrow.requests.to_payments,endpoint,"Resolved producer, output/state, consumer, transformation owner, unit, witness, and fallback behavior.",06-design-discussion-representation-catalog.md:881-884;07-design-discussion-burrow-composition-probe.md:191-192
backlog.catalog.a8ed5e3e5efa,UNKNOWN,owned_state,state.external_region.gulf.currency,state_transition,"Source-backed transition, witness, owner, and conserved unit.",04-design-discussion-minimum-simulation-kernel.md:819-837;05-design-discussion-representation-bible.md:678-690;05-design-discussion-representation-bible.md:737-771
backlog.catalog.a90ef0d1e31f,UNKNOWN,owned_state,state.external_region.aggregated_europe.currency,state_transition,"Source-backed transition, witness, owner, and conserved unit.",04-design-discussion-minimum-simulation-kernel.md:819-837;05-design-discussion-representation-bible.md:678-690;05-design-discussion-representation-bible.md:737-771
backlog.catalog.a9350836f9dc,mechanism.measurement.us.consumer_prices,transmission,tx.measurement.us_consumer_prices.pce_reference,endpoint,"Resolved producer, output/state, consumer, transformation owner, unit, witness, and fallback behavior.",06-design-discussion-representation-catalog.md:523;06-design-discussion-representation-catalog.md:683;05-design-discussion-representation-bible.md:317
backlog.catalog.a94291c3e0ad,UNKNOWN,transmission,tx.economic_boundary.external_region.gulf.reserves.external_region.global,endpoint,"Resolved producer, output/state, consumer, transformation owner, unit, witness, and fallback behavior.",04-design-discussion-minimum-simulation-kernel.md:819-837;05-design-discussion-representation-bible.md:678-690;05-design-discussion-representation-bible.md:737-771
backlog.catalog.a96a51f68df9,UNKNOWN,transmission,tx.economic_boundary.external_region.latin_america.commodities.external_region.global,endpoint,"Resolved producer, output/state, consumer, transformation owner, unit, witness, and fallback behavior.",04-design-discussion-minimum-simulation-kernel.md:819-837;05-design-discussion-representation-bible.md:678-690;05-design-discussion-representation-bible.md:737-771
backlog.catalog.a9cbe888c402,institution.it.government,owned_state,state.it.government.financial_stress,state_transition,"Source-backed transition, witness, owner, and conserved unit.",04-design-discussion-minimum-simulation-kernel.md:819-837;05-design-discussion-representation-bible.md:678-690;05-design-discussion-representation-bible.md:737-771
backlog.catalog.aa628b193b2b,inst.us.bank.burrow,entity_scope,inst.us.bank.burrow->UNKNOWN,scope,Resolved typed scope endpoint.,06-design-discussion-representation-catalog.md:819; intended subject: region.us.home_district
backlog.catalog.aaab5869f838,process.climate_agriculture.amazon_basin,transmission,tx.amazon_process.to_coffee,endpoint,"Resolved producer, output/state, consumer, transformation owner, unit, witness, and fallback behavior.",06-design-discussion-representation-catalog.md:649
backlog.catalog.ab2062876b15,market.product.global.timber,owned_state,state.lumber_market.failure,state_transition,"Source-backed transition, witness, owner, and conserved unit.",06-design-discussion-representation-catalog.md:617
backlog.catalog.ab232fa39e15,institution.jp.mof,transmission,tx.economic_boundary.jp.mof.currency.external_region.east_asia,endpoint,"Resolved producer, output/state, consumer, transformation owner, unit, witness, and fallback behavior.",04-design-discussion-minimum-simulation-kernel.md:819-837;05-design-discussion-representation-bible.md:678-690;05-design-discussion-representation-bible.md:737-771
backlog.catalog.abbec2a7f70e,institution.eu.national_central_banks,transmission,tx.economic_boundary.eu.national_central_banks.dollar_funding.external_region.aggregated_europe,endpoint,"Resolved producer, output/state, consumer, transformation owner, unit, witness, and fallback behavior.",04-design-discussion-minimum-simulation-kernel.md:819-837;05-design-discussion-representation-bible.md:678-690;05-design-discussion-representation-bible.md:737-771
backlog.catalog.abfdcfe7b11c,UNKNOWN,transmission,tx.economic_boundary.external_region.aggregated_europe.growth_demand.external_region.global,endpoint,"Resolved producer, output/state, consumer, transformation owner, unit, witness, and fallback behavior.",04-design-discussion-minimum-simulation-kernel.md:819-837;05-design-discussion-representation-bible.md:678-690;05-design-discussion-representation-bible.md:737-771
backlog.catalog.ad3f5ac5aa87,institution.sg.mas,owned_state,state.sg.mas.reserves,state_transition,"Source-backed transition, witness, owner, and conserved unit.",04-design-discussion-minimum-simulation-kernel.md:819-837;05-design-discussion-representation-bible.md:678-690;05-design-discussion-representation-bible.md:737-771
backlog.catalog.ad631e6fece9,institution.eu.ecb,transmission,tx.economic_boundary.eu.ecb.policy_stance.external_region.aggregated_europe,endpoint,"Resolved producer, output/state, consumer, transformation owner, unit, witness, and fallback behavior.",04-design-discussion-minimum-simulation-kernel.md:819-837;05-design-discussion-representation-bible.md:678-690;05-design-discussion-representation-bible.md:737-771
backlog.catalog.adccc3ea9c22,UNKNOWN,transmission,tx.economic_boundary.external_region.central_africa.reserves.external_region.global,endpoint,"Resolved producer, output/state, consumer, transformation owner, unit, witness, and fallback behavior.",04-design-discussion-minimum-simulation-kernel.md:819-837;05-design-discussion-representation-bible.md:678-690;05-design-discussion-representation-bible.md:737-771
backlog.catalog.ae4117859798,institution.il.bank_of_israel,owned_state,state.il.bank_of_israel.policy_stance,state_transition,"Source-backed transition, witness, owner, and conserved unit.",04-design-discussion-minimum-simulation-kernel.md:819-837;05-design-discussion-representation-bible.md:678-690;05-design-discussion-representation-bible.md:737-771
backlog.catalog.ae57e4c9292f,institution.ae.sovereign_funds,transmission,tx.economic_boundary.ae.sovereign_funds.dollar_funding.external_region.gulf,endpoint,"Resolved producer, output/state, consumer, transformation owner, unit, witness, and fallback behavior.",04-design-discussion-minimum-simulation-kernel.md:819-837;05-design-discussion-representation-bible.md:678-690;05-design-discussion-representation-bible.md:737-771
backlog.catalog.ae60507785a7,institution.cn.pboc,transmission,tx.economic_boundary.cn.pboc.policy_stance.external_region.east_asia,endpoint,"Resolved producer, output/state, consumer, transformation owner, unit, witness, and fallback behavior.",04-design-discussion-minimum-simulation-kernel.md:819-837;05-design-discussion-representation-bible.md:678-690;05-design-discussion-representation-bible.md:737-771
backlog.catalog.ae7c9daa0830,institution.sa.energy_ministry,owned_state,state.sa.energy_ministry.commodities,state_transition,"Source-backed transition, witness, owner, and conserved unit.",04-design-discussion-minimum-simulation-kernel.md:819-837;05-design-discussion-representation-bible.md:678-690;05-design-discussion-representation-bible.md:737-771
backlog.catalog.aeb97217756d,institution.uk.government,transmission,tx.economic_boundary.uk.government.policy_stance.external_region.aggregated_europe,endpoint,"Resolved producer, output/state, consumer, transformation owner, unit, witness, and fallback behavior.",04-design-discussion-minimum-simulation-kernel.md:819-837;05-design-discussion-representation-bible.md:678-690;05-design-discussion-representation-bible.md:737-771
backlog.catalog.aed18426a601,mechanism.measurement.us.consumer_prices,transmission,tx.measurement.us_consumer_prices.cpi_pce_references,endpoint,"Resolved producer, output/state, consumer, transformation owner, unit, witness, and fallback behavior.",06-design-discussion-representation-catalog.md:523;06-design-discussion-representation-catalog.md:683;05-design-discussion-representation-bible.md:317
backlog.catalog.af082c338b17,institution.eu.ecb,transmission,tx.economic_boundary.eu.ecb.currency.external_region.aggregated_europe,endpoint,"Resolved producer, output/state, consumer, transformation owner, unit, witness, and fallback behavior.",04-design-discussion-minimum-simulation-kernel.md:819-837;05-design-discussion-representation-bible.md:678-690;05-design-discussion-representation-bible.md:737-771
backlog.catalog.af5de4ecb970,UNKNOWN,transmission,tx.economic_boundary.external_region.latin_america.currency.external_region.global,endpoint,"Resolved producer, output/state, consumer, transformation owner, unit, witness, and fallback behavior.",04-design-discussion-minimum-simulation-kernel.md:819-837;05-design-discussion-representation-bible.md:678-690;05-design-discussion-representation-bible.md:737-771
backlog.catalog.af9e8fb4c49c,UNKNOWN,owned_state,state.external_region.central_africa.financial_stress,state_transition,"Source-backed transition, witness, owner, and conserved unit.",04-design-discussion-minimum-simulation-kernel.md:819-837;05-design-discussion-representation-bible.md:678-690;05-design-discussion-representation-bible.md:737-771
backlog.catalog.b03337b8c59c,legal.us.federal_reserve.section_13_3,relationship,rel.authority.13_3_treasury_consent,lifecycle,Source-backed effective period and exit conditions.,06-design-discussion-representation-catalog.md:1519-1521;07-design-discussion-burrow-composition-probe.md:160-173
backlog.catalog.b11e0c0d09c9,institution.it.government,transmission,tx.economic_boundary.it.government.financial_stress.external_region.aggregated_europe,endpoint,"Resolved producer, output/state, consumer, transformation owner, unit, witness, and fallback behavior.",04-design-discussion-minimum-simulation-kernel.md:819-837;05-design-discussion-representation-bible.md:678-690;05-design-discussion-representation-bible.md:737-771
backlog.catalog.b14a9ea885cd,mechanism.transform.global.timber_milling,owned_state,state.timber_milling.capacity,state_transition,"Source-backed transition, witness, owner, and conserved unit.",06-design-discussion-representation-catalog.md:610
backlog.catalog.b19deb63d535,cohort.sg.dollar_funding_banks,owned_state,state.sg.dollar_funding_banks.financial_stress,state_transition,"Source-backed transition, witness, owner, and conserved unit.",04-design-discussion-minimum-simulation-kernel.md:819-837;05-design-discussion-representation-bible.md:678-690;05-design-discussion-representation-bible.md:737-771
backlog.catalog.b262fcc459d9,process.climate_agriculture.amazon_basin,owned_state,state.amazon_process.fire,state_transition,"Source-backed transition, witness, owner, and conserved unit.",06-design-discussion-representation-catalog.md:605
backlog.catalog.b27d720c7e59,institution.us.realtors,relationship,rel.represents.realtors.real.estate.agents,relationship,"Resolved subject, object, canonical owner, lifecycle, observability, and witness.",06-design-discussion-representation-catalog.md:306
backlog.catalog.b2c05da02517,mechanism.flow.global.timber,owned_state,state.lumber_flow.capacity,state_transition,"Source-backed transition, witness, owner, and conserved unit.",06-design-discussion-representation-catalog.md:613
backlog.catalog.b2d2876cda73,institution.sg.shipping,owned_state,state.sg.shipping.trade,state_transition,"Source-backed transition, witness, owner, and conserved unit.",04-design-discussion-minimum-simulation-kernel.md:819-837;05-design-discussion-representation-bible.md:678-690;05-design-discussion-representation-bible.md:737-771
backlog.catalog.b302678be405,record.media.the_herd.large_fox_shop_cutting_10s,relationship,rel.sources.media.herd_cutting_10s.the_herd,relationship,"Resolved subject, object, canonical owner, lifecycle, observability, and witness.",task.md:742;task.md:796-805
backlog.catalog.b4059bf5666a,record.media.loonberg.ust_10y_auction_tail,relationship,rel.sources.media.loonberg_auction_tail.loonberg,relationship,"Resolved subject, object, canonical owner, lifecycle, observability, and witness.",task.md:731;task.md:796-805
backlog.catalog.b4ec3fce1fa9,inst.us.bank.burrow,relationship,rel.burrow.potential_acquirers,relationship,"Resolved subject, object, canonical owner, lifecycle, observability, and witness.",06-design-discussion-representation-catalog.md:872-876;06-design-discussion-representation-catalog.md:902
backlog.catalog.b62d5c18968c,firm.sa.saudi_aramco,owned_state,state.sa.saudi_aramco.commodities,state_transition,"Source-backed transition, witness, owner, and conserved unit.",04-design-discussion-minimum-simulation-kernel.md:819-837;05-design-discussion-representation-bible.md:678-690;05-design-discussion-representation-bible.md:737-771
backlog.catalog.b7b4d89d82d2,institution.uk.boe,transmission,tx.economic_boundary.uk.boe.financial_stress.external_region.aggregated_europe,endpoint,"Resolved producer, output/state, consumer, transformation owner, unit, witness, and fallback behavior.",04-design-discussion-minimum-simulation-kernel.md:819-837;05-design-discussion-representation-bible.md:678-690;05-design-discussion-representation-bible.md:737-771
backlog.catalog.b881cf56ac6d,institution.us.securities.industry.association,relationship,rel.represents.securities.industry.association.dealers.market.makers,relationship,"Resolved subject, object, canonical owner, lifecycle, observability, and witness.",06-design-discussion-representation-catalog.md:304
backlog.catalog.b88534a75dcd,institution.ru.central_bank,transmission,tx.economic_boundary.ru.central_bank.policy_stance.external_region.eastern_europe,endpoint,"Resolved producer, output/state, consumer, transformation owner, unit, witness, and fallback behavior.",04-design-discussion-minimum-simulation-kernel.md:819-837;05-design-discussion-representation-bible.md:678-690;05-design-discussion-representation-bible.md:737-771
backlog.catalog.b89a66b2d038,inst.us.bank.burrow,relationship,rel.burrow.chartered_by,relationship,"Resolved subject, object, canonical owner, lifecycle, observability, and witness.",06-design-discussion-representation-catalog.md:858;06-design-discussion-representation-catalog.md:872-876;06-design-discussion-representation-catalog.md:902
backlog.catalog.b8a507882474,institution.jp.boj,owned_state,state.jp.boj.financial_stress,state_transition,"Source-backed transition, witness, owner, and conserved unit.",04-design-discussion-minimum-simulation-kernel.md:819-837;05-design-discussion-representation-bible.md:678-690;05-design-discussion-representation-bible.md:737-771
backlog.catalog.b8f18a4fadcc,industry.amazon_basin.coffee,owned_state,state.amazon_coffee.employment,state_transition,"Source-backed transition, witness, owner, and conserved unit.",06-design-discussion-representation-catalog.md:607
backlog.catalog.b90c7e4921f6,industry.amazon_basin.pork,relationship,rel.amazon_pork.operates_in_basin,lifecycle,Source-backed effective period and exit conditions.,06-design-discussion-representation-catalog.md:737
backlog.catalog.b946a3e2645f,UNKNOWN,relationship,rel.aggregates_into.external_region.central_africa.global,relationship,"Resolved subject, object, canonical owner, lifecycle, observability, and witness.",04-design-discussion-minimum-simulation-kernel.md:819-837;05-design-discussion-representation-bible.md:678-690;05-design-discussion-representation-bible.md:737-771
backlog.catalog.b9d4bede5228,institution.il.bank_of_israel,transmission,tx.economic_boundary.il.bank_of_israel.policy_stance.external_region.middle_east,endpoint,"Resolved producer, output/state, consumer, transformation owner, unit, witness, and fallback behavior.",04-design-discussion-minimum-simulation-kernel.md:819-837;05-design-discussion-representation-bible.md:678-690;05-design-discussion-representation-bible.md:737-771
backlog.catalog.ba44fdc3b97a,institution.eu.ecb,owned_state,state.eu.ecb.financial_stress,state_transition,"Source-backed transition, witness, owner, and conserved unit.",04-design-discussion-minimum-simulation-kernel.md:819-837;05-design-discussion-representation-bible.md:678-690;05-design-discussion-representation-bible.md:737-771
backlog.catalog.ba63e808da73,body.il.cabinet,action_domain,policy_stance,owner_or_content,Resolved owner and source-backed action contract.,04-design-discussion-minimum-simulation-kernel.md:819-837;05-design-discussion-representation-bible.md:678-690;05-design-discussion-representation-bible.md:737-771
backlog.catalog.bc5fa8a38e6a,institution.uk.government,owned_state,state.uk.government.trade,state_transition,"Source-backed transition, witness, owner, and conserved unit.",04-design-discussion-minimum-simulation-kernel.md:819-837;05-design-discussion-representation-bible.md:678-690;05-design-discussion-representation-bible.md:737-771
backlog.catalog.bc6648635a0e,institution.il.security,transmission,tx.economic_boundary.il.security.commodities.external_region.middle_east,endpoint,"Resolved producer, output/state, consumer, transformation owner, unit, witness, and fallback behavior.",04-design-discussion-minimum-simulation-kernel.md:819-837;05-design-discussion-representation-bible.md:678-690;05-design-discussion-representation-bible.md:737-771
backlog.catalog.bc8a7876bbbe,UNKNOWN,transmission,tx.economic_boundary.external_region.southeast_asia.policy_stance.external_region.global,endpoint,"Resolved producer, output/state, consumer, transformation owner, unit, witness, and fallback behavior.",04-design-discussion-minimum-simulation-kernel.md:819-837;05-design-discussion-representation-bible.md:678-690;05-design-discussion-representation-bible.md:737-771
backlog.catalog.bc9f7b4a453d,mechanism.flow.global.pork,owned_state,state.pork_flow.cold_chain,state_transition,"Source-backed transition, witness, owner, and conserved unit.",06-design-discussion-representation-catalog.md:615
backlog.catalog.be65da2be424,institution.ru.presidency,transmission,tx.economic_boundary.ru.presidency.trade.external_region.eastern_europe,endpoint,"Resolved producer, output/state, consumer, transformation owner, unit, witness, and fallback behavior.",04-design-discussion-minimum-simulation-kernel.md:819-837;05-design-discussion-representation-bible.md:678-690;05-design-discussion-representation-bible.md:737-771
backlog.catalog.be835912b460,institution.sg.mas,owned_state,state.sg.mas.policy_stance,state_transition,"Source-backed transition, witness, owner, and conserved unit.",04-design-discussion-minimum-simulation-kernel.md:819-837;05-design-discussion-representation-bible.md:678-690;05-design-discussion-representation-bible.md:737-771
backlog.catalog.bf151f8ba107,UNKNOWN,transmission,tx.economic_boundary.external_region.southeast_asia.financial_stress.external_region.global,endpoint,"Resolved producer, output/state, consumer, transformation owner, unit, witness, and fallback behavior.",04-design-discussion-minimum-simulation-kernel.md:819-837;05-design-discussion-representation-bible.md:678-690;05-design-discussion-representation-bible.md:737-771
backlog.catalog.bfd93403f1d6,institution.ae.sovereign_funds,owned_state,state.ae.sovereign_funds.dollar_funding,state_transition,"Source-backed transition, witness, owner, and conserved unit.",04-design-discussion-minimum-simulation-kernel.md:819-837;05-design-discussion-representation-bible.md:678-690;05-design-discussion-representation-bible.md:737-771
backlog.catalog.c0ef289fbbe0,institution.cn.policy_banks,transmission,tx.economic_boundary.cn.policy_banks.dollar_funding.external_region.east_asia,endpoint,"Resolved producer, output/state, consumer, transformation owner, unit, witness, and fallback behavior.",04-design-discussion-minimum-simulation-kernel.md:819-837;05-design-discussion-representation-bible.md:678-690;05-design-discussion-representation-bible.md:737-771
backlog.catalog.c15bda8e892e,institution.ir.central_bank,owned_state,state.ir.central_bank.reserves,state_transition,"Source-backed transition, witness, owner, and conserved unit.",04-design-discussion-minimum-simulation-kernel.md:819-837;05-design-discussion-representation-bible.md:678-690;05-design-discussion-representation-bible.md:737-771
backlog.catalog.c16311b642b7,auth.us.primary_dealer_designation,relationship,rel.designation.primary_dealers,lifecycle,Source-backed effective period and exit conditions.,06-design-discussion-representation-catalog.md:278;06-design-discussion-representation-catalog.md:378
backlog.catalog.c2155ba030cd,facility.us.federal_reserve.srf,owned_state,state.srf.take_up,state_transition,"Source-backed transition, witness, owner, and conserved unit.",06-design-discussion-representation-catalog.md:1005-1016
backlog.catalog.c22e04f5b718,industry.amazon_basin.forestry,relationship,rel.amazon_forestry.extraction_right,lifecycle,Source-backed effective period and exit conditions.,06-design-discussion-representation-catalog.md:648
backlog.catalog.c2399005809a,body.us.federal_reserve.fomc,transmission,tx.fomc.directive.ny_markets,endpoint,"Resolved producer, output/state, consumer, transformation owner, unit, witness, and fallback behavior.",07-design-discussion-burrow-composition-probe.md:144;07-design-discussion-burrow-composition-probe.md:150-153
backlog.catalog.c2a2c8283b32,UNKNOWN,transmission,tx.economic_boundary.external_region.east_asia.dollar_funding.external_region.global,endpoint,"Resolved producer, output/state, consumer, transformation owner, unit, witness, and fallback behavior.",04-design-discussion-minimum-simulation-kernel.md:819-837;05-design-discussion-representation-bible.md:678-690;05-design-discussion-representation-bible.md:737-771
backlog.catalog.c312994a5cf7,institution.ae.energy_companies,transmission,tx.economic_boundary.ae.energy_companies.commodities.external_region.gulf,endpoint,"Resolved producer, output/state, consumer, transformation owner, unit, witness, and fallback behavior.",04-design-discussion-minimum-simulation-kernel.md:819-837;05-design-discussion-representation-bible.md:678-690;05-design-discussion-representation-bible.md:737-771
backlog.catalog.c3197c907a25,institution.cn.pboc,owned_state,state.cn.pboc.currency,state_transition,"Source-backed transition, witness, owner, and conserved unit.",04-design-discussion-minimum-simulation-kernel.md:819-837;05-design-discussion-representation-bible.md:678-690;05-design-discussion-representation-bible.md:737-771
backlog.catalog.c32dc6838c36,institution.media.loonberg,relationship,rel.operates.media.loonberg_company.loonberg,relationship,"Resolved subject, object, canonical owner, lifecycle, observability, and witness.",06-design-discussion-representation-catalog.md:371;05-design-discussion-representation-bible.md:1691
backlog.catalog.c3303044dad8,UNKNOWN,transmission,tx.economic_boundary.external_region.central_africa.trade.external_region.global,endpoint,"Resolved producer, output/state, consumer, transformation owner, unit, witness, and fallback behavior.",04-design-discussion-minimum-simulation-kernel.md:819-837;05-design-discussion-representation-bible.md:678-690;05-design-discussion-representation-bible.md:737-771
backlog.catalog.c33a54682179,institution.sa.sovereign_funds,transmission,tx.economic_boundary.sa.sovereign_funds.dollar_funding.external_region.gulf,endpoint,"Resolved producer, output/state, consumer, transformation owner, unit, witness, and fallback behavior.",04-design-discussion-minimum-simulation-kernel.md:819-837;05-design-discussion-representation-bible.md:678-690;05-design-discussion-representation-bible.md:737-771
backlog.catalog.c53797b5e1c1,mechanism.measurement.us.consumer_prices,transmission,tx.us_prices.to_cpi_pce_references,endpoint,"Resolved producer, output/state, consumer, transformation owner, unit, witness, and fallback behavior.",06-design-discussion-representation-catalog.md:683
backlog.catalog.c54ecfcdb025,mechanism.transform.global.hogs_slaughter,owned_state,state.hogs_slaughter.capacity,state_transition,"Source-backed transition, witness, owner, and conserved unit.",06-design-discussion-representation-catalog.md:612
backlog.catalog.c55dd836232c,institution.il.bank_of_israel,transmission,tx.economic_boundary.il.bank_of_israel.reserves.external_region.middle_east,endpoint,"Resolved producer, output/state, consumer, transformation owner, unit, witness, and fallback behavior.",04-design-discussion-minimum-simulation-kernel.md:819-837;05-design-discussion-representation-bible.md:678-690;05-design-discussion-representation-bible.md:737-771
backlog.catalog.c5ca4705f479,UNKNOWN,owned_state,state.external_region.southeast_asia.policy_stance,state_transition,"Source-backed transition, witness, owner, and conserved unit.",04-design-discussion-minimum-simulation-kernel.md:819-837;05-design-discussion-representation-bible.md:678-690;05-design-discussion-representation-bible.md:737-771
backlog.catalog.c65be03b57b1,institution.eu.ecb,owned_state,state.eu.ecb.policy_stance,state_transition,"Source-backed transition, witness, owner, and conserved unit.",04-design-discussion-minimum-simulation-kernel.md:819-837;05-design-discussion-representation-bible.md:678-690;05-design-discussion-representation-bible.md:737-771
backlog.catalog.c6a81adf76ee,UNKNOWN,owned_state,state.external_region.central_africa.commodities,state_transition,"Source-backed transition, witness, owner, and conserved unit.",04-design-discussion-minimum-simulation-kernel.md:819-837;05-design-discussion-representation-bible.md:678-690;05-design-discussion-representation-bible.md:737-771
backlog.catalog.c7188997220b,institution.ir.oil,owned_state,state.ir.oil.trade,state_transition,"Source-backed transition, witness, owner, and conserved unit.",04-design-discussion-minimum-simulation-kernel.md:819-837;05-design-discussion-representation-bible.md:678-690;05-design-discussion-representation-bible.md:737-771
backlog.catalog.c75498d88911,institution.eu.ecb,transmission,tx.economic_boundary.eu.ecb.dollar_funding.external_region.aggregated_europe,endpoint,"Resolved producer, output/state, consumer, transformation owner, unit, witness, and fallback behavior.",04-design-discussion-minimum-simulation-kernel.md:819-837;05-design-discussion-representation-bible.md:678-690;05-design-discussion-representation-bible.md:737-771
backlog.catalog.c779c6c57970,cohort.jp.pensions,owned_state,state.jp.pensions.financial_stress,state_transition,"Source-backed transition, witness, owner, and conserved unit.",04-design-discussion-minimum-simulation-kernel.md:819-837;05-design-discussion-representation-bible.md:678-690;05-design-discussion-representation-bible.md:737-771
backlog.catalog.c78df9b528da,cohort.jp.insurers,transmission,tx.economic_boundary.jp.insurers.reserves.external_region.east_asia,endpoint,"Resolved producer, output/state, consumer, transformation owner, unit, witness, and fallback behavior.",04-design-discussion-minimum-simulation-kernel.md:819-837;05-design-discussion-representation-bible.md:678-690;05-design-discussion-representation-bible.md:737-771
backlog.catalog.c96fe0ac5624,office.media.gnbc.anchor_chair,relationship,rel.belongs_to.media.gnbc_anchor_chair.gnbc,relationship,"Resolved subject, object, canonical owner, lifecycle, observability, and witness.",06-design-discussion-representation-catalog.md:1551;06-design-discussion-representation-catalog.md:1689
backlog.catalog.ca91dade88b7,UNKNOWN,transmission,tx.economic_boundary.external_region.eastern_europe.policy_stance.external_region.global,endpoint,"Resolved producer, output/state, consumer, transformation owner, unit, witness, and fallback behavior.",04-design-discussion-minimum-simulation-kernel.md:819-837;05-design-discussion-representation-bible.md:678-690;05-design-discussion-representation-bible.md:737-771
backlog.catalog.caad04c88469,institution.us.bls,relationship,rel.publishes.us.bls.cpi,relationship,"Resolved subject, object, canonical owner, lifecycle, observability, and witness.",06-design-discussion-representation-catalog.md:1043;05-design-discussion-representation-bible.md:183;05-design-discussion-representation-bible.md:317
backlog.catalog.caad73af5ebf,body.us.federal_reserve.fomc,relationship,rel.schedule.fomc,lifecycle,Source-backed effective period and exit conditions.,06-design-discussion-representation-catalog.md:377;07-design-discussion-burrow-composition-probe.md:171
backlog.catalog.cbed78de895d,UNKNOWN,owned_state,state.external_region.eastern_europe.financial_stress,state_transition,"Source-backed transition, witness, owner, and conserved unit.",04-design-discussion-minimum-simulation-kernel.md:819-837;05-design-discussion-representation-bible.md:678-690;05-design-discussion-representation-bible.md:737-771
backlog.catalog.cc2ff4a94094,institution.uk.dmo,owned_state,state.uk.dmo.financial_stress,state_transition,"Source-backed transition, witness, owner, and conserved unit.",04-design-discussion-minimum-simulation-kernel.md:819-837;05-design-discussion-representation-bible.md:678-690;05-design-discussion-representation-bible.md:737-771
backlog.catalog.ccb792bc3c37,institution.eu.member_governments,transmission,tx.economic_boundary.eu.member_governments.policy_stance.external_region.aggregated_europe,endpoint,"Resolved producer, output/state, consumer, transformation owner, unit, witness, and fallback behavior.",04-design-discussion-minimum-simulation-kernel.md:819-837;05-design-discussion-representation-bible.md:678-690;05-design-discussion-representation-bible.md:737-771
backlog.catalog.ccd08257a85c,institution.uk.dmo,owned_state,state.uk.dmo.dollar_funding,state_transition,"Source-backed transition, witness, owner, and conserved unit.",04-design-discussion-minimum-simulation-kernel.md:819-837;05-design-discussion-representation-bible.md:678-690;05-design-discussion-representation-bible.md:737-771
backlog.catalog.ccf8ad8d21f3,outlet.media.aftv,transmission,tx.media.aftv.mass_public_belief,endpoint,"Resolved producer, output/state, consumer, transformation owner, unit, witness, and fallback behavior.",task.md:820-826;04-design-discussion-minimum-simulation-kernel.md:52-56
backlog.catalog.cd783a5eb7aa,UNKNOWN,owned_state,state.external_region.eastern_europe.growth_demand,state_transition,"Source-backed transition, witness, owner, and conserved unit.",04-design-discussion-minimum-simulation-kernel.md:819-837;05-design-discussion-representation-bible.md:678-690;05-design-discussion-representation-bible.md:737-771
backlog.catalog.cdeb7ab92900,UNKNOWN,owned_state,state.external_region.middle_east.dollar_funding,state_transition,"Source-backed transition, witness, owner, and conserved unit.",04-design-discussion-minimum-simulation-kernel.md:819-837;05-design-discussion-representation-bible.md:678-690;05-design-discussion-representation-bible.md:737-771
backlog.catalog.ce21e7dd11a5,outlet.media.gnbc,transmission,tx.media.gnbc.mass_public_belief,endpoint,"Resolved producer, output/state, consumer, transformation owner, unit, witness, and fallback behavior.",task.md:820-826;04-design-discussion-minimum-simulation-kernel.md:52-56
backlog.catalog.ce6439debe54,UNKNOWN,transmission,tx.economic_boundary.external_region.gulf.trade.external_region.global,endpoint,"Resolved producer, output/state, consumer, transformation owner, unit, witness, and fallback behavior.",04-design-discussion-minimum-simulation-kernel.md:819-837;05-design-discussion-representation-bible.md:678-690;05-design-discussion-representation-bible.md:737-771
backlog.catalog.cfc9b3ae0322,firm.sa.saudi_aramco,owned_state,state.sa.saudi_aramco.trade,state_transition,"Source-backed transition, witness, owner, and conserved unit.",04-design-discussion-minimum-simulation-kernel.md:819-837;05-design-discussion-representation-bible.md:678-690;05-design-discussion-representation-bible.md:737-771
backlog.catalog.d04f409468f1,UNKNOWN,transmission,tx.economic_boundary.external_region.east_asia.reserves.external_region.global,endpoint,"Resolved producer, output/state, consumer, transformation owner, unit, witness, and fallback behavior.",04-design-discussion-minimum-simulation-kernel.md:819-837;05-design-discussion-representation-bible.md:678-690;05-design-discussion-representation-bible.md:737-771
backlog.catalog.d0ca9547f66e,UNKNOWN,transmission,tx.economic_boundary.external_region.latin_america.financial_stress.external_region.global,endpoint,"Resolved producer, output/state, consumer, transformation owner, unit, witness, and fallback behavior.",04-design-discussion-minimum-simulation-kernel.md:819-837;05-design-discussion-representation-bible.md:678-690;05-design-discussion-representation-bible.md:737-771
backlog.catalog.d15428d889a9,institution.qa.sovereign_funds,owned_state,state.qa.sovereign_funds.dollar_funding,state_transition,"Source-backed transition, witness, owner, and conserved unit.",04-design-discussion-minimum-simulation-kernel.md:819-837;05-design-discussion-representation-bible.md:678-690;05-design-discussion-representation-bible.md:737-771
backlog.catalog.d158ed16432a,industry.amazon_basin.pork,owned_state,state.amazon_hogs.employment,state_transition,"Source-backed transition, witness, owner, and conserved unit.",06-design-discussion-representation-catalog.md:609
backlog.catalog.d18e54a8a769,market.product.global.pork,owned_state,state.pork_market.clearing,state_transition,"Source-backed transition, witness, owner, and conserved unit.",06-design-discussion-representation-catalog.md:617
backlog.catalog.d1db33da0f90,agreement.us.repo.bilateral,owned_state,state.repo.contract_terms,state_transition,"Source-backed transition, witness, owner, and conserved unit.",06-design-discussion-representation-catalog.md:335;06-design-discussion-representation-catalog.md:1182
backlog.catalog.d23f5cac54f1,industry.amazon_basin.pork,owned_state,inventory.amazon_hogs.live_hogs,state_transition,"Source-backed transition, witness, owner, and conserved unit.",06-design-discussion-representation-catalog.md:609
backlog.catalog.d4c06c4ff24b,UNKNOWN,transmission,tx.economic_boundary.external_region.aggregated_europe.dollar_funding.external_region.global,endpoint,"Resolved producer, output/state, consumer, transformation owner, unit, witness, and fallback behavior.",04-design-discussion-minimum-simulation-kernel.md:819-837;05-design-discussion-representation-bible.md:678-690;05-design-discussion-representation-bible.md:737-771
backlog.catalog.d5405e379efe,institution.ae.energy_companies,owned_state,state.ae.energy_companies.trade,state_transition,"Source-backed transition, witness, owner, and conserved unit.",04-design-discussion-minimum-simulation-kernel.md:819-837;05-design-discussion-representation-bible.md:678-690;05-design-discussion-representation-bible.md:737-771
backlog.catalog.d5f49d76a902,market.product.global.timber,owned_state,state.lumber_market.orders,state_transition,"Source-backed transition, witness, owner, and conserved unit.",06-design-discussion-representation-catalog.md:617
backlog.catalog.d6bc693a567a,process.climate_agriculture.amazon_basin,owned_state,state.amazon_process.recovery,state_transition,"Source-backed transition, witness, owner, and conserved unit.",06-design-discussion-representation-catalog.md:605
backlog.catalog.d7971e578c2e,facility.us.federal_reserve.srf,owned_state,state.srf.terms,state_transition,"Source-backed transition, witness, owner, and conserved unit.",06-design-discussion-representation-catalog.md:1005-1016
backlog.catalog.d845b6ed5017,UNKNOWN,owned_state,state.external_region.aggregated_europe.reserves,state_transition,"Source-backed transition, witness, owner, and conserved unit.",04-design-discussion-minimum-simulation-kernel.md:819-837;05-design-discussion-representation-bible.md:678-690;05-design-discussion-representation-bible.md:737-771
backlog.catalog.d87d5044e199,industry.amazon_basin.forestry,owned_state,account.amazon_forestry.finance,state_transition,"Source-backed transition, witness, owner, and conserved unit.",06-design-discussion-representation-catalog.md:606
backlog.catalog.d97b7d34e9a2,UNKNOWN,transmission,tx.economic_boundary.external_region.central_africa.growth_demand.external_region.global,endpoint,"Resolved producer, output/state, consumer, transformation owner, unit, witness, and fallback behavior.",04-design-discussion-minimum-simulation-kernel.md:819-837;05-design-discussion-representation-bible.md:678-690;05-design-discussion-representation-bible.md:737-771
backlog.catalog.d97b8437c2db,institution.us.small.business.federation,relationship,rel.represents.small.business.federation.small.firms,relationship,"Resolved subject, object, canonical owner, lifecycle, observability, and witness.",06-design-discussion-representation-catalog.md:308
backlog.catalog.d99cf37009a9,UNKNOWN,owned_state,state.external_region.central_africa.trade,state_transition,"Source-backed transition, witness, owner, and conserved unit.",04-design-discussion-minimum-simulation-kernel.md:819-837;05-design-discussion-representation-bible.md:678-690;05-design-discussion-representation-bible.md:737-771
backlog.catalog.da2687b3baa6,cohort.eu.exposed_banks,transmission,tx.economic_boundary.eu.exposed_banks.financial_stress.external_region.aggregated_europe,endpoint,"Resolved producer, output/state, consumer, transformation owner, unit, witness, and fallback behavior.",04-design-discussion-minimum-simulation-kernel.md:819-837;05-design-discussion-representation-bible.md:678-690;05-design-discussion-representation-bible.md:737-771
backlog.catalog.da40953c9694,cohort.jp.pensions,transmission,tx.economic_boundary.jp.pensions.reserves.external_region.east_asia,endpoint,"Resolved producer, output/state, consumer, transformation owner, unit, witness, and fallback behavior.",04-design-discussion-minimum-simulation-kernel.md:819-837;05-design-discussion-representation-bible.md:678-690;05-design-discussion-representation-bible.md:737-771
backlog.catalog.dac7beb7bc21,inst.us.treasury,transmission,tx.issuance.treasury.duration_supply,endpoint,"Resolved producer, output/state, consumer, transformation owner, unit, witness, and fallback behavior.",04-design-discussion-minimum-simulation-kernel.md:173-184;04-design-discussion-minimum-simulation-kernel.md:215
backlog.catalog.daf4c2e76361,record.media.goosetogetherstrong.margin_call,relationship,rel.sources.media.goose_margin_call.goosetogetherstrong,relationship,"Resolved subject, object, canonical owner, lifecycle, observability, and witness.",task.md:775;task.md:796-805
backlog.catalog.db61988e5d2b,institution.sg.sovereign_funds,transmission,tx.economic_boundary.sg.sovereign_funds.dollar_funding.external_region.southeast_asia,endpoint,"Resolved producer, output/state, consumer, transformation owner, unit, witness, and fallback behavior.",04-design-discussion-minimum-simulation-kernel.md:819-837;05-design-discussion-representation-bible.md:678-690;05-design-discussion-representation-bible.md:737-771
backlog.catalog.db67b3334ef4,institution.qa.central_bank,owned_state,state.qa.central_bank.currency,state_transition,"Source-backed transition, witness, owner, and conserved unit.",04-design-discussion-minimum-simulation-kernel.md:819-837;05-design-discussion-representation-bible.md:678-690;05-design-discussion-representation-bible.md:737-771
backlog.catalog.dcdd2021c49b,mechanism.flow.global.pork,owned_state,state.pork_flow.capacity,state_transition,"Source-backed transition, witness, owner, and conserved unit.",06-design-discussion-representation-catalog.md:615
backlog.catalog.ddc357dedd95,institution.cn.military,owned_state,state.cn.military.trade,state_transition,"Source-backed transition, witness, owner, and conserved unit.",04-design-discussion-minimum-simulation-kernel.md:819-837;05-design-discussion-representation-bible.md:678-690;05-design-discussion-representation-bible.md:737-771
backlog.catalog.dded9846f411,cohort.jp.banks,transmission,tx.economic_boundary.jp.banks.dollar_funding.external_region.east_asia,endpoint,"Resolved producer, output/state, consumer, transformation owner, unit, witness, and fallback behavior.",04-design-discussion-minimum-simulation-kernel.md:819-837;05-design-discussion-representation-bible.md:678-690;05-design-discussion-representation-bible.md:737-771
backlog.catalog.de1b1459e72f,UNKNOWN,transmission,tx.economic_boundary.external_region.eastern_europe.commodities.external_region.global,endpoint,"Resolved producer, output/state, consumer, transformation owner, unit, witness, and fallback behavior.",04-design-discussion-minimum-simulation-kernel.md:819-837;05-design-discussion-representation-bible.md:678-690;05-design-discussion-representation-bible.md:737-771
backlog.catalog.de63f11cf8c3,inst.us.bank.burrow,transmission,tx.burrow.requests.to_facilities,endpoint,"Resolved producer, output/state, consumer, transformation owner, unit, witness, and fallback behavior.",06-design-discussion-representation-catalog.md:881-884;07-design-discussion-burrow-composition-probe.md:191;07-design-discussion-burrow-composition-probe.md:311
backlog.catalog.df4c22d8a0f4,mechanism.transform.global.hogs_slaughter,relationship,rel.hogs_slaughter.supplied_by_amazon_hogs,relationship,"Resolved subject, object, canonical owner, lifecycle, observability, and witness.",06-design-discussion-representation-catalog.md:739
backlog.catalog.e08abee363e2,process.climate_agriculture.amazon_basin,owned_state,inventory.amazon_process.standing_biomass,state_transition,"Source-backed transition, witness, owner, and conserved unit.",06-design-discussion-representation-catalog.md:605
backlog.catalog.e0af49fdf7d0,inst.us.treasury,owned_state,state.treasury.issuance_schedule,state_transition,"Source-backed transition, witness, owner, and conserved unit.",04-design-discussion-minimum-simulation-kernel.md:215
backlog.catalog.e0b36e7ef7bf,UNKNOWN,owned_state,state.external_region.east_asia.commodities,state_transition,"Source-backed transition, witness, owner, and conserved unit.",04-design-discussion-minimum-simulation-kernel.md:819-837;05-design-discussion-representation-bible.md:678-690;05-design-discussion-representation-bible.md:737-771
backlog.catalog.e1052b9ea240,body.us.federal_reserve.fomc,relationship,rel.governance.fomc_federal_reserve,lifecycle,Source-backed effective period and exit conditions.,06-design-discussion-representation-catalog.md:255;06-design-discussion-representation-catalog.md:269
backlog.catalog.e127bba39019,institution.cn.policy_banks,transmission,tx.economic_boundary.cn.policy_banks.financial_stress.external_region.east_asia,endpoint,"Resolved producer, output/state, consumer, transformation owner, unit, witness, and fallback behavior.",04-design-discussion-minimum-simulation-kernel.md:819-837;05-design-discussion-representation-bible.md:678-690;05-design-discussion-representation-bible.md:737-771
backlog.catalog.e1385163547d,institution.us.retiree.association.aarp.analogue,relationship,rel.represents.retiree.association.near.retirees,relationship,"Resolved subject, object, canonical owner, lifecycle, observability, and witness.",06-design-discussion-representation-catalog.md:307
backlog.catalog.e1d6dc96cf53,institution.sg.mas,transmission,tx.economic_boundary.sg.mas.reserves.external_region.southeast_asia,endpoint,"Resolved producer, output/state, consumer, transformation owner, unit, witness, and fallback behavior.",04-design-discussion-minimum-simulation-kernel.md:819-837;05-design-discussion-representation-bible.md:678-690;05-design-discussion-representation-bible.md:737-771
backlog.catalog.e23e9bc7866a,UNKNOWN,owned_state,state.external_region.aggregated_europe.financial_stress,state_transition,"Source-backed transition, witness, owner, and conserved unit.",04-design-discussion-minimum-simulation-kernel.md:819-837;05-design-discussion-representation-bible.md:678-690;05-design-discussion-representation-bible.md:737-771
backlog.catalog.e2506dcd051f,adapter.input.amazon_basin.feed_grain,owned_state,inventory.amazon_feed.feed_grain,state_transition,"Source-backed transition, witness, owner, and conserved unit.",06-design-discussion-representation-catalog.md:608
backlog.catalog.e265883c2526,institution.ir.oil,transmission,tx.economic_boundary.ir.oil.commodities.external_region.middle_east,endpoint,"Resolved producer, output/state, consumer, transformation owner, unit, witness, and fallback behavior.",04-design-discussion-minimum-simulation-kernel.md:819-837;05-design-discussion-representation-bible.md:678-690;05-design-discussion-representation-bible.md:737-771
backlog.catalog.e284f6c2bca0,UNKNOWN,owned_state,state.external_region.east_asia.reserves,state_transition,"Source-backed transition, witness, owner, and conserved unit.",04-design-discussion-minimum-simulation-kernel.md:819-837;05-design-discussion-representation-bible.md:678-690;05-design-discussion-representation-bible.md:737-771
backlog.catalog.e361fbe90a28,institution.ru.central_bank,owned_state,state.ru.central_bank.policy_stance,state_transition,"Source-backed transition, witness, owner, and conserved unit.",04-design-discussion-minimum-simulation-kernel.md:819-837;05-design-discussion-representation-bible.md:678-690;05-design-discussion-representation-bible.md:737-771
backlog.catalog.e42eb037a5df,cohort.uk.pensions,owned_state,state.uk.pensions.financial_stress,state_transition,"Source-backed transition, witness, owner, and conserved unit.",04-design-discussion-minimum-simulation-kernel.md:819-837;05-design-discussion-representation-bible.md:678-690;05-design-discussion-representation-bible.md:737-771
backlog.catalog.e50acfc8ecbb,mechanism.measurement.us.consumer_prices,entity_scope,mechanism.measurement.us.consumer_prices->UNKNOWN,scope,Resolved typed scope endpoint.,06-design-discussion-representation-catalog.md:523
backlog.catalog.e526c2299b00,institution.cn.party_leadership,transmission,tx.economic_boundary.cn.party_leadership.trade.external_region.east_asia,endpoint,"Resolved producer, output/state, consumer, transformation owner, unit, witness, and fallback behavior.",04-design-discussion-minimum-simulation-kernel.md:819-837;05-design-discussion-representation-bible.md:678-690;05-design-discussion-representation-bible.md:737-771
backlog.catalog.e5b88e50df21,adapter.input.amazon_basin.feed_grain,owned_state,account.amazon_feed.external_source,state_transition,"Source-backed transition, witness, owner, and conserved unit.",06-design-discussion-representation-catalog.md:608
backlog.catalog.e652959329a5,institution.eu.member_governments,transmission,tx.economic_boundary.eu.member_governments.financial_stress.external_region.aggregated_europe,endpoint,"Resolved producer, output/state, consumer, transformation owner, unit, witness, and fallback behavior.",04-design-discussion-minimum-simulation-kernel.md:819-837;05-design-discussion-representation-bible.md:678-690;05-design-discussion-representation-bible.md:737-771
backlog.catalog.e6a6071a488c,adapter.real.us.food_baskets,owned_state,state.us_food.roasted_coffee_allocation,state_transition,"Source-backed transition, witness, owner, and conserved unit.",06-design-discussion-representation-catalog.md:619
backlog.catalog.e7070fc9d926,UNKNOWN,transmission,tx.economic_boundary.external_region.middle_east.financial_stress.external_region.global,endpoint,"Resolved producer, output/state, consumer, transformation owner, unit, witness, and fallback behavior.",04-design-discussion-minimum-simulation-kernel.md:819-837;05-design-discussion-representation-bible.md:678-690;05-design-discussion-representation-bible.md:737-771
backlog.catalog.e737f1ade45c,cohort.sg.dollar_funding_banks,transmission,tx.economic_boundary.sg.dollar_funding_banks.dollar_funding.external_region.southeast_asia,endpoint,"Resolved producer, output/state, consumer, transformation owner, unit, witness, and fallback behavior.",04-design-discussion-minimum-simulation-kernel.md:819-837;05-design-discussion-representation-bible.md:678-690;05-design-discussion-representation-bible.md:737-771
backlog.catalog.e73dd8160c22,institution.eu.commission,owned_state,state.eu.commission.policy_stance,state_transition,"Source-backed transition, witness, owner, and conserved unit.",04-design-discussion-minimum-simulation-kernel.md:819-837;05-design-discussion-representation-bible.md:678-690;05-design-discussion-representation-bible.md:737-771
backlog.catalog.e752e5605d52,institution.jp.boj,owned_state,state.jp.boj.reserves,state_transition,"Source-backed transition, witness, owner, and conserved unit.",04-design-discussion-minimum-simulation-kernel.md:819-837;05-design-discussion-representation-bible.md:678-690;05-design-discussion-representation-bible.md:737-771
backlog.catalog.e76bbf6e2e47,institution.de.government,owned_state,state.de.government.financial_stress,state_transition,"Source-backed transition, witness, owner, and conserved unit.",04-design-discussion-minimum-simulation-kernel.md:819-837;05-design-discussion-representation-bible.md:678-690;05-design-discussion-representation-bible.md:737-771
backlog.catalog.e83f4e9bbcc4,institution.qa.sovereign_funds,owned_state,state.qa.sovereign_funds.reserves,state_transition,"Source-backed transition, witness, owner, and conserved unit.",04-design-discussion-minimum-simulation-kernel.md:819-837;05-design-discussion-representation-bible.md:678-690;05-design-discussion-representation-bible.md:737-771
backlog.catalog.e8b757debd3b,institution.eu.ecb,owned_state,state.eu.ecb.currency,state_transition,"Source-backed transition, witness, owner, and conserved unit.",04-design-discussion-minimum-simulation-kernel.md:819-837;05-design-discussion-representation-bible.md:678-690;05-design-discussion-representation-bible.md:737-771
backlog.catalog.e8f4c7997de9,industry.amazon_basin.coffee,owned_state,state.amazon_coffee.crop,state_transition,"Source-backed transition, witness, owner, and conserved unit.",06-design-discussion-representation-catalog.md:607
backlog.catalog.e98b45eeb7a7,institution.jp.mof,owned_state,state.jp.mof.reserves,state_transition,"Source-backed transition, witness, owner, and conserved unit.",04-design-discussion-minimum-simulation-kernel.md:819-837;05-design-discussion-representation-bible.md:678-690;05-design-discussion-representation-bible.md:737-771
backlog.catalog.ea1a394a2e54,institution.qa.central_bank,transmission,tx.economic_boundary.qa.central_bank.reserves.external_region.gulf,endpoint,"Resolved producer, output/state, consumer, transformation owner, unit, witness, and fallback behavior.",04-design-discussion-minimum-simulation-kernel.md:819-837;05-design-discussion-representation-bible.md:678-690;05-design-discussion-representation-bible.md:737-771
backlog.catalog.ea4e02eb7982,institution.us.managed.funds.association,relationship,rel.represents.managed.funds.association.hedge.funds,relationship,"Resolved subject, object, canonical owner, lifecycle, observability, and witness.",06-design-discussion-representation-catalog.md:305
backlog.catalog.eaab1032a5d8,institution.qa.sovereign_funds,transmission,tx.economic_boundary.qa.sovereign_funds.reserves.external_region.gulf,endpoint,"Resolved producer, output/state, consumer, transformation owner, unit, witness, and fallback behavior.",04-design-discussion-minimum-simulation-kernel.md:819-837;05-design-discussion-representation-bible.md:678-690;05-design-discussion-representation-bible.md:737-771
backlog.catalog.eac4eed9fa38,UNKNOWN,transmission,tx.economic_boundary.external_region.east_asia.policy_stance.external_region.global,endpoint,"Resolved producer, output/state, consumer, transformation owner, unit, witness, and fallback behavior.",04-design-discussion-minimum-simulation-kernel.md:819-837;05-design-discussion-representation-bible.md:678-690;05-design-discussion-representation-bible.md:737-771
backlog.catalog.eb4de26f55fb,person.media.wool_street_journal_fed_reporter,relationship,rel.holds.media.wsj_fed_reporter.wsj_fed_beat,relationship,"Resolved subject, object, canonical owner, lifecycle, observability, and witness.",06-design-discussion-representation-catalog.md:252;06-design-discussion-representation-catalog.md:1551-1558
backlog.catalog.eb898621447a,institution.sa.sovereign_funds,transmission,tx.economic_boundary.sa.sovereign_funds.reserves.external_region.gulf,endpoint,"Resolved producer, output/state, consumer, transformation owner, unit, witness, and fallback behavior.",04-design-discussion-minimum-simulation-kernel.md:819-837;05-design-discussion-representation-bible.md:678-690;05-design-discussion-representation-bible.md:737-771
backlog.catalog.ebe305265ed2,institution.us.labor.federation,relationship,rel.represents.labor.federation.workers.by.sector,relationship,"Resolved subject, object, canonical owner, lifecycle, observability, and witness.",06-design-discussion-representation-catalog.md:309
backlog.catalog.ebeef7819b35,institution.il.security,owned_state,state.il.security.trade,state_transition,"Source-backed transition, witness, owner, and conserved unit.",04-design-discussion-minimum-simulation-kernel.md:819-837;05-design-discussion-representation-bible.md:678-690;05-design-discussion-representation-bible.md:737-771
backlog.catalog.ec2026343567,UNKNOWN,transmission,tx.economic_boundary.external_region.central_africa.currency.external_region.global,endpoint,"Resolved producer, output/state, consumer, transformation owner, unit, witness, and fallback behavior.",04-design-discussion-minimum-simulation-kernel.md:819-837;05-design-discussion-representation-bible.md:678-690;05-design-discussion-representation-bible.md:737-771
backlog.catalog.ec7bd8389bdd,institution.us.retiree.association.aarp.analogue,relationship,rel.represents.retiree.association.retirees,relationship,"Resolved subject, object, canonical owner, lifecycle, observability, and witness.",06-design-discussion-representation-catalog.md:307
backlog.catalog.ecc06dcb7b00,institution.uk.government,owned_state,state.uk.government.policy_stance,state_transition,"Source-backed transition, witness, owner, and conserved unit.",04-design-discussion-minimum-simulation-kernel.md:819-837;05-design-discussion-representation-bible.md:678-690;05-design-discussion-representation-bible.md:737-771
backlog.catalog.ed0137e9f663,mechanism.transform.global.timber_milling,owned_state,queue.timber_milling.work,state_transition,"Source-backed transition, witness, owner, and conserved unit.",06-design-discussion-representation-catalog.md:610
backlog.catalog.ed270b2ae305,UNKNOWN,transmission,tx.economic_boundary.external_region.southeast_asia.commodities.external_region.global,endpoint,"Resolved producer, output/state, consumer, transformation owner, unit, witness, and fallback behavior.",04-design-discussion-minimum-simulation-kernel.md:819-837;05-design-discussion-representation-bible.md:678-690;05-design-discussion-representation-bible.md:737-771
backlog.catalog.ed3bfb599d7b,institution.cn.state_council,transmission,tx.economic_boundary.cn.state_council.policy_stance.external_region.east_asia,endpoint,"Resolved producer, output/state, consumer, transformation owner, unit, witness, and fallback behavior.",04-design-discussion-minimum-simulation-kernel.md:819-837;05-design-discussion-representation-bible.md:678-690;05-design-discussion-representation-bible.md:737-771
backlog.catalog.ed81e7b057e7,market.us.treasury.secondary,transmission,tx.secondary.treasury.dealer_inventory,endpoint,"Resolved producer, output/state, consumer, transformation owner, unit, witness, and fallback behavior.",04-design-discussion-minimum-simulation-kernel.md:174-180
backlog.catalog.ee11a5641f91,person.media.gnbc_anchor,relationship,rel.holds.media.gnbc_anchor.gnbc_anchor_chair,relationship,"Resolved subject, object, canonical owner, lifecycle, observability, and witness.",06-design-discussion-representation-catalog.md:252;06-design-discussion-representation-catalog.md:1551-1558
backlog.catalog.ee79142570f9,body.il.cabinet,owned_state,state.il.cabinet.policy_stance,state_transition,"Source-backed transition, witness, owner, and conserved unit.",04-design-discussion-minimum-simulation-kernel.md:819-837;05-design-discussion-representation-bible.md:678-690;05-design-discussion-representation-bible.md:737-771
backlog.catalog.ef9bf9f67f41,institution.cn.pboc,transmission,tx.economic_boundary.cn.pboc.dollar_funding.external_region.east_asia,endpoint,"Resolved producer, output/state, consumer, transformation owner, unit, witness, and fallback behavior.",04-design-discussion-minimum-simulation-kernel.md:819-837;05-design-discussion-representation-bible.md:678-690;05-design-discussion-representation-bible.md:737-771
backlog.catalog.efdfca7eb86c,office.media.wool_street_journal.fed_beat,relationship,rel.belongs_to.media.wsj_fed_beat.wsj,relationship,"Resolved subject, object, canonical owner, lifecycle, observability, and witness.",06-design-discussion-representation-catalog.md:1551;06-design-discussion-representation-catalog.md:1689
backlog.catalog.f204f19c8265,UNKNOWN,owned_state,state.external_region.latin_america.dollar_funding,state_transition,"Source-backed transition, witness, owner, and conserved unit.",04-design-discussion-minimum-simulation-kernel.md:819-837;05-design-discussion-representation-bible.md:678-690;05-design-discussion-representation-bible.md:737-771
backlog.catalog.f20c181faa81,cohort.eu.exposed_banks,owned_state,state.eu.exposed_banks.dollar_funding,state_transition,"Source-backed transition, witness, owner, and conserved unit.",04-design-discussion-minimum-simulation-kernel.md:819-837;05-design-discussion-representation-bible.md:678-690;05-design-discussion-representation-bible.md:737-771
backlog.catalog.f20c90de7135,inst.us.federal_reserve.new_york,relationship,rel.membership.federal_reserve.new_york_system,lifecycle,Source-backed effective period and exit conditions.,06-design-discussion-representation-catalog.md:269;06-design-discussion-representation-catalog.md:960
backlog.catalog.f2471c009d68,UNKNOWN,transmission,tx.economic_boundary.external_region.east_asia.growth_demand.external_region.global,endpoint,"Resolved producer, output/state, consumer, transformation owner, unit, witness, and fallback behavior.",04-design-discussion-minimum-simulation-kernel.md:819-837;05-design-discussion-representation-bible.md:678-690;05-design-discussion-representation-bible.md:737-771
backlog.catalog.f26a367ed0f2,body.us.federal_reserve.fomc,relationship,rel.authority.fomc_srf_terms,lifecycle,Source-backed effective period and exit conditions.,06-design-discussion-representation-catalog.md:1008-1015
backlog.catalog.f276387c3f24,mechanism.transform.global.timber_milling,owned_state,state.timber_milling.losses,state_transition,"Source-backed transition, witness, owner, and conserved unit.",06-design-discussion-representation-catalog.md:610
backlog.catalog.f36a4bf7113f,institution.uk.boe,owned_state,state.uk.boe.currency,state_transition,"Source-backed transition, witness, owner, and conserved unit.",04-design-discussion-minimum-simulation-kernel.md:819-837;05-design-discussion-representation-bible.md:678-690;05-design-discussion-representation-bible.md:737-771
backlog.catalog.f3c599065bdb,industry.amazon_basin.forestry,owned_state,state.amazon_forestry.employment,state_transition,"Source-backed transition, witness, owner, and conserved unit.",06-design-discussion-representation-catalog.md:606
backlog.catalog.f46d1dcf0321,market.product.global.coffee,owned_state,state.green_coffee_market.failure,state_transition,"Source-backed transition, witness, owner, and conserved unit.",06-design-discussion-representation-catalog.md:617
backlog.catalog.f4798c00a54c,inst.us.bank.burrow,relationship,rel.burrow.customer_accounts,relationship,"Resolved subject, object, canonical owner, lifecycle, observability, and witness.",06-design-discussion-representation-catalog.md:872-876;06-design-discussion-representation-catalog.md:902
backlog.catalog.f4805fa13d04,mechanism.transform.global.hogs_slaughter,owned_state,state.hogs_slaughter.cold_chain,state_transition,"Source-backed transition, witness, owner, and conserved unit.",06-design-discussion-representation-catalog.md:612
backlog.catalog.f5749a273ca2,UNKNOWN,transmission,tx.economic_boundary.external_region.southeast_asia.dollar_funding.external_region.global,endpoint,"Resolved producer, output/state, consumer, transformation owner, unit, witness, and fallback behavior.",04-design-discussion-minimum-simulation-kernel.md:819-837;05-design-discussion-representation-bible.md:678-690;05-design-discussion-representation-bible.md:737-771
backlog.catalog.f5c3448ea0cf,mechanism.flow.global.coffee,owned_state,state.green_coffee_flow.capacity,state_transition,"Source-backed transition, witness, owner, and conserved unit.",06-design-discussion-representation-catalog.md:614
backlog.catalog.f5d64fb28814,institution.il.bank_of_israel,owned_state,state.il.bank_of_israel.reserves,state_transition,"Source-backed transition, witness, owner, and conserved unit.",04-design-discussion-minimum-simulation-kernel.md:819-837;05-design-discussion-representation-bible.md:678-690;05-design-discussion-representation-bible.md:737-771
backlog.catalog.f67016965e61,institution.jp.boj,transmission,tx.economic_boundary.jp.boj.reserves.external_region.east_asia,endpoint,"Resolved producer, output/state, consumer, transformation owner, unit, witness, and fallback behavior.",04-design-discussion-minimum-simulation-kernel.md:819-837;05-design-discussion-representation-bible.md:678-690;05-design-discussion-representation-bible.md:737-771
backlog.catalog.f6a1a1be5cc3,UNKNOWN,transmission,tx.economic_boundary.external_region.central_africa.financial_stress.external_region.global,endpoint,"Resolved producer, output/state, consumer, transformation owner, unit, witness, and fallback behavior.",04-design-discussion-minimum-simulation-kernel.md:819-837;05-design-discussion-representation-bible.md:678-690;05-design-discussion-representation-bible.md:737-771
backlog.catalog.f765bd66de7a,industry.amazon_basin.pork,owned_state,inventory.amazon_hogs.feed_grain,state_transition,"Source-backed transition, witness, owner, and conserved unit.",06-design-discussion-representation-catalog.md:609
backlog.catalog.f847475b92b0,institution.cn.safe,owned_state,state.cn.safe.currency,state_transition,"Source-backed transition, witness, owner, and conserved unit.",04-design-discussion-minimum-simulation-kernel.md:819-837;05-design-discussion-representation-bible.md:678-690;05-design-discussion-representation-bible.md:737-771
backlog.catalog.f8afd2683a13,institution.eu.commission,transmission,tx.economic_boundary.eu.commission.policy_stance.external_region.aggregated_europe,endpoint,"Resolved producer, output/state, consumer, transformation owner, unit, witness, and fallback behavior.",04-design-discussion-minimum-simulation-kernel.md:819-837;05-design-discussion-representation-bible.md:678-690;05-design-discussion-representation-bible.md:737-771
backlog.catalog.f90548317284,institution.uk.boe,owned_state,state.uk.boe.dollar_funding,state_transition,"Source-backed transition, witness, owner, and conserved unit.",04-design-discussion-minimum-simulation-kernel.md:819-837;05-design-discussion-representation-bible.md:678-690;05-design-discussion-representation-bible.md:737-771
backlog.catalog.f96f1943ded0,institution.eu.commission,owned_state,state.eu.commission.trade,state_transition,"Source-backed transition, witness, owner, and conserved unit.",04-design-discussion-minimum-simulation-kernel.md:819-837;05-design-discussion-representation-bible.md:678-690;05-design-discussion-representation-bible.md:737-771
backlog.catalog.f9a61dbb663f,mechanism.flow.global.pork,owned_state,queue.pork_flow.delivery,state_transition,"Source-backed transition, witness, owner, and conserved unit.",06-design-discussion-representation-catalog.md:615
backlog.catalog.fa2f91a0c908,institution.us.farm.bureau.analogue,relationship,rel.represents.farm.bureau.analogue.agricultural.producers,relationship,"Resolved subject, object, canonical owner, lifecycle, observability, and witness.",06-design-discussion-representation-catalog.md:311
backlog.catalog.fafc88578715,UNKNOWN,owned_state,state.external_region.middle_east.commodities,state_transition,"Source-backed transition, witness, owner, and conserved unit.",04-design-discussion-minimum-simulation-kernel.md:819-837;05-design-discussion-representation-bible.md:678-690;05-design-discussion-representation-bible.md:737-771
backlog.catalog.fc52a438d763,institution.sg.shipping,transmission,tx.economic_boundary.sg.shipping.trade.external_region.southeast_asia,endpoint,"Resolved producer, output/state, consumer, transformation owner, unit, witness, and fallback behavior.",04-design-discussion-minimum-simulation-kernel.md:819-837;05-design-discussion-representation-bible.md:678-690;05-design-discussion-representation-bible.md:737-771
backlog.catalog.fc7d20d67192,institution.uk.dmo,transmission,tx.economic_boundary.uk.dmo.dollar_funding.external_region.aggregated_europe,endpoint,"Resolved producer, output/state, consumer, transformation owner, unit, witness, and fallback behavior.",04-design-discussion-minimum-simulation-kernel.md:819-837;05-design-discussion-representation-bible.md:678-690;05-design-discussion-representation-bible.md:737-771
backlog.catalog.fcc3d68a24ee,institution.uk.boe,transmission,tx.economic_boundary.uk.boe.currency.external_region.aggregated_europe,endpoint,"Resolved producer, output/state, consumer, transformation owner, unit, witness, and fallback behavior.",04-design-discussion-minimum-simulation-kernel.md:819-837;05-design-discussion-representation-bible.md:678-690;05-design-discussion-representation-bible.md:737-771
backlog.catalog.fd9ada22bd78,institution.cn.state_council,owned_state,state.cn.state_council.trade,state_transition,"Source-backed transition, witness, owner, and conserved unit.",04-design-discussion-minimum-simulation-kernel.md:819-837;05-design-discussion-representation-bible.md:678-690;05-design-discussion-representation-bible.md:737-771
backlog.catalog.fdbd5724db88,adapter.real.us.food_baskets,owned_state,account.us_food.external,state_transition,"Source-backed transition, witness, owner, and conserved unit.",06-design-discussion-representation-catalog.md:619
backlog.catalog.fe7967aa889a,inst.us.ficc,relationship,rel.operation.ficc_repo_clearer,lifecycle,Source-backed effective period and exit conditions.,06-design-discussion-representation-catalog.md:337
backlog.catalog.ff8a8c021780,institution.cn.policy_banks,owned_state,state.cn.policy_banks.financial_stress,state_transition,"Source-backed transition, witness, owner, and conserved unit.",04-design-discussion-minimum-simulation-kernel.md:819-837;05-design-discussion-representation-bible.md:678-690;05-design-discussion-representation-bible.md:737-771
backlog.catalog.ff911642ebb8,UNKNOWN,transmission,tx.economic_boundary.external_region.east_asia.financial_stress.external_region.global,endpoint,"Resolved producer, output/state, consumer, transformation owner, unit, witness, and fallback behavior.",04-design-discussion-minimum-simulation-kernel.md:819-837;05-design-discussion-representation-bible.md:678-690;05-design-discussion-representation-bible.md:737-771
backlog.catalog.ffa291c07a37,institution.fr.government,transmission,tx.economic_boundary.fr.government.financial_stress.external_region.aggregated_europe,endpoint,"Resolved producer, output/state, consumer, transformation owner, unit, witness, and fallback behavior.",04-design-discussion-minimum-simulation-kernel.md:819-837;05-design-discussion-representation-bible.md:678-690;05-design-discussion-representation-bible.md:737-771
backlog.catalog.ffc48554457f,institution.us.investment.company.institute.analogue,relationship,rel.represents.investment.company.institute.analogue.money.market.mutual.funds,relationship,"Resolved subject, object, canonical owner, lifecycle, observability, and witness.",06-design-discussion-representation-catalog.md:302
backlog.catalog.fffdc5145cf5,institution.jp.boj,transmission,tx.economic_boundary.jp.boj.financial_stress.external_region.east_asia,endpoint,"Resolved producer, output/state, consumer, transformation owner, unit, witness, and fallback behavior.",04-design-discussion-minimum-simulation-kernel.md:819-837;05-design-discussion-representation-bible.md:678-690;05-design-discussion-representation-bible.md:737-771
backlog.m4.alternative_chairs,person.us.paul_vulture,scenario,scenario.gulf.oil_shocks_1979_1981,research,"Reviewed alternative Chairs with period office eligibility, relationships, and opening cognition.",doc:mandate.m4-proving-lens
backlog.m4.aramco_succession,firm.sa.aramco,relationship,rel.succeeded_by.sa.aramco.saudi_aramco,research,Verified dates for the 1980 full state takeover of Aramco and the 1988 creation of Saudi Aramco before recording a SUCCEEDED_BY transition.,doc:mandate.m4-proving-lens
backlog.m4.art_pipeline,person.us.paul_vulture,presentation,art.m4_pipeline,research,"Species guides for vulture, greyhound, and duck; Jimmy Darter and William Biller cues and wardrobe; cutout crop and transparency contract; plate and event style; rights and provenance metadata.",doc:mandate.m4-proving-lens
backlog.m4.campaign_endpoint,UNKNOWN,scenario,scenario.gulf.oil_shocks_1979_1981,research,"Decided campaign endpoint, the M4 playable frontier if shorter, and whether the planning ID is renamed to match.",doc:mandate.m4-proving-lens
backlog.m4.channel_evidence,UNKNOWN,provider_channel,profile.volcker_1979,research,"Verify Treasury Bulletin 1979 holder labels on the scanned page, Saudi off-auction Treasury purchases, the $5.6bn Iranian deposits at overseas branches, and whether offshore Asia, Japan, and the UK belong in 1979 dollar funding or financial stress.",doc:mandate.m4-proving-lens
backlog.m4.gulf_exporters_role,adapter.external.gulf_exporters,boundary_provider,interface.energy_supply.product_schedule,research,"Residual or boundary role, if any, consistent with sovereign-specific petroleum ownership.",doc:mandate.m4-proving-lens
backlog.m4.holder_transitions,UNKNOWN,role_holder,profile.volcker_1979,research,"Dated HOLDS_ROLE transitions after the as-of date, each re-verified: 1979-09-28 Iran: Hassan Nazih relieved as NIOC head; 1979-09-29 Iran: OWNER CHANGE: Ministry of Petroleum established; Moinfar becomes first minister and NIOC chairman. Petroleum policy moves from NIOC to the ministry; NIOC becomes a ministry subsidiary; 1979-11-06 Iran: OWNER CHANGE: Bazargan's Interim Government resigns; the Revolutionary Council assumes direct government; 1979-12-02/03 Iran: OWNER CHANGE: constitution adopted by referendum, creating the Supreme Leader and an elected presidency; 1980-01-27 Kuwait: OWNER CHANGE: Kuwait Petroleum Corporation founded as holding company over KOC, KNPC, KOTC and PIC; 1980-02-04 Iran: Banisadr takes office as first President; 1980 (day UNVERIFIED) Saudi Arabia: OWNER CHANGE: government raises Aramco interest to 100%; financial effect retroactive to 1976 (search-snippet only). Aramco remains operator; Saudi Aramco formed November 1988; 1980-06-12 Japan: PM Ōhira dies in office (Itō acting); 1980-07-17 Japan: Zenkō Suzuki becomes PM; 1980-07-20 Iran: Revolutionary Council dissolved; first Majlis convenes 1980-08-12; 1980-09-22 Iraq/Iran: EVENT (no owner change): Iraq invades Iran; 1980-10 (15th or 23rd; sources differ) Soviet Union: Kosygin replaced by Nikolai Tikhonov as Chairman of the Council of Ministers; 1981-01-20 United States: Carter administration ends (Duncan's term ends that date); Reagan takes office; 1981-01-28 United States: EO 12287 exempts crude oil and products from EPAA price and allocation controls; minor provisions run to 1981-03-31; 1981-06-21/22 Iran: Banisadr impeached and removed; 1982-03-04 United Kingdom: Britoil incorporated under the Oil and Gas (Enterprise) Act 1982; BNOC production arm split from its trading arm. 51% of Britoil ",doc:mandate.m4-proving-lens
backlog.m4.iran_recorded_occurrences,sovereign.iran,provider_channel,channel.iran_political_occurrences,research,Per-occurrence no-feedback proof for each Iranian political occurrence kept RECORDED.,doc:mandate.m4-proving-lens
backlog.m4.iran_sanctions_channel,sovereign.iran,provider_channel,channel.iran_sanctions_implementation,research,"Sanctions authorities, U.S. and foreign owners, accounts, counterparties, Chair intervention vocabulary, operational sequence, Board and New York Fed responsibilities, and calibration.",doc:mandate.m4-proving-lens
backlog.m4.necessity_schemas,UNKNOWN,coarse_bundle,design.representation.sovereign-necessity-systems,research,"Typed owner and state schema per necessity system, applicability tests, dependencies, failure thresholds, cadence, observation paths, fallback, and calibration.",doc:mandate.m4-proving-lens
backlog.m4.opening_instant,UNKNOWN,scenario,scenario.gulf.oil_shocks_1979_1981,research,"Verified opening instant, source cutoff, historical prefix, effective law, officeholders, outstanding commitments, evidence sets, and event schedule.",doc:mandate.m4-proving-lens
backlog.m4.petroleum_applicability,UNKNOWN,resource_system,resource.petroleum,research,Which 1979 sovereigns declare a petroleum extension and the minimal complete state for each coarse model.,doc:mandate.m4-proving-lens
backlog.m4.petroleum_logistics,mechanism.cross_border.chokepoint_shipping,resource_system,resource.petroleum.logistics,research,"Product grades, substitution, routes, tanker state, payment and settlement paths, and calibration.",doc:mandate.m4-proving-lens
backlog.m4.priority_allocation,UNKNOWN,coarse_bundle,capability.priority_allocation,research,Evidence that scarcity cannot be represented honestly without recipient classes; period-specific recipient classes if so.,doc:mandate.m4-proving-lens
backlog.m4.saudi_petroleum_rich,firm.sa.saudi_aramco,resource_system,resource.sa.petroleum,research,"Dated policy institutions, operator ownership, rights, title, custody, capacity, inventories, facilities, export logistics, relationships, and rich-to-coarse shares.",doc:mandate.m4-proving-lens
