catalog_id,display_name,entry_class,instance_of,identity_clade,domain,selectable_in_manifest,definition_version,cognition_class,default_fidelity,research_status,completeness_state,fit,fallback_entry_id,residual_counterpart_id,uncertainty_notes,provenance
adapter.demand.global.coffee,Global green-coffee demand adapter,instance,type.adapter.typed_boundary,BoundaryAdapter,physical_products,false,1,none,MECHANICAL_OR_ADAPTER,typed,structural,fits,UNKNOWN,NONE,External demand account counterparty UNKNOWN Manifest selection deferred until ownership/relationship/transmission/scenario/probe closure validates.,06-design-discussion-representation-catalog.md:493
adapter.demand.global.pork,Global pork demand adapter,instance,type.adapter.typed_boundary,BoundaryAdapter,physical_products,false,1,none,MECHANICAL_OR_ADAPTER,typed,structural,fits,UNKNOWN,NONE,External demand account counterparty UNKNOWN Manifest selection deferred until ownership/relationship/transmission/scenario/probe closure validates.,06-design-discussion-representation-catalog.md:494
adapter.demand.global.timber,Global lumber demand adapter,instance,type.adapter.typed_boundary,BoundaryAdapter,physical_products,false,1,none,MECHANICAL_OR_ADAPTER,typed,structural,fits,UNKNOWN,NONE,External demand account counterparty UNKNOWN Manifest selection deferred until ownership/relationship/transmission/scenario/probe closure validates.,06-design-discussion-representation-catalog.md:492
adapter.export.arabian_peninsula.petroleum,Arabian Peninsula petroleum export adapter,instance,type.adapter.resource_boundary,BoundaryAdapter,physical_products,false,1,none,MECHANICAL_OR_ADAPTER,typed,typed,fits,UNKNOWN,NONE,Custody title loss delay and capacity outputs require definition.,user-request:strategic-resource-regions
adapter.external.china,China channel provider,instance,type.boundary_adapter.channel_provider,BoundaryAdapter,external_boundary,true,1,none,MECHANICAL_OR_ADAPTER,researched,probe_complete,fits,adapter.external.external_world,adapter.external.external_world,Catalog candidate only; no opening values or response function are implied.,ECB 2006 annual report https://www.ecb.europa.eu/pub/pdf/annrep/ar2006en.pdf; BIS December 2006 cross-border banking https://www.bis.org/publ/qtrpdf/r_qt0612e.htm; U.S. Treasury TIC foreign holdings https://home.treasury.gov/news/press-releases/hp337; EIA petroleum imports https://www.eia.gov/totalenergy/data/annual/showtext.php?t=ptb0504; UNCTAD Review of Maritime Transport 2006 https://unctad.org/publication/review-maritime-transport-2006
adapter.external.emerging_markets,Emerging Markets channel provider,instance,type.boundary_adapter.channel_provider,BoundaryAdapter,external_boundary,true,1,none,MECHANICAL_OR_ADAPTER,researched,probe_complete,fits,adapter.external.external_world,adapter.external.external_world,Catalog candidate only; no opening values or response function are implied.,ECB 2006 annual report https://www.ecb.europa.eu/pub/pdf/annrep/ar2006en.pdf; BIS December 2006 cross-border banking https://www.bis.org/publ/qtrpdf/r_qt0612e.htm; U.S. Treasury TIC foreign holdings https://home.treasury.gov/news/press-releases/hp337; EIA petroleum imports https://www.eia.gov/totalenergy/data/annual/showtext.php?t=ptb0504; UNCTAD Review of Maritime Transport 2006 https://unctad.org/publication/review-maritime-transport-2006
adapter.external.euro_area,Euro Area channel provider,instance,type.boundary_adapter.channel_provider,BoundaryAdapter,external_boundary,true,1,none,MECHANICAL_OR_ADAPTER,researched,probe_complete,fits,adapter.external.external_world,adapter.external.external_world,Catalog candidate only; no opening values or response function are implied.,ECB 2006 annual report https://www.ecb.europa.eu/pub/pdf/annrep/ar2006en.pdf; BIS December 2006 cross-border banking https://www.bis.org/publ/qtrpdf/r_qt0612e.htm; U.S. Treasury TIC foreign holdings https://home.treasury.gov/news/press-releases/hp337; EIA petroleum imports https://www.eia.gov/totalenergy/data/annual/showtext.php?t=ptb0504; UNCTAD Review of Maritime Transport 2006 https://unctad.org/publication/review-maritime-transport-2006
adapter.external.external_energy,External Energy channel provider,instance,type.boundary_adapter.channel_provider,BoundaryAdapter,external_boundary,true,1,none,MECHANICAL_OR_ADAPTER,researched,probe_complete,fits,NONE,NONE,Catalog candidate only; no opening values or response function are implied.,ECB 2006 annual report https://www.ecb.europa.eu/pub/pdf/annrep/ar2006en.pdf; BIS December 2006 cross-border banking https://www.bis.org/publ/qtrpdf/r_qt0612e.htm; U.S. Treasury TIC foreign holdings https://home.treasury.gov/news/press-releases/hp337; EIA petroleum imports https://www.eia.gov/totalenergy/data/annual/showtext.php?t=ptb0504; UNCTAD Review of Maritime Transport 2006 https://unctad.org/publication/review-maritime-transport-2006
adapter.external.external_world,External World channel provider,instance,type.boundary_adapter.channel_provider,BoundaryAdapter,external_boundary,true,1,none,MECHANICAL_OR_ADAPTER,researched,probe_complete,fits,NONE,NONE,Catalog candidate only; no opening values or response function are implied.,ECB 2006 annual report https://www.ecb.europa.eu/pub/pdf/annrep/ar2006en.pdf; BIS December 2006 cross-border banking https://www.bis.org/publ/qtrpdf/r_qt0612e.htm; U.S. Treasury TIC foreign holdings https://home.treasury.gov/news/press-releases/hp337; EIA petroleum imports https://www.eia.gov/totalenergy/data/annual/showtext.php?t=ptb0504; UNCTAD Review of Maritime Transport 2006 https://unctad.org/publication/review-maritime-transport-2006
adapter.external.freight_global,Freight Global channel provider,instance,type.boundary_adapter.channel_provider,BoundaryAdapter,external_boundary,true,1,none,MECHANICAL_OR_ADAPTER,researched,probe_complete,fits,NONE,NONE,Catalog candidate only; no opening values or response function are implied.,ECB 2006 annual report https://www.ecb.europa.eu/pub/pdf/annrep/ar2006en.pdf; BIS December 2006 cross-border banking https://www.bis.org/publ/qtrpdf/r_qt0612e.htm; U.S. Treasury TIC foreign holdings https://home.treasury.gov/news/press-releases/hp337; EIA petroleum imports https://www.eia.gov/totalenergy/data/annual/showtext.php?t=ptb0504; UNCTAD Review of Maritime Transport 2006 https://unctad.org/publication/review-maritime-transport-2006
adapter.external.freight_gulf_hormuz,Gulf and Hormuz freight channel provider,instance,type.boundary_adapter.channel_provider,BoundaryAdapter,external_boundary,false,1,none,MECHANICAL_OR_ADAPTER,researched,typed,fits,adapter.external.freight_global,adapter.external.freight_global,Catalog candidate for the 1979 profile; no opening values or response function are implied.,https://www.strausscenter.org/strait-of-hormuz-tanker-war/ ; https://magazines.marinelink.com/Magazines/MaritimeReporter/197807/content/impact-tanker-economics-209699
adapter.external.freight_gulf_suez,Freight Gulf Suez channel provider,instance,type.boundary_adapter.channel_provider,BoundaryAdapter,external_boundary,true,1,none,MECHANICAL_OR_ADAPTER,researched,probe_complete,fits,adapter.external.freight_global,adapter.external.freight_global,Catalog candidate only; no opening values or response function are implied.,ECB 2006 annual report https://www.ecb.europa.eu/pub/pdf/annrep/ar2006en.pdf; BIS December 2006 cross-border banking https://www.bis.org/publ/qtrpdf/r_qt0612e.htm; U.S. Treasury TIC foreign holdings https://home.treasury.gov/news/press-releases/hp337; EIA petroleum imports https://www.eia.gov/totalenergy/data/annual/showtext.php?t=ptb0504; UNCTAD Review of Maritime Transport 2006 https://unctad.org/publication/review-maritime-transport-2006
adapter.external.gulf_exporters,Gulf Exporters channel provider,instance,type.boundary_adapter.channel_provider,BoundaryAdapter,external_boundary,true,1,none,MECHANICAL_OR_ADAPTER,researched,probe_complete,fits,adapter.external.external_energy,adapter.external.external_energy,Catalog candidate only; no opening values or response function are implied.,ECB 2006 annual report https://www.ecb.europa.eu/pub/pdf/annrep/ar2006en.pdf; BIS December 2006 cross-border banking https://www.bis.org/publ/qtrpdf/r_qt0612e.htm; U.S. Treasury TIC foreign holdings https://home.treasury.gov/news/press-releases/hp337; EIA petroleum imports https://www.eia.gov/totalenergy/data/annual/showtext.php?t=ptb0504; UNCTAD Review of Maritime Transport 2006 https://unctad.org/publication/review-maritime-transport-2006
adapter.external.iran,Iran financial stress channel provider,instance,type.boundary_adapter.channel_provider,BoundaryAdapter,external_boundary,false,1,none,MECHANICAL_OR_ADAPTER,researched,typed,fits,adapter.external.external_world,adapter.external.external_world,Catalog candidate for the 1979 profile; no opening values or response function are implied.,"https://en.wikipedia.org/wiki/Iranian_frozen_assets (UNVERIFIED detail: the $5.6bn overseas-branch figure comes from a search snippet of OFAC's Iran sanctions overview, which was not opened)"
adapter.external.japan,Japan channel provider,instance,type.boundary_adapter.channel_provider,BoundaryAdapter,external_boundary,true,1,none,MECHANICAL_OR_ADAPTER,researched,probe_complete,fits,adapter.external.external_world,adapter.external.external_world,Catalog candidate only; no opening values or response function are implied.,ECB 2006 annual report https://www.ecb.europa.eu/pub/pdf/annrep/ar2006en.pdf; BIS December 2006 cross-border banking https://www.bis.org/publ/qtrpdf/r_qt0612e.htm; U.S. Treasury TIC foreign holdings https://home.treasury.gov/news/press-releases/hp337; EIA petroleum imports https://www.eia.gov/totalenergy/data/annual/showtext.php?t=ptb0504; UNCTAD Review of Maritime Transport 2006 https://unctad.org/publication/review-maritime-transport-2006
adapter.external.latin_america_debtors,Latin American debtors channel provider,instance,type.boundary_adapter.channel_provider,BoundaryAdapter,external_boundary,false,1,none,MECHANICAL_OR_ADAPTER,researched,typed,fits,adapter.external.external_world,adapter.external.external_world,Catalog candidate for the 1979 profile; no opening values or response function are implied.,https://www.federalreservehistory.org/essays/latin-american-debt-crisis ; https://www.bis.org/publications/qr-202109/seven-decades-international-banking ; https://www.imf.org/external/pubs/ft/history/2001/ch08.pdf
adapter.external.mexico,Mexico channel provider,instance,type.boundary_adapter.channel_provider,BoundaryAdapter,external_boundary,false,1,none,MECHANICAL_OR_ADAPTER,researched,typed,fits,adapter.external.external_energy,adapter.external.external_energy,Catalog candidate for the 1979 profile; no opening values or response function are implied.,https://www.eia.gov/totalenergy/data/annual/showtext.php?t=ptb0504
adapter.external.non_gulf_opec,Non-Gulf OPEC channel provider,instance,type.boundary_adapter.channel_provider,BoundaryAdapter,external_boundary,false,1,none,MECHANICAL_OR_ADAPTER,researched,typed,fits,adapter.external.external_energy,adapter.external.external_energy,Catalog candidate for the 1979 profile; no opening values or response function are implied.,https://www.eia.gov/totalenergy/data/annual/showtext.php?t=ptb0504 ; https://www.eia.gov/dnav/pet/hist/LeafHandler.ashx?n=PET&s=MTTIMUSAG2&f=A ; https://www.reaganlibrary.gov/archives/speech/proclamation-4907-imports-petroleum
adapter.external.offshore_asia,Offshore Asia channel provider,instance,type.boundary_adapter.channel_provider,BoundaryAdapter,external_boundary,true,1,none,MECHANICAL_OR_ADAPTER,researched,probe_complete,fits,adapter.external.external_world,adapter.external.external_world,Catalog candidate only; no opening values or response function are implied.,ECB 2006 annual report https://www.ecb.europa.eu/pub/pdf/annrep/ar2006en.pdf; BIS December 2006 cross-border banking https://www.bis.org/publ/qtrpdf/r_qt0612e.htm; U.S. Treasury TIC foreign holdings https://home.treasury.gov/news/press-releases/hp337; EIA petroleum imports https://www.eia.gov/totalenergy/data/annual/showtext.php?t=ptb0504; UNCTAD Review of Maritime Transport 2006 https://unctad.org/publication/review-maritime-transport-2006
adapter.external.oil_exporters,Oil Exporters channel provider,instance,type.boundary_adapter.channel_provider,BoundaryAdapter,external_boundary,true,1,none,MECHANICAL_OR_ADAPTER,researched,probe_complete,fits,adapter.external.external_world,adapter.external.external_world,Catalog candidate only; no opening values or response function are implied.,ECB 2006 annual report https://www.ecb.europa.eu/pub/pdf/annrep/ar2006en.pdf; BIS December 2006 cross-border banking https://www.bis.org/publ/qtrpdf/r_qt0612e.htm; U.S. Treasury TIC foreign holdings https://home.treasury.gov/news/press-releases/hp337; EIA petroleum imports https://www.eia.gov/totalenergy/data/annual/showtext.php?t=ptb0504; UNCTAD Review of Maritime Transport 2006 https://unctad.org/publication/review-maritime-transport-2006
adapter.external.russia,Russia channel provider,instance,type.boundary_adapter.channel_provider,BoundaryAdapter,external_boundary,true,1,none,MECHANICAL_OR_ADAPTER,researched,probe_complete,fits,adapter.external.external_energy,adapter.external.external_energy,Catalog candidate only; no opening values or response function are implied.,ECB 2006 annual report https://www.ecb.europa.eu/pub/pdf/annrep/ar2006en.pdf; BIS December 2006 cross-border banking https://www.bis.org/publ/qtrpdf/r_qt0612e.htm; U.S. Treasury TIC foreign holdings https://home.treasury.gov/news/press-releases/hp337; EIA petroleum imports https://www.eia.gov/totalenergy/data/annual/showtext.php?t=ptb0504; UNCTAD Review of Maritime Transport 2006 https://unctad.org/publication/review-maritime-transport-2006
adapter.external.switzerland,Switzerland channel provider,instance,type.boundary_adapter.channel_provider,BoundaryAdapter,external_boundary,false,1,none,MECHANICAL_OR_ADAPTER,researched,typed,fits,adapter.external.external_world,adapter.external.external_world,Catalog candidate for the 1979 profile; no opening values or response function are implied.,https://www.newyorkfed.org/medialibrary/media/research/quarterly_review/1979v4/v4n3article9.pdf ; https://en.wikipedia.org/wiki/Carter_bonds
adapter.external.united_kingdom,United Kingdom channel provider,instance,type.boundary_adapter.channel_provider,BoundaryAdapter,external_boundary,true,1,none,MECHANICAL_OR_ADAPTER,researched,probe_complete,fits,adapter.external.external_world,adapter.external.external_world,Catalog candidate only; no opening values or response function are implied.,ECB 2006 annual report https://www.ecb.europa.eu/pub/pdf/annrep/ar2006en.pdf; BIS December 2006 cross-border banking https://www.bis.org/publ/qtrpdf/r_qt0612e.htm; U.S. Treasury TIC foreign holdings https://home.treasury.gov/news/press-releases/hp337; EIA petroleum imports https://www.eia.gov/totalenergy/data/annual/showtext.php?t=ptb0504; UNCTAD Review of Maritime Transport 2006 https://unctad.org/publication/review-maritime-transport-2006
adapter.external.west_germany,West Germany channel provider,instance,type.boundary_adapter.channel_provider,BoundaryAdapter,external_boundary,false,1,none,MECHANICAL_OR_ADAPTER,researched,typed,fits,adapter.external.external_world,adapter.external.external_world,Catalog candidate for the 1979 profile; no opening values or response function are implied.,https://www.newyorkfed.org/medialibrary/media/research/quarterly_review/1979v4/v4n3article9.pdf ; https://www.federalreserve.gov/pubs/feds/2005/200502/200502pap.pdf ; https://home.treasury.gov/policy-issues/international/exchange-stabilization-fund/exchange-stabilization-fund-history
adapter.flow.global.coffee,Global green-coffee flow adapter,instance,type.adapter.typed_boundary,BoundaryAdapter,physical_products,false,1,none,MECHANICAL_OR_ADAPTER,typed,structural,fits,UNKNOWN,NONE,External route provider UNKNOWN Manifest selection deferred until ownership/relationship/transmission/scenario/probe closure validates.,06-design-discussion-representation-catalog.md:487
adapter.flow.global.pork,Global pork flow adapter,instance,type.adapter.typed_boundary,BoundaryAdapter,physical_products,false,1,none,MECHANICAL_OR_ADAPTER,typed,structural,fits,UNKNOWN,NONE,External route provider UNKNOWN Manifest selection deferred until ownership/relationship/transmission/scenario/probe closure validates.,06-design-discussion-representation-catalog.md:488
adapter.flow.global.timber,Global lumber flow adapter,instance,type.adapter.typed_boundary,BoundaryAdapter,physical_products,false,1,none,MECHANICAL_OR_ADAPTER,typed,structural,fits,UNKNOWN,NONE,External route provider UNKNOWN Manifest selection deferred until ownership/relationship/transmission/scenario/probe closure validates.,06-design-discussion-representation-catalog.md:486
adapter.hydropower.caucasus,Caucasus hydropower adapter,instance,type.adapter.resource_boundary,BoundaryAdapter,physical_products,false,1,none,MECHANICAL_OR_ADAPTER,typed,typed,fits,UNKNOWN,NONE,Hydrology generation grid and delivery outputs require definition.,user-request:strategic-resource-regions
adapter.hydropower.congo_basin,Congo Basin hydropower adapter,instance,type.adapter.resource_boundary,BoundaryAdapter,physical_products,false,1,none,MECHANICAL_OR_ADAPTER,typed,typed,fits,UNKNOWN,NONE,Hydrology capacity generation grid and delivery outputs require definition.,user-request:strategic-resource-regions
adapter.incident.amazon_basin.climate,Amazon climate incident adapter,instance,type.adapter.typed_boundary,BoundaryAdapter,physical_products,false,1,none,MECHANICAL_OR_ADAPTER,typed,structural,fits,UNKNOWN,NONE,External incident provider UNKNOWN Manifest selection deferred until ownership/relationship/transmission/scenario/probe closure validates.,06-design-discussion-representation-catalog.md:474
adapter.incident.external.chokepoint_blockage,External chokepoint blockage adapter,instance,type.boundary_adapter.default,BoundaryAdapter,physical_products,false,1,none,MECHANICAL_OR_ADAPTER,typed,typed,fits,UNKNOWN,NONE,Interface and output distribution UNKNOWN.,05-design-discussion-representation-bible.md:731-735
adapter.incident.external.cyber,External cyber incident adapter,instance,type.boundary_adapter.default,BoundaryAdapter,sovereign_regional,false,1,none,MECHANICAL_OR_ADAPTER,typed,typed,fits,UNKNOWN,NONE,Interface and output distribution UNKNOWN.,05-design-discussion-representation-bible.md:731-735
adapter.incident.external.drought,External drought adapter,instance,type.boundary_adapter.default,BoundaryAdapter,physical_products,false,1,none,MECHANICAL_OR_ADAPTER,typed,typed,fits,UNKNOWN,NONE,Interface and output distribution UNKNOWN.,05-design-discussion-representation-bible.md:731-735
adapter.incident.external.gaffe_leak,External gaffe or leak adapter,instance,type.boundary_adapter.default,BoundaryAdapter,media_information,false,1,none,MECHANICAL_OR_ADAPTER,typed,typed,fits,UNKNOWN,NONE,Interface and output distribution UNKNOWN.,05-design-discussion-representation-bible.md:731-735
adapter.incident.external.geological,External geological incident adapter,instance,type.boundary_adapter.default,BoundaryAdapter,physical_products,false,1,none,MECHANICAL_OR_ADAPTER,typed,typed,fits,UNKNOWN,NONE,Interface and output distribution UNKNOWN.,05-design-discussion-representation-bible.md:731-735
adapter.incident.external.outbreak,External outbreak adapter,instance,type.boundary_adapter.default,BoundaryAdapter,sovereign_regional,false,1,none,MECHANICAL_OR_ADAPTER,typed,typed,fits,UNKNOWN,NONE,Interface and output distribution UNKNOWN.,05-design-discussion-representation-bible.md:731-735
adapter.incident.external.statistical_release_failure,External statistical release failure adapter,instance,type.boundary_adapter.default,BoundaryAdapter,media_information,false,1,none,MECHANICAL_OR_ADAPTER,typed,typed,fits,UNKNOWN,NONE,Interface and output distribution UNKNOWN.,05-design-discussion-representation-bible.md:731-735
adapter.incident.external.technological_breakthrough,External technological breakthrough adapter,instance,type.boundary_adapter.default,BoundaryAdapter,physical_products,false,1,none,MECHANICAL_OR_ADAPTER,typed,typed,fits,UNKNOWN,NONE,Interface and output distribution UNKNOWN.,05-design-discussion-representation-bible.md:731-735
adapter.incident.external.weather,External weather adapter,instance,type.boundary_adapter.default,BoundaryAdapter,physical_products,false,1,none,MECHANICAL_OR_ADAPTER,typed,typed,fits,UNKNOWN,NONE,Interface and output distribution UNKNOWN.,05-design-discussion-representation-bible.md:731-735
adapter.incident.external.wildfire,External wildfire adapter,instance,type.boundary_adapter.default,BoundaryAdapter,physical_products,false,1,none,MECHANICAL_OR_ADAPTER,typed,typed,fits,UNKNOWN,NONE,Interface and output distribution UNKNOWN.,05-design-discussion-representation-bible.md:731-735
adapter.input.amazon_basin.feed_grain,Amazon feed-grain boundary,instance,type.adapter.typed_boundary,BoundaryAdapter,physical_products,false,1,none,MECHANICAL_OR_ADAPTER,typed,structural,fits,UNKNOWN,NONE,Provider and source account counterparty UNKNOWN Manifest selection deferred until ownership/relationship/transmission/scenario/probe closure validates.,06-design-discussion-representation-catalog.md:443
adapter.input.sa.feed_grain,South American feed-grain adapter,instance,type.adapter.typed_boundary,BoundaryAdapter,physical_products,false,1,none,MECHANICAL_OR_ADAPTER,typed,structural,fits,UNKNOWN,NONE,External provider UNKNOWN Manifest selection deferred until ownership/relationship/transmission/scenario/probe closure validates.,06-design-discussion-representation-catalog.md:476
adapter.macro.us.broad,Broad U.S. macro adapter,instance,type.boundary_adapter.default,BoundaryAdapter,macro_boundary,true,1,none,MECHANICAL_OR_ADAPTER,sketched,probe_complete,fits,UNKNOWN,NONE,Phase 1 owns locked hidden conditions and release configuration; broader macro transmission remains outside this slice.,12-structure-outline-bernankey-mvp-cycle.md:81-84;11-design-discussion-bernankey-mvp-slice.md:299-340
adapter.market.global.coffee,Global green-coffee market adapter,instance,type.adapter.typed_boundary,BoundaryAdapter,physical_products,false,1,none,MECHANICAL_OR_ADAPTER,typed,structural,fits,UNKNOWN,NONE,External market provider UNKNOWN Manifest selection deferred until ownership/relationship/transmission/scenario/probe closure validates.,06-design-discussion-representation-catalog.md:499
adapter.market.global.pork,Global pork market adapter,instance,type.adapter.typed_boundary,BoundaryAdapter,physical_products,false,1,none,MECHANICAL_OR_ADAPTER,typed,structural,fits,UNKNOWN,NONE,External market provider UNKNOWN Manifest selection deferred until ownership/relationship/transmission/scenario/probe closure validates.,06-design-discussion-representation-catalog.md:500
adapter.market.global.timber,Global lumber market adapter,instance,type.adapter.typed_boundary,BoundaryAdapter,physical_products,false,1,none,MECHANICAL_OR_ADAPTER,typed,structural,fits,UNKNOWN,NONE,External market provider UNKNOWN Manifest selection deferred until ownership/relationship/transmission/scenario/probe closure validates.,06-design-discussion-representation-catalog.md:498
adapter.market.us.treasury.external_buyer,External Treasury-duration buyer residual,instance,type.boundary_adapter.default,BoundaryAdapter,markets,true,1,none,MECHANICAL_OR_ADAPTER,sketched,probe_complete,fits,UNKNOWN,NONE,Owns only bounded external demand capacity and its cash and Treasury residual accounts; it does not own domestic price formation.,12-structure-outline-bernankey-mvp-cycle.md:299-319
adapter.market.us.treasury_demand.phase2,Phase 2 Treasury demand boundary adapter,instance,type.boundary_adapter.default,BoundaryAdapter,markets,false,1,none,MECHANICAL_OR_ADAPTER,sketched,probe_complete,fits,UNKNOWN,NONE,Returns explicit adapter-sourced acknowledgements without price formation allocation fills or settlement.,12-structure-outline-bernankey-mvp-cycle.md:260-264
adapter.process.amazon_basin.climate_agriculture,Amazon climate/agriculture process adapter,instance,type.adapter.typed_boundary,BoundaryAdapter,physical_products,false,1,none,MECHANICAL_OR_ADAPTER,typed,structural,fits,UNKNOWN,NONE,External process provider UNKNOWN Manifest selection deferred until ownership/relationship/transmission/scenario/probe closure validates.,06-design-discussion-representation-catalog.md:475
adapter.process.arabian_peninsula.resources,Arabian Peninsula resource process adapter,instance,type.adapter.resource_boundary,BoundaryAdapter,physical_products,false,1,none,MECHANICAL_OR_ADAPTER,typed,typed,fits,UNKNOWN,NONE,Preserved process outputs require definition.,user-request:strategic-resource-regions
adapter.process.caucasus.resources,Caucasus resource process adapter,instance,type.adapter.resource_boundary,BoundaryAdapter,physical_products,false,1,none,MECHANICAL_OR_ADAPTER,typed,typed,fits,UNKNOWN,NONE,Process output parity requires definition.,user-request:strategic-resource-regions
adapter.process.climate_agriculture,Climate and agriculture process adapter,instance,type.boundary_adapter.default,BoundaryAdapter,physical_products,false,1,none,MECHANICAL_OR_ADAPTER,typed,typed,fits,UNKNOWN,NONE,Preserved process outputs and state initialization UNKNOWN.,05-design-discussion-representation-bible.md:731-735
adapter.process.congo_basin.ecology,Congo Basin ecological process adapter,instance,type.adapter.resource_boundary,BoundaryAdapter,physical_products,false,1,none,MECHANICAL_OR_ADAPTER,typed,typed,fits,UNKNOWN,NONE,Process output parity requires definition.,user-request:strategic-resource-regions
adapter.process.epidemic,Epidemic process adapter,instance,type.boundary_adapter.default,BoundaryAdapter,sovereign_regional,false,1,none,MECHANICAL_OR_ADAPTER,typed,typed,fits,UNKNOWN,NONE,Preserved process outputs and state initialization UNKNOWN.,05-design-discussion-representation-bible.md:731-735
adapter.process.war,War process adapter,instance,type.boundary_adapter.default,BoundaryAdapter,sovereign_regional,false,1,none,MECHANICAL_OR_ADAPTER,typed,typed,fits,UNKNOWN,NONE,Preserved process outputs and state initialization UNKNOWN.,05-design-discussion-representation-bible.md:731-735
adapter.real.us.construction_inputs,U.S. construction inputs,instance,type.adapter.typed_boundary,BoundaryAdapter,physical_products,false,1,none,MECHANICAL_OR_ADAPTER,typed,structural,fits,UNKNOWN,NONE,External construction module provider UNKNOWN Manifest selection deferred until ownership/relationship/transmission/scenario/probe closure validates.,06-design-discussion-representation-catalog.md:501
adapter.real.us.food_baskets,U.S. food baskets,instance,type.adapter.typed_boundary,BoundaryAdapter,physical_products,false,1,none,MECHANICAL_OR_ADAPTER,typed,structural,fits,UNKNOWN,NONE,External household and retail provider UNKNOWN Manifest selection deferred until ownership/relationship/transmission/scenario/probe closure validates.,06-design-discussion-representation-catalog.md:502
adapter.real.us.housing_activity,U.S. housing activity,instance,type.adapter.typed_boundary,BoundaryAdapter,physical_products,false,1,none,MECHANICAL_OR_ADAPTER,typed,structural,fits,UNKNOWN,NONE,External housing module provider UNKNOWN Manifest selection deferred until ownership/relationship/transmission/scenario/probe closure validates.,06-design-discussion-representation-catalog.md:503
adapter.sector.arabian_peninsula.gas,Arabian Peninsula gas sector adapter,instance,type.adapter.resource_boundary,BoundaryAdapter,physical_products,false,1,none,MECHANICAL_OR_ADAPTER,typed,typed,fits,UNKNOWN,NONE,External accounts and output parity require definition.,user-request:strategic-resource-regions
adapter.sector.arabian_peninsula.petroleum,Arabian Peninsula petroleum sector adapter,instance,type.adapter.resource_boundary,BoundaryAdapter,physical_products,false,1,none,MECHANICAL_OR_ADAPTER,typed,typed,fits,UNKNOWN,NONE,External accounts and output parity require definition.,user-request:strategic-resource-regions
adapter.sector.caucasus.petroleum,Caucasus petroleum sector adapter,instance,type.adapter.resource_boundary,BoundaryAdapter,physical_products,false,1,none,MECHANICAL_OR_ADAPTER,typed,typed,fits,UNKNOWN,NONE,External source accounts and CRUDE_OIL output parity require definition.,user-request:strategic-resource-regions
adapter.sector.congo_basin.forestry,Congo Basin forestry sector adapter,instance,type.adapter.resource_boundary,BoundaryAdapter,physical_products,false,1,none,MECHANICAL_OR_ADAPTER,typed,typed,fits,UNKNOWN,NONE,External source accounts title legality and output parity require definition.,user-request:strategic-resource-regions
adapter.sector.drc.copper_cobalt,DRC copper and cobalt sector adapter,instance,type.adapter.resource_boundary,BoundaryAdapter,physical_products,false,1,none,MECHANICAL_OR_ADAPTER,typed,typed,fits,UNKNOWN,NONE,External source accounts and stage-specific output parity require definition.,user-request:strategic-resource-regions
adapter.supply.row.green_coffee,Rest-of-world green-coffee supply,instance,type.adapter.typed_boundary,BoundaryAdapter,physical_products,false,1,none,MECHANICAL_OR_ADAPTER,typed,structural,fits,UNKNOWN,NONE,External source account counterparty UNKNOWN Manifest selection deferred until ownership/relationship/transmission/scenario/probe closure validates.,06-design-discussion-representation-catalog.md:490
adapter.supply.row.live_hogs,Rest-of-world live-hog supply,instance,type.adapter.typed_boundary,BoundaryAdapter,physical_products,false,1,none,MECHANICAL_OR_ADAPTER,typed,structural,fits,UNKNOWN,NONE,External source account counterparty UNKNOWN Manifest selection deferred until ownership/relationship/transmission/scenario/probe closure validates.,06-design-discussion-representation-catalog.md:491
adapter.supply.row.timber,Rest-of-world timber supply,instance,type.adapter.typed_boundary,BoundaryAdapter,physical_products,false,1,none,MECHANICAL_OR_ADAPTER,typed,structural,fits,UNKNOWN,NONE,External source account counterparty UNKNOWN Manifest selection deferred until ownership/relationship/transmission/scenario/probe closure validates.,06-design-discussion-representation-catalog.md:489
adapter.transform.coffee_roasting,Coffee roasting adapter,instance,type.adapter.typed_boundary,BoundaryAdapter,physical_products,false,1,none,MECHANICAL_OR_ADAPTER,typed,structural,fits,UNKNOWN,NONE,External transformation provider UNKNOWN Manifest selection deferred until ownership/relationship/transmission/scenario/probe closure validates.,06-design-discussion-representation-catalog.md:478
adapter.transform.hogs_slaughter,Hog slaughter adapter,instance,type.adapter.typed_boundary,BoundaryAdapter,physical_products,false,1,none,MECHANICAL_OR_ADAPTER,typed,structural,fits,UNKNOWN,NONE,External transformation provider UNKNOWN Manifest selection deferred until ownership/relationship/transmission/scenario/probe closure validates.,06-design-discussion-representation-catalog.md:479
adapter.transform.timber_milling,Timber milling adapter,instance,type.adapter.typed_boundary,BoundaryAdapter,physical_products,false,1,none,MECHANICAL_OR_ADAPTER,typed,structural,fits,UNKNOWN,NONE,External transformation provider UNKNOWN Manifest selection deferred until ownership/relationship/transmission/scenario/probe closure validates.,06-design-discussion-representation-catalog.md:477
adapter.transit.caucasus.energy,Caucasus energy transit adapter,instance,type.adapter.resource_boundary,BoundaryAdapter,physical_products,false,1,none,MECHANICAL_OR_ADAPTER,typed,typed,fits,UNKNOWN,NONE,CRUDE_OIL and NATURAL_GAS custody title delay loss and capacity outputs require definition.,user-request:strategic-resource-regions
adapter.transport.drc.minerals,DRC mineral transport adapter,instance,type.adapter.resource_boundary,BoundaryAdapter,physical_products,false,1,none,MECHANICAL_OR_ADAPTER,typed,typed,fits,UNKNOWN,NONE,Custody title delay loss and capacity outputs require definition.,user-request:strategic-resource-regions
adapter.water.arabian_peninsula,Arabian Peninsula water-system adapter,instance,type.adapter.resource_boundary,BoundaryAdapter,physical_products,false,1,none,MECHANICAL_OR_ADAPTER,typed,typed,fits,UNKNOWN,NONE,Water availability energy demand and allocation outputs require definition.,user-request:strategic-resource-regions
agreement.central_bank.swap_lines,Central-bank swap arrangements,instance,type.agreement.default,Agreement,sovereign_regional,false,1,none,MECHANICAL_OR_ADAPTER,named,identity_only,fits,UNKNOWN,NONE,Agreement establishes facilities each central bank operates; neither agreement nor sovereign container owns participant liquidity positions.,04-design-discussion-minimum-simulation-kernel.md:559;06-design-discussion-representation-catalog.md:338-339
agreement.foreign.information_sharing,Foreign information-sharing agreements,instance,type.agreement.default,Agreement,sovereign_regional,false,1,none,MECHANICAL_OR_ADAPTER,named,identity_only,fits,UNKNOWN,NONE,Clauses affect access and create commitments; performance is separately evidenced.,04-design-discussion-minimum-simulation-kernel.md:559
agreement.foreign.liquidity_support,Foreign liquidity-support agreement,instance,type.agreement.default,Agreement,sovereign_regional,false,1,none,MECHANICAL_OR_ADAPTER,named,identity_only,fits,UNKNOWN,NONE,Agreement candidate; specific facilities and participant obligations require scenario research.,04-design-discussion-minimum-simulation-kernel.md:559
agreement.foreign.regulatory_memoranda,Foreign regulatory memoranda,instance,type.agreement.default,Agreement,sovereign_regional,false,1,none,MECHANICAL_OR_ADAPTER,named,identity_only,fits,UNKNOWN,NONE,Clauses affect eligibility and commitments; performance is separately evidenced.,04-design-discussion-minimum-simulation-kernel.md:559
agreement.foreign.sanctions_coordination,Foreign sanctions-coordination agreements,instance,type.agreement.default,Agreement,sovereign_regional,false,1,none,MECHANICAL_OR_ADAPTER,named,identity_only,fits,UNKNOWN,NONE,Clauses affect eligibility and commitments; performance is separately evidenced.,04-design-discussion-minimum-simulation-kernel.md:559
agreement.us.federal_reserve.swap_lines,Central Bank Swap-Line Agreements,instance,type.agreement.default,Agreement,Fed,false,1,none,MECHANICAL_OR_ADAPTER,named,identity_only,fits,UNKNOWN,NONE,Counterparties/terms UNKNOWN; each side operates a facility.,06-design-discussion-representation-catalog.md:339
agreement.us.repo.bilateral,Bilateral Repo Agreement,instance,type.agreement.default,Agreement,markets,true,2,none,MECHANICAL_OR_ADAPTER,researched,probe_complete,fits,UNKNOWN,NONE,"The MVP selects one explicit non-automatic-roll contract with cash, claim, maturity, haircut, and collateral-control terms.",12-structure-outline-bernankey-mvp-cycle.md:299-319
auth.us.primary_dealer_designation,Primary-Dealer Designation Regime,instance,type.legal_instrument.default,LegalInstrument,markets,false,1,none,MECHANICAL_OR_ADAPTER,named,identity_only,fits,UNKNOWN,NONE,Effective legal terms and designated members UNKNOWN.,06-design-discussion-representation-catalog.md:378
body.il.cabinet,Israeli cabinet,instance,type.decision_body.default,DecisionBody,sovereign_regional,false,1,none,MECHANICAL_OR_ADAPTER,typed,typed,fits,UNKNOWN,NONE,"Scenario-specific boundary owner; opening state and replacement share remain UNKNOWN, so manifest selection is deferred.",04-design-discussion-minimum-simulation-kernel.md:1346;04-design-discussion-minimum-simulation-kernel.md:819-837;05-design-discussion-representation-bible.md:678-690;05-design-discussion-representation-bible.md:737-771
body.jp.cabinet,Japanese Cabinet,instance,type.decision_body.default,DecisionBody,sovereign_regional,false,1,none,MECHANICAL_OR_ADAPTER,named,identity_only,fits,UNKNOWN,NONE,Procedural body candidate distinct from Japan's sovereign container.,04-design-discussion-minimum-simulation-kernel.md:1350
body.opec,OPEC actors,instance,type.decision_body.default,DecisionBody,sovereign_regional,false,1,none,MECHANICAL_OR_ADAPTER,named,identity_only,fits,UNKNOWN,NONE,Cross-border coordinating subject only; production actions resolve to the distinct actor or mechanism that is authorized to execute them.,05-design-discussion-representation-bible.md:178;04-design-discussion-minimum-simulation-kernel.md:1345
body.us.federal_reserve.board_voting,Board of Governors Voting Body,instance,type.decision_body.default,DecisionBody,Fed,false,1,participant_cognition,PARTICIPANT_DISTRIBUTION,named,typed,fits,UNKNOWN,NONE,Distinct from Board institution; member roster UNKNOWN.,06-design-discussion-representation-catalog.md:256
body.us.federal_reserve.fomc,Federal Open Market Committee,instance,type.decision_body.default,DecisionBody,Fed,true,1,participant_cognition,PARTICIPANT_DISTRIBUTION,researched,probe_complete,fits,UNKNOWN,NONE,The MVP initializes a bounded 2006 roster and voting procedure; broader membership remains outside the selected slice.,12-structure-outline-bernankey-mvp-cycle.md:195-285
body.us.federal_reserve.reserve_bank_boards,Reserve Bank Boards of Directors,instance,type.decision_body.default,DecisionBody,Fed,false,1,participant_cognition,PARTICIPANT_DISTRIBUTION,named,identity_only,fits,UNKNOWN,NONE,Individual boards and members UNKNOWN; discount rate subject to Board review.,06-design-discussion-representation-catalog.md:257
body.us.treasury.tbac,Treasury Borrowing Advisory Committee,instance,type.decision_body.default,DecisionBody,Treasury,false,1,participant_cognition,PARTICIPANT_DISTRIBUTION,named,typed,fits,UNKNOWN,NONE,Advisory only; recommendations are claims not authorizations.,06-design-discussion-representation-catalog.md:259
coalition.il.governing_parties,Israeli governing coalition parties,instance,type.coalition.default,Coalition,sovereign_regional,false,1,none,MECHANICAL_OR_ADAPTER,named,identity_only,fits,UNKNOWN,NONE,"Coalition candidate, not a unitary sovereign cognition owner.",04-design-discussion-minimum-simulation-kernel.md:1346
coalition.ir.factional_networks,Iranian factional networks,instance,type.coalition.default,Coalition,sovereign_regional,false,1,none,MECHANICAL_OR_ADAPTER,named,identity_only,fits,UNKNOWN,NONE,Aggregate coalition subject as explicitly named; constituent membership remains UNKNOWN.,04-design-discussion-minimum-simulation-kernel.md:1347
coalition.ru.elite_networks,Russian elite networks,instance,type.coalition.default,Coalition,sovereign_regional,false,1,none,MECHANICAL_OR_ADAPTER,named,identity_only,fits,UNKNOWN,NONE,Aggregate coalition subject as explicitly named.,04-design-discussion-minimum-simulation-kernel.md:1352
coalition.uk.parties,United Kingdom parties,instance,type.coalition.default,Coalition,sovereign_regional,false,1,none,MECHANICAL_OR_ADAPTER,named,identity_only,fits,UNKNOWN,NONE,Aggregate political coalition subject as explicitly named.,04-design-discussion-minimum-simulation-kernel.md:1351
cohort.eu.exposed_banks,Exposed euro-area banks,instance,type.organization_cohort.default,OrganizationCohort,sovereign_regional,false,1,cohort_response,ORGANIZATION_COHORT_RESPONSE,typed,typed,fits,UNKNOWN,NONE,"Scenario-specific boundary owner; opening state and replacement share remain UNKNOWN, so manifest selection is deferred.",04-design-discussion-minimum-simulation-kernel.md:819-837;05-design-discussion-representation-bible.md:678-690;05-design-discussion-representation-bible.md:737-771;04-design-discussion-minimum-simulation-kernel.md:819-837;05-design-discussion-representation-bible.md:678-690;05-design-discussion-representation-bible.md:737-771
cohort.foreign.central_bank,Foreign central banks,instance,type.institution.default,Institution,financial,false,1,participant_cognition,PARTICIPANT_DISTRIBUTION,named,typed,fits,UNKNOWN,NONE,Promoted independently of sovereign container; membership and scope unresolved. Manifest selection deferred until ownership/relationship/transmission/scenario/probe closure validates.,06-design-discussion-representation-catalog.md:284;05-design-discussion-representation-bible.md:121
cohort.foreign.central_banks,Foreign central banks,instance,type.organization_cohort.default,OrganizationCohort,sovereign_regional,false,1,cohort_response,ORGANIZATION_COHORT_RESPONSE,named,identity_only,fits,UNKNOWN,NONE,Aggregate foreign institution fallback; promoted central banks replace declared scope only.,06-design-discussion-representation-catalog.md:284
cohort.foreign.finance_ministries,Foreign finance ministries,instance,type.organization_cohort.default,OrganizationCohort,sovereign_regional,false,1,cohort_response,ORGANIZATION_COHORT_RESPONSE,named,identity_only,fits,UNKNOWN,NONE,Aggregate foreign institution fallback; promoted ministries replace declared scope only.,06-design-discussion-representation-catalog.md:284
cohort.foreign.finance_ministry,Foreign finance ministries,instance,type.institution.default,Institution,financial,false,1,participant_cognition,PARTICIPANT_DISTRIBUTION,named,typed,fits,UNKNOWN,NONE,Promoted independently of sovereign container; membership and scope unresolved. Manifest selection deferred until ownership/relationship/transmission/scenario/probe closure validates.,06-design-discussion-representation-catalog.md:284;05-design-discussion-representation-bible.md:121
cohort.foreign.sovereign_fund,Foreign sovereign funds,instance,type.institution.default,Institution,financial,false,1,participant_cognition,PARTICIPANT_DISTRIBUTION,named,typed,fits,UNKNOWN,NONE,Promoted independently of sovereign container; membership and scope unresolved. Manifest selection deferred until ownership/relationship/transmission/scenario/probe closure validates.,06-design-discussion-representation-catalog.md:284;05-design-discussion-representation-bible.md:121
cohort.foreign.sovereign_funds,Foreign sovereign funds,instance,type.organization_cohort.default,OrganizationCohort,sovereign_regional,false,1,cohort_response,ORGANIZATION_COHORT_RESPONSE,named,identity_only,fits,UNKNOWN,NONE,Aggregate foreign institution fallback; promoted funds retain independent asset ownership.,06-design-discussion-representation-catalog.md:284
cohort.foreign.state_bank,Foreign state banks,instance,type.institution.default,Institution,financial,false,1,participant_cognition,PARTICIPANT_DISTRIBUTION,named,typed,fits,UNKNOWN,NONE,Promoted independently of sovereign container; membership and scope unresolved. Manifest selection deferred until ownership/relationship/transmission/scenario/probe closure validates.,06-design-discussion-representation-catalog.md:284;05-design-discussion-representation-bible.md:121
cohort.foreign.state_banks,Foreign state banks,instance,type.organization_cohort.default,OrganizationCohort,sovereign_regional,false,1,cohort_response,ORGANIZATION_COHORT_RESPONSE,named,identity_only,fits,UNKNOWN,NONE,Aggregate foreign institution fallback; promoted banks retain independent balance-sheet ownership.,06-design-discussion-representation-catalog.md:284
cohort.jp.banks,Japanese banks,instance,type.organization_cohort.default,OrganizationCohort,sovereign_regional,false,1,cohort_response,ORGANIZATION_COHORT_RESPONSE,typed,typed,fits,UNKNOWN,NONE,"Scenario-specific boundary owner; opening state and replacement share remain UNKNOWN, so manifest selection is deferred.",04-design-discussion-minimum-simulation-kernel.md:823;04-design-discussion-minimum-simulation-kernel.md:1350;04-design-discussion-minimum-simulation-kernel.md:819-837;05-design-discussion-representation-bible.md:678-690;05-design-discussion-representation-bible.md:737-771
cohort.jp.insurers,Japanese insurers,instance,type.organization_cohort.default,OrganizationCohort,sovereign_regional,false,1,cohort_response,ORGANIZATION_COHORT_RESPONSE,typed,typed,fits,UNKNOWN,NONE,"Scenario-specific boundary owner; opening state and replacement share remain UNKNOWN, so manifest selection is deferred.",04-design-discussion-minimum-simulation-kernel.md:823;04-design-discussion-minimum-simulation-kernel.md:1350;04-design-discussion-minimum-simulation-kernel.md:819-837;05-design-discussion-representation-bible.md:678-690;05-design-discussion-representation-bible.md:737-771
cohort.jp.pensions,Japanese pensions,instance,type.organization_cohort.default,OrganizationCohort,sovereign_regional,false,1,cohort_response,ORGANIZATION_COHORT_RESPONSE,typed,typed,fits,UNKNOWN,NONE,"Scenario-specific boundary owner; opening state and replacement share remain UNKNOWN, so manifest selection is deferred.",04-design-discussion-minimum-simulation-kernel.md:823;04-design-discussion-minimum-simulation-kernel.md:1350;04-design-discussion-minimum-simulation-kernel.md:819-837;05-design-discussion-representation-bible.md:678-690;05-design-discussion-representation-bible.md:737-771
cohort.ru.energy_firms,Russian energy firms,instance,type.organization_cohort.default,OrganizationCohort,sovereign_regional,false,1,cohort_response,ORGANIZATION_COHORT_RESPONSE,typed,typed,fits,UNKNOWN,NONE,"Scenario-specific boundary owner; opening state and replacement share remain UNKNOWN, so manifest selection is deferred.",04-design-discussion-minimum-simulation-kernel.md:1352;04-design-discussion-minimum-simulation-kernel.md:819-837;05-design-discussion-representation-bible.md:678-690;05-design-discussion-representation-bible.md:737-771
cohort.sg.dollar_funding_banks,Singapore dollar-funding banks,instance,type.organization_cohort.default,OrganizationCohort,sovereign_regional,false,1,cohort_response,ORGANIZATION_COHORT_RESPONSE,typed,typed,fits,UNKNOWN,NONE,"Scenario-specific boundary owner; opening state and replacement share remain UNKNOWN, so manifest selection is deferred.",04-design-discussion-minimum-simulation-kernel.md:819-837;05-design-discussion-representation-bible.md:678-690;05-design-discussion-representation-bible.md:737-771;04-design-discussion-minimum-simulation-kernel.md:819-837;05-design-discussion-representation-bible.md:678-690;05-design-discussion-representation-bible.md:737-771
cohort.uk.pensions,United Kingdom pensions,instance,type.organization_cohort.default,OrganizationCohort,sovereign_regional,false,1,cohort_response,ORGANIZATION_COHORT_RESPONSE,typed,typed,fits,UNKNOWN,NONE,"Scenario-specific boundary owner; opening state and replacement share remain UNKNOWN, so manifest selection is deferred.",04-design-discussion-minimum-simulation-kernel.md:1351;04-design-discussion-minimum-simulation-kernel.md:819-837;05-design-discussion-representation-bible.md:678-690;05-design-discussion-representation-bible.md:737-771
cohort.us.asset_manager,Asset managers,instance,type.organization_cohort.default,OrganizationCohort,financial,false,1,cohort_response,ORGANIZATION_COHORT_RESPONSE,named,typed,fits,UNKNOWN,NONE,May instead be promoted as Institution by selected tier; exact selection unresolved. Manifest selection deferred until ownership/relationship/transmission/scenario/probe closure validates.,06-design-discussion-representation-catalog.md:281
cohort.us.bank.community_credit_union,Community banks and credit unions,instance,type.organization_cohort.default,OrganizationCohort,financial,false,1,cohort_response,ORGANIZATION_COHORT_RESPONSE,named,typed,fits,UNKNOWN,NONE,"Distribution is by size, geography, and funding mix. Manifest selection deferred until ownership/relationship/transmission/scenario/probe closure validates.",06-design-discussion-representation-catalog.md:285
cohort.us.bank.regional_cre_concentrated,U.S. regional banks with concentrated commercial-real-estate exposure,instance,type.organization_cohort.regional_bank,OrganizationCohort,financial,false,1,cohort_response,ORGANIZATION_COHORT_RESPONSE,typed,structural,fits,UNKNOWN,NONE,Receives separately reconciled residual for each named regional bank; scope region.us. Manifest selection deferred until ownership/relationship/transmission/scenario/probe closure validates.,06-design-discussion-representation-catalog.md:907-947
cohort.us.bank.systemically_important,Systemically important banks,instance,type.institution.default,Institution,financial,false,1,participant_cognition,PARTICIPANT_DISTRIBUTION,named,typed,fits,UNKNOWN,NONE,"Primary-dealer status is eligibility plus conferred designation affiliation, not a clade. Manifest selection deferred until ownership/relationship/transmission/scenario/probe closure validates.",06-design-discussion-representation-catalog.md:278
cohort.us.custodian.tri_party,Tri-party custodians,instance,type.institution.default,Institution,financial,false,1,participant_cognition,PARTICIPANT_DISTRIBUTION,named,typed,fits,UNKNOWN,NONE,Custodian makes discretionary intraday-credit decisions; tri-party allocation and operational availability belong to a separate MechanicalSystem. Manifest selection deferred until ownership/relationship/transmission/scenario/probe closure validates.,06-design-discussion-representation-catalog.md:282;06-design-discussion-representation-catalog.md:336
cohort.us.dealer.non_primary,Non-primary broker-dealers,instance,type.organization_cohort.default,OrganizationCohort,financial,false,1,cohort_response,ORGANIZATION_COHORT_RESPONSE,named,typed,fits,UNKNOWN,NONE,Shallow cohort; member roster and fallback unresolved. Manifest selection deferred until ownership/relationship/transmission/scenario/probe closure validates.,06-design-discussion-representation-catalog.md:286
cohort.us.dealer.primary,Primary dealers,instance,type.organization_cohort.default,OrganizationCohort,financial,true,2,cohort_response,ORGANIZATION_COHORT_RESPONSE,researched,probe_complete,fits,UNKNOWN,NONE,"The MVP models aggregate cash, Treasury inventory, repo claim, collateral control, and capacity; designation remains an affiliation rather than a clade.",12-structure-outline-bernankey-mvp-cycle.md:299-319
cohort.us.fund.money_market_complex,Money-market fund complexes,instance,type.organization_cohort.default,OrganizationCohort,financial,false,1,cohort_response,ORGANIZATION_COHORT_RESPONSE,named,typed,fits,UNKNOWN,NONE,May instead be promoted as Institution by selected tier; exact selection unresolved. Manifest selection deferred until ownership/relationship/transmission/scenario/probe closure validates.,06-design-discussion-representation-catalog.md:281
cohort.us.fund.small_hedge,Small hedge funds,instance,type.organization_cohort.default,OrganizationCohort,financial,false,1,cohort_response,ORGANIZATION_COHORT_RESPONSE,named,typed,fits,UNKNOWN,NONE,Shallow cohort; member roster and fallback unresolved. Manifest selection deferred until ownership/relationship/transmission/scenario/probe closure validates.,06-design-discussion-representation-catalog.md:286
cohort.us.insurer,Insurers,instance,type.organization_cohort.default,OrganizationCohort,financial,false,1,cohort_response,ORGANIZATION_COHORT_RESPONSE,named,typed,fits,UNKNOWN,NONE,May instead be promoted as Institution by selected tier; exact selection unresolved. Manifest selection deferred until ownership/relationship/transmission/scenario/probe closure validates.,06-design-discussion-representation-catalog.md:281
cohort.us.insurer.regional,Regional insurers,instance,type.organization_cohort.default,OrganizationCohort,financial,false,1,cohort_response,ORGANIZATION_COHORT_RESPONSE,named,typed,fits,UNKNOWN,NONE,Shallow cohort; member roster and fallback unresolved. Manifest selection deferred until ownership/relationship/transmission/scenario/probe closure validates.,06-design-discussion-representation-catalog.md:286
cohort.us.pension,Pensions,instance,type.organization_cohort.default,OrganizationCohort,financial,false,1,cohort_response,ORGANIZATION_COHORT_RESPONSE,named,typed,fits,UNKNOWN,NONE,May instead be promoted as Institution by selected tier; exact selection unresolved. Manifest selection deferred until ownership/relationship/transmission/scenario/probe closure validates.,06-design-discussion-representation-catalog.md:281
cohort.us.petroleum_producers,U.S. domestic petroleum producers,instance,type.organization_cohort.default,OrganizationCohort,sovereign_regional,false,1,cohort_response,ORGANIZATION_COHORT_RESPONSE,researched,identity_only,fits,UNKNOWN,NONE,Private domestic producers under EPAA 1973 price and allocation controls (no state operator); Controls in force; fully lifted by EO 12287 on 1981-01-28. Carter phased decontrol start date UNVERIFIED; confidence medium,https://www.presidency.ucsb.edu/documents/executive-order-12287-decontrol-crude-oil-and-refined-petroleum-products
facility.central_bank.swap_lines,Central-bank swap facilities,instance,type.facility.default,Facility,sovereign_regional,false,1,none,MECHANICAL_OR_ADAPTER,named,identity_only,fits,UNKNOWN,NONE,"One facility per operating side is required when instantiated; this candidate is the named cross-border facility family, not a liquidity stock owner.",06-design-discussion-representation-catalog.md:338-339
facility.fima_repo,FIMA repo facility,instance,type.facility.default,Facility,sovereign_regional,false,1,none,MECHANICAL_OR_ADAPTER,named,identity_only,fits,UNKNOWN,NONE,Named cross-border liquidity facility; eligibility is a rule and participant balances remain owned by legal/accounting subjects.,06-design-discussion-representation-catalog.md:338;06-design-discussion-representation-catalog.md:378
facility.us.federal_reserve.discount_window,Discount Window,instance,type.facility.default,Facility,Fed,false,1,none,MECHANICAL_OR_ADAPTER,named,typed,fits,UNKNOWN,NONE,Operating Reserve Bank depends on borrower; terms UNKNOWN.,06-design-discussion-representation-catalog.md:338;07-design-discussion-burrow-composition-probe.md:143
facility.us.federal_reserve.fima_repo,FIMA Repo Facility,instance,type.facility.default,Facility,Fed,false,1,none,MECHANICAL_OR_ADAPTER,named,identity_only,fits,UNKNOWN,NONE,Terms/eligible account holders UNKNOWN.,06-design-discussion-representation-catalog.md:338;06-design-discussion-representation-catalog.md:378
facility.us.federal_reserve.rrp,Reverse Repo Facility,instance,type.facility.default,Facility,Fed,false,1,none,MECHANICAL_OR_ADAPTER,named,identity_only,fits,UNKNOWN,NONE,Terms/eligibility UNKNOWN.,06-design-discussion-representation-catalog.md:338
facility.us.federal_reserve.section_13_3,Section 13(3) Facility,instance,type.facility.default,Facility,Fed,false,1,none,MECHANICAL_OR_ADAPTER,named,identity_only,fits,UNKNOWN,NONE,Specific vehicle and selected era UNKNOWN.,06-design-discussion-representation-catalog.md:338;07-design-discussion-burrow-composition-probe.md:160-173
facility.us.federal_reserve.srf,Standing Repo Facility,instance,type.facility.default,Facility,Fed,false,1,none,MECHANICAL_OR_ADAPTER,named,typed,fits,UNKNOWN,NONE,Terms/caps/eligibility and period UNKNOWN; FOMC authorizes terms as stated.,06-design-discussion-representation-catalog.md:997-1020
federated.euro_area,Euro area,instance,type.federated_system.default,FederatedSystem,sovereign_regional,false,1,none,MECHANICAL_OR_ADAPTER,named,identity_only,fits,UNKNOWN,NONE,"Federated composition root, not a sovereign; ECB, national central banks, Commission, member governments, banks, and principals retain their own state and action ownership.",04-design-discussion-minimum-simulation-kernel.md:1349;05-design-discussion-representation-bible.md:122-123;06-design-discussion-representation-catalog.md:366
federation.us.federal_reserve,Federal Reserve System,instance,type.federated_system.default,FederatedSystem,Fed,false,1,none,MECHANICAL_OR_ADAPTER,named,structural,fits,UNKNOWN,NONE,Board/Reserve Bank roster has a stated twelve-bank composition; current period UNKNOWN; consolidated balance sheet derived and system owns no stocks.,06-design-discussion-representation-catalog.md:269;06-design-discussion-representation-catalog.md:955-960
firm.iq.inoc,Iraq National Oil Company,instance,type.named_firm.default,NamedFirm,sovereign_regional,false,1,cohort_response,ORGANIZATION_COHORT_RESPONSE,researched,identity_only,fits,UNKNOWN,NONE,Iraq National Oil Company (INOC); Sole operator; production above 3 mb/d before the war; confidence medium,https://en.wikipedia.org/wiki/Iraq_National_Oil_Company
firm.ir.nioc,National Iranian Oil Company,instance,type.named_firm.default,NamedFirm,sovereign_regional,false,1,cohort_response,ORGANIZATION_COHORT_RESPONSE,researched,identity_only,fits,UNKNOWN,NONE,"National Iranian Oil Company (chairman and managing director Hassan Nazih, appointed by PM Bazargan) under the Interim Government. No Ministry of Petroleum existed; Nazih head of NIOC 1979-02-17 to 1979-09-28; 1954 Consortium Agreement annulled after the revolution; confidence high",https://en.wikipedia.org/wiki/Hassan_Nazih
firm.kw.koc,Kuwait Oil Company,instance,type.named_firm.default,NamedFirm,sovereign_regional,false,1,cohort_response,ORGANIZATION_COHORT_RESPONSE,researched,identity_only,fits,UNKNOWN,NONE,"Kuwait Oil Company (KOC), wholly state-owned; no holding company yet; State-owned operator; KPC not founded until 1980-01-27; confidence high",https://en.wikipedia.org/wiki/Kuwait_Oil_Company
firm.sa.aramco,Arabian American Oil Company (Aramco),instance,type.named_firm.default,NamedFirm,sovereign_regional,false,1,cohort_response,ORGANIZATION_COHORT_RESPONSE,researched,identity_only,fits,UNKNOWN,NONE,"Arabian American Oil Company (Aramco); government participation 60% since 1974, US partners (Socal, Texaco, Exxon, Mobil) holding the rest; Operating the fields at 60% state participation; 100% state ownership came in 1980; confidence high",https://www.aramco.com/en/about-us/our-history
firm.sa.saudi_aramco,Saudi Aramco,instance,type.named_firm.default,NamedFirm,sovereign_regional,false,1,cohort_response,ORGANIZATION_COHORT_RESPONSE,typed,typed,fits,UNKNOWN,NONE,"Scenario-specific boundary owner; opening state and replacement share remain UNKNOWN, so manifest selection is deferred.",04-design-discussion-minimum-simulation-kernel.md:1345;06-design-discussion-representation-catalog.md:291;04-design-discussion-minimum-simulation-kernel.md:819-837;05-design-discussion-representation-bible.md:678-690;05-design-discussion-representation-bible.md:737-771
firm.uk.bnoc,British National Oil Corporation,instance,type.named_firm.default,NamedFirm,sovereign_regional,false,1,cohort_response,ORGANIZATION_COHORT_RESPONSE,researched,identity_only,fits,UNKNOWN,NONE,"British National Oil Corporation (BNOC, state participation, trading, and operator in Ninian and Thistle) alongside private North Sea licensees; Could buy back up to 51% of field production; private operators produced most output (share UNVERIFIED); confidence high",https://en.wikipedia.org/wiki/Petroleum_and_Submarine_Pipe-lines_Act_1975
firm.ve.pdvsa,Petróleos de Venezuela,instance,type.named_firm.default,NamedFirm,sovereign_regional,false,1,cohort_response,ORGANIZATION_COHORT_RESPONSE,researched,identity_only,fits,UNKNOWN,NONE,"Petróleos de Venezuela, S.A. (PDVSA), operating through subsidiaries such as Lagoven, Maraven and Llanoven; State holding company over the nationalized former concessionaires; confidence high",https://bibliofep.fundacionempresaspolar.org/dhv/entradas/p/petroleos-de-venezuela/
generator.chokepoint_blockage,Chokepoint blockage hazards,instance,type.generator.default,Generator,sovereign_regional,false,1,none,MECHANICAL_OR_ADAPTER,named,identity_only,fits,UNKNOWN,NONE,Generator supplies keyed initiating facts only. Incident-tape fallback is UNKNOWN.,06-design-discussion-representation-catalog.md:375;05-design-discussion-representation-bible.md:125
generator.climate.amazon_basin,Amazon climate hazards,instance,type.generator.regional_climate_hazard,Generator,physical_products,false,1,none,MECHANICAL_OR_ADAPTER,typed,structural,fits,UNKNOWN,NONE,Hazard model parameters UNKNOWN Manifest selection deferred until ownership/relationship/transmission/scenario/probe closure validates.,06-design-discussion-representation-catalog.md:459
generator.cyber,Cyber hazards,instance,type.generator.default,Generator,sovereign_regional,false,1,none,MECHANICAL_OR_ADAPTER,named,identity_only,fits,UNKNOWN,NONE,Generator supplies keyed initiating facts only. Incident-tape fallback is UNKNOWN.,06-design-discussion-representation-catalog.md:375;05-design-discussion-representation-bible.md:125
generator.drought,Drought hazards,instance,type.generator.default,Generator,sovereign_regional,false,1,none,MECHANICAL_OR_ADAPTER,named,identity_only,fits,UNKNOWN,NONE,Generator supplies keyed initiating facts only. Incident-tape fallback is UNKNOWN.,06-design-discussion-representation-catalog.md:375;05-design-discussion-representation-bible.md:125
generator.gaffe_leak,Gaffe and leak hazards,instance,type.generator.default,Generator,sovereign_regional,false,1,none,MECHANICAL_OR_ADAPTER,named,identity_only,fits,UNKNOWN,NONE,Generator supplies keyed initiating facts only. Incident-tape fallback is UNKNOWN.,06-design-discussion-representation-catalog.md:375;05-design-discussion-representation-bible.md:125
generator.geological,Geological hazards,instance,type.generator.default,Generator,sovereign_regional,false,1,none,MECHANICAL_OR_ADAPTER,named,identity_only,fits,UNKNOWN,NONE,Generator supplies keyed initiating facts only. Incident-tape fallback is UNKNOWN.,06-design-discussion-representation-catalog.md:375;05-design-discussion-representation-bible.md:125
generator.outbreak,Outbreak initiation,instance,type.generator.default,Generator,sovereign_regional,false,1,none,MECHANICAL_OR_ADAPTER,named,identity_only,fits,UNKNOWN,NONE,Generator supplies keyed initiating facts only. Incident-tape fallback is UNKNOWN.,06-design-discussion-representation-catalog.md:375;05-design-discussion-representation-bible.md:125
generator.statistical_release_failure,Statistical release failure,instance,type.generator.default,Generator,sovereign_regional,false,1,none,MECHANICAL_OR_ADAPTER,named,identity_only,fits,UNKNOWN,NONE,Generator supplies keyed initiating facts only. Incident-tape fallback is UNKNOWN.,06-design-discussion-representation-catalog.md:375;05-design-discussion-representation-bible.md:125
generator.technological_breakthrough,Technological breakthrough hazards,instance,type.generator.default,Generator,sovereign_regional,false,1,none,MECHANICAL_OR_ADAPTER,named,identity_only,fits,UNKNOWN,NONE,Generator supplies keyed initiating facts only. Incident-tape fallback is UNKNOWN.,06-design-discussion-representation-catalog.md:375;05-design-discussion-representation-bible.md:125
generator.weather,Weather hazards,instance,type.generator.default,Generator,sovereign_regional,false,1,none,MECHANICAL_OR_ADAPTER,named,identity_only,fits,UNKNOWN,NONE,Generator supplies keyed initiating facts only; it cannot own downstream prices or output final outcomes. Incident-tape fallback is UNKNOWN.,06-design-discussion-representation-catalog.md:375;05-design-discussion-representation-bible.md:125
generator.wildfire,Wildfire hazards,instance,type.generator.default,Generator,sovereign_regional,false,1,none,MECHANICAL_OR_ADAPTER,named,identity_only,fits,UNKNOWN,NONE,Generator supplies keyed initiating facts only. Incident-tape fallback is UNKNOWN.,06-design-discussion-representation-catalog.md:375;05-design-discussion-representation-bible.md:125
household.us.cohorts,Household cohorts with member-slot distributions,instance,type.household_cohort.default,HouseholdCohort,populations_organizations,true,1,distributed_response,PARTICIPANT_DISTRIBUTION,typed,probe_complete,fits,UNKNOWN,NONE,Phase 5 initializes exactly two household summaries whose member allocations reconcile to the two selected person cells.,12-structure-outline-bernankey-mvp-cycle.md:465-543
industry.amazon_basin.coffee,Amazon coffee production,instance,type.industry.regional_product,IndustryCohort,physical_products,false,1,cohort_response,ORGANIZATION_COHORT_RESPONSE,typed,structural,fits,UNKNOWN,NONE,Charter rights contracts and regulation references UNKNOWN Manifest selection deferred until ownership/relationship/transmission/scenario/probe closure validates.,06-design-discussion-representation-catalog.md:441
industry.amazon_basin.forestry,Amazon forestry,instance,type.industry.regional_product,IndustryCohort,physical_products,false,1,cohort_response,ORGANIZATION_COHORT_RESPONSE,typed,structural,fits,UNKNOWN,NONE,Charter rights contracts and regulation references UNKNOWN Manifest selection deferred until ownership/relationship/transmission/scenario/probe closure validates.,06-design-discussion-representation-catalog.md:440
industry.amazon_basin.pork,Amazon hog production,instance,type.industry.regional_product,IndustryCohort,physical_products,false,1,cohort_response,ORGANIZATION_COHORT_RESPONSE,typed,structural,fits,UNKNOWN,NONE,Charter rights contracts and regulation references UNKNOWN Manifest selection deferred until ownership/relationship/transmission/scenario/probe closure validates.,06-design-discussion-representation-catalog.md:442
industry.arabian_peninsula.gas,Arabian Peninsula gas production,instance,type.industry.resource_production,IndustryCohort,physical_products,false,1,cohort_response,ORGANIZATION_COHORT_RESPONSE,named,identity_only,fits,UNKNOWN,NONE,Country and firm allocation LNG capability and residual shares UNKNOWN.,user-request:strategic-resource-regions
industry.arabian_peninsula.petroleum,Arabian Peninsula petroleum production,instance,type.industry.resource_production,IndustryCohort,physical_products,false,1,cohort_response,ORGANIZATION_COHORT_RESPONSE,named,identity_only,fits,UNKNOWN,NONE,Named firms institutions rights capacity inventories and residual shares UNKNOWN.,05-design-discussion-representation-bible.md:665-667
industry.caucasus.petroleum,Caucasus petroleum production,instance,type.industry.resource_production,IndustryCohort,physical_products,false,1,cohort_response,ORGANIZATION_COHORT_RESPONSE,named,identity_only,fits,UNKNOWN,NONE,Country firm field rights capacity inventories and residual shares UNKNOWN.,user-request:strategic-resource-regions
industry.congo_basin.forestry,Congo Basin forestry,instance,type.industry.resource_production,IndustryCohort,physical_products,false,1,cohort_response,ORGANIZATION_COHORT_RESPONSE,named,identity_only,fits,UNKNOWN,NONE,Concessions operators legal harvest shares and residual reconciliation UNKNOWN.,https://www.fao.org/interactive/forest-resources-assessment/2020/en/
industry.drc.copper_cobalt,DRC copper and cobalt extraction,instance,type.industry.resource_production,IndustryCohort,physical_products,false,1,cohort_response,ORGANIZATION_COHORT_RESPONSE,named,identity_only,fits,UNKNOWN,NONE,Named owners rights sites ore grades capacity and residual shares UNKNOWN.,https://pubs.usgs.gov/myb/vol3/2020/myb3-2020-congo-kinshasa.pdf
industry.sa.coffee.aggregate,South American coffee aggregate,instance,type.industry.regional_product,IndustryCohort,physical_products,false,1,cohort_response,ORGANIZATION_COHORT_RESPONSE,typed,structural,fits,UNKNOWN,NONE,Full aggregate when Amazon flattened; non-Amazon residual when explicit Manifest selection deferred until ownership/relationship/transmission/scenario/probe closure validates.,06-design-discussion-representation-catalog.md:481
industry.sa.forestry.aggregate,South American forestry aggregate,instance,type.industry.regional_product,IndustryCohort,physical_products,false,1,cohort_response,ORGANIZATION_COHORT_RESPONSE,typed,structural,fits,UNKNOWN,NONE,Full aggregate when Amazon flattened; non-Amazon residual when explicit Manifest selection deferred until ownership/relationship/transmission/scenario/probe closure validates.,06-design-discussion-representation-catalog.md:480
industry.sa.pork.aggregate,South American pork aggregate,instance,type.industry.regional_product,IndustryCohort,physical_products,false,1,cohort_response,ORGANIZATION_COHORT_RESPONSE,typed,structural,fits,UNKNOWN,NONE,Full aggregate when Amazon flattened; non-Amazon residual when explicit Manifest selection deferred until ownership/relationship/transmission/scenario/probe closure validates.,06-design-discussion-representation-catalog.md:482
inst.global.bis,Bank for International Settlements,instance,type.institution.default,Institution,financial,false,1,participant_cognition,PARTICIPANT_DISTRIBUTION,named,typed,fits,UNKNOWN,NONE,"Structure, ownership, fallback, and residual unresolved. Manifest selection deferred until ownership/relationship/transmission/scenario/probe closure validates.",06-design-discussion-representation-catalog.md:283
inst.global.imf,International Monetary Fund,instance,type.institution.default,Institution,financial,false,1,participant_cognition,PARTICIPANT_DISTRIBUTION,named,typed,fits,UNKNOWN,NONE,"Structure, ownership, fallback, and residual unresolved. Manifest selection deferred until ownership/relationship/transmission/scenario/probe closure validates.",06-design-discussion-representation-catalog.md:283
inst.global.settlement.cls,CLS,instance,type.institution.default,Institution,financial,false,1,participant_cognition,PARTICIPANT_DISTRIBUTION,named,typed,fits,UNKNOWN,NONE,"Chartered firm with board, members, accounts, and discretionary acts; operated machinery is a promoted subobject. Manifest selection deferred until ownership/relationship/transmission/scenario/probe closure validates.",06-design-discussion-representation-catalog.md:282
inst.us.bank.burrow,Burrow Bank,instance,type.institution.regional_bank,Institution,financial,false,2,participant_cognition,PARTICIPANT_DISTRIBUTION,sketched,structural,fits,UNKNOWN,NONE,"Catalog control only: non-manifest-selectable until every relationship and transmission endpoint is bound. Scope is region.us.home_district; charter era, insurance limit, counterparties, date, and legal era are unresolved.",06-design-discussion-representation-catalog.md:812-897;07-design-discussion-burrow-composition-probe.md:168-174
inst.us.clearing.cme,CME Clearing,instance,type.institution.default,Institution,financial,false,1,participant_cognition,PARTICIPANT_DISTRIBUTION,named,typed,fits,UNKNOWN,NONE,"Chartered firm with board, members, accounts, and discretionary margin, membership, and default-management acts; operates a promoted clearing subobject. Manifest selection deferred until ownership/relationship/transmission/scenario/probe closure validates.",06-design-discussion-representation-catalog.md:282;06-design-discussion-representation-catalog.md:345
inst.us.clearing.ficc,Fixed Income Clearing Corporation,instance,type.institution.default,Institution,financial,false,1,participant_cognition,PARTICIPANT_DISTRIBUTION,named,typed,fits,UNKNOWN,NONE,"Chartered firm with board, members, accounts, and discretionary margin, membership, and default-management acts; operates a promoted clearing subobject. Manifest selection deferred until ownership/relationship/transmission/scenario/probe closure validates.",06-design-discussion-representation-catalog.md:282;06-design-discussion-representation-catalog.md:337
inst.us.cme,CME,instance,type.institution.default,Institution,markets,false,1,participant_cognition,PARTICIPANT_DISTRIBUTION,named,identity_only,fits,UNKNOWN,NONE,Promoted clearing subobject and exact organization details UNKNOWN.,06-design-discussion-representation-catalog.md:282;06-design-discussion-representation-catalog.md:345
inst.us.depository.dtcc,Depository Trust & Clearing Corporation,instance,type.institution.default,Institution,financial,false,1,participant_cognition,PARTICIPANT_DISTRIBUTION,named,typed,fits,UNKNOWN,NONE,"Chartered firm with board, members, accounts, and discretionary margin, membership, and default-management acts; operated machinery is a promoted subobject. Manifest selection deferred until ownership/relationship/transmission/scenario/probe closure validates.",06-design-discussion-representation-catalog.md:282
inst.us.federal_reserve.board,Board of Governors,instance,type.institution.default,Institution,Fed,true,1,participant_cognition,PARTICIPANT_DISTRIBUTION,researched,probe_complete,fits,UNKNOWN,NONE,The MVP retains Board governance and authority identity without assigning SOMA assets to the Board.,12-structure-outline-bernankey-mvp-cycle.md:195-285
inst.us.federal_reserve.new_york,Federal Reserve Bank of New York,instance,type.institution.default,Institution,Fed,true,1,participant_cognition,PARTICIPANT_DISTRIBUTION,researched,probe_complete,fits,UNKNOWN,NONE,The MVP records directive-bounded Desk execution while settlement and market ownership remain separate.,12-structure-outline-bernankey-mvp-cycle.md:195-285
inst.us.federal_reserve.reserve_banks_other,Other Eleven Federal Reserve Banks,instance,type.institution.default,Institution,Fed,false,1,participant_cognition,ORGANIZATION_COHORT_RESPONSE,named,identity_only,fits,UNKNOWN,NONE,Individual identities intentionally shallow; separately chartered corporations with member-bank capital.,06-design-discussion-representation-catalog.md:271;06-design-discussion-representation-catalog.md:960
inst.us.fhlb.system,Federal Home Loan Bank system,instance,type.institution.default,Institution,financial,false,1,participant_cognition,PARTICIPANT_DISTRIBUTION,named,typed,fits,UNKNOWN,NONE,"Structure, ownership, fallback, and residual unresolved. Manifest selection deferred until ownership/relationship/transmission/scenario/probe closure validates.",06-design-discussion-representation-catalog.md:277
inst.us.ficc,FICC,instance,type.institution.default,Institution,markets,false,1,participant_cognition,PARTICIPANT_DISTRIBUTION,named,typed,fits,UNKNOWN,NONE,Owns discretionary margin/membership/default-management functions.,06-design-discussion-representation-catalog.md:282;06-design-discussion-representation-catalog.md:337
inst.us.fund.macro_fund_7,Macro Fund 7,instance,type.institution.default,Institution,financial,false,1,participant_cognition,PARTICIPANT_DISTRIBUTION,named,typed,fits,UNKNOWN,NONE,"Specific fund type, ownership, relationships, and fallback unresolved. Manifest selection deferred until ownership/relationship/transmission/scenario/probe closure validates.",06-design-discussion-representation-catalog.md:280;task.md:880-889
inst.us.fund.pamplona_brothers,Pamplona Brothers,instance,type.institution.default,Institution,financial,false,1,participant_cognition,PARTICIPANT_DISTRIBUTION,named,typed,fits,UNKNOWN,NONE,"Specific fund type, ownership, relationships, and fallback unresolved. Manifest selection deferred until ownership/relationship/transmission/scenario/probe closure validates.",06-design-discussion-representation-catalog.md:280
inst.us.gse.fannie_mae,Fannie Mae,instance,type.institution.default,Institution,financial,false,1,participant_cognition,PARTICIPANT_DISTRIBUTION,named,typed,fits,UNKNOWN,NONE,"Conservatorship is a live ResolutionProceeding, not a static attribute. Manifest selection deferred until ownership/relationship/transmission/scenario/probe closure validates.",06-design-discussion-representation-catalog.md:277
inst.us.gse.freddie_mac,Freddie Mac,instance,type.institution.default,Institution,financial,false,1,participant_cognition,PARTICIPANT_DISTRIBUTION,named,typed,fits,UNKNOWN,NONE,"Conservatorship is a live ResolutionProceeding, not a static attribute. Manifest selection deferred until ownership/relationship/transmission/scenario/probe closure validates.",06-design-discussion-representation-catalog.md:277
inst.us.leveraged_funds,Major Leveraged Funds,instance,type.organization_cohort.default,OrganizationCohort,markets,true,2,cohort_response,ORGANIZATION_COHORT_RESPONSE,researched,probe_complete,fits,UNKNOWN,NONE,"The MVP cohort owns cash, Treasury inventory, repo obligation, collateral encumbrance, leverage limits, and liquidity-driven order behavior.",12-structure-outline-bernankey-mvp-cycle.md:299-319
inst.us.primary_dealers,Primary Dealers,instance,type.organization_cohort.default,OrganizationCohort,markets,false,1,cohort_response,ORGANIZATION_COHORT_RESPONSE,named,typed,fits,UNKNOWN,NONE,Membership is a designation/eligibility affiliation; firms UNKNOWN.,06-design-discussion-representation-catalog.md:278;06-design-discussion-representation-catalog.md:378
inst.us.systemically_important_banks,Systemically Important Banks,instance,type.organization_cohort.default,OrganizationCohort,markets,false,1,cohort_response,ORGANIZATION_COHORT_RESPONSE,named,identity_only,fits,UNKNOWN,NONE,Individual banks UNKNOWN.,06-design-discussion-representation-catalog.md:278;04-design-discussion-minimum-simulation-kernel.md:808
inst.us.treasury,U.S. Treasury,instance,type.institution.default,Institution,Treasury,false,1,participant_cognition,PARTICIPANT_DISTRIBUTION,named,typed,fits,UNKNOWN,NONE,Includes ESF as distinct account with distinct authority.,06-design-discussion-representation-catalog.md:272
institution.ae.central_bank,UAE central bank,instance,type.institution.default,Institution,sovereign_regional,false,1,cohort_response,ORGANIZATION_COHORT_RESPONSE,typed,typed,fits,UNKNOWN,NONE,"Scenario-specific boundary owner; opening state and replacement share remain UNKNOWN, so manifest selection is deferred.",04-design-discussion-minimum-simulation-kernel.md:1353;04-design-discussion-minimum-simulation-kernel.md:819-837;05-design-discussion-representation-bible.md:678-690;05-design-discussion-representation-bible.md:737-771
institution.ae.energy_companies,UAE energy companies,instance,type.institution.default,Institution,sovereign_regional,false,1,cohort_response,ORGANIZATION_COHORT_RESPONSE,typed,typed,fits,UNKNOWN,NONE,"Scenario-specific boundary owner; opening state and replacement share remain UNKNOWN, so manifest selection is deferred.",04-design-discussion-minimum-simulation-kernel.md:1353;04-design-discussion-minimum-simulation-kernel.md:819-837;05-design-discussion-representation-bible.md:678-690;05-design-discussion-representation-bible.md:737-771
institution.ae.sovereign_funds,UAE sovereign funds,instance,type.institution.default,Institution,sovereign_regional,false,1,cohort_response,ORGANIZATION_COHORT_RESPONSE,typed,typed,fits,UNKNOWN,NONE,"Scenario-specific boundary owner; opening state and replacement share remain UNKNOWN, so manifest selection is deferred.",04-design-discussion-minimum-simulation-kernel.md:1353;04-design-discussion-minimum-simulation-kernel.md:819-837;05-design-discussion-representation-bible.md:678-690;05-design-discussion-representation-bible.md:737-771
institution.bis,Bank for International Settlements,instance,type.institution.default,Institution,sovereign_regional,false,1,cohort_response,ORGANIZATION_COHORT_RESPONSE,named,identity_only,fits,UNKNOWN,NONE,Named foreign institution candidate; no unresearched country-level ownership is implied.,06-design-discussion-representation-catalog.md:283
institution.cn.military,Chinese military,instance,type.institution.default,Institution,sovereign_regional,false,1,cohort_response,ORGANIZATION_COHORT_RESPONSE,typed,typed,fits,UNKNOWN,NONE,"Scenario-specific boundary owner; opening state and replacement share remain UNKNOWN, so manifest selection is deferred.",04-design-discussion-minimum-simulation-kernel.md:823;04-design-discussion-minimum-simulation-kernel.md:1348;04-design-discussion-minimum-simulation-kernel.md:819-837;05-design-discussion-representation-bible.md:678-690;05-design-discussion-representation-bible.md:737-771
institution.cn.party_leadership,Chinese Party leadership,instance,type.institution.default,Institution,sovereign_regional,false,1,cohort_response,ORGANIZATION_COHORT_RESPONSE,typed,typed,fits,UNKNOWN,NONE,"Scenario-specific boundary owner; opening state and replacement share remain UNKNOWN, so manifest selection is deferred.",04-design-discussion-minimum-simulation-kernel.md:823;04-design-discussion-minimum-simulation-kernel.md:1348;04-design-discussion-minimum-simulation-kernel.md:819-837;05-design-discussion-representation-bible.md:678-690;05-design-discussion-representation-bible.md:737-771
institution.cn.pboc,People's Bank of China,instance,type.institution.default,Institution,sovereign_regional,false,1,cohort_response,ORGANIZATION_COHORT_RESPONSE,typed,typed,fits,UNKNOWN,NONE,"Scenario-specific boundary owner; opening state and replacement share remain UNKNOWN, so manifest selection is deferred.",04-design-discussion-minimum-simulation-kernel.md:823;04-design-discussion-minimum-simulation-kernel.md:1348;04-design-discussion-minimum-simulation-kernel.md:819-837;05-design-discussion-representation-bible.md:678-690;05-design-discussion-representation-bible.md:737-771
institution.cn.policy_banks,Chinese policy banks,instance,type.institution.default,Institution,sovereign_regional,false,1,cohort_response,ORGANIZATION_COHORT_RESPONSE,typed,typed,fits,UNKNOWN,NONE,"Scenario-specific boundary owner; opening state and replacement share remain UNKNOWN, so manifest selection is deferred.",04-design-discussion-minimum-simulation-kernel.md:823;04-design-discussion-minimum-simulation-kernel.md:1348;04-design-discussion-minimum-simulation-kernel.md:819-837;05-design-discussion-representation-bible.md:678-690;05-design-discussion-representation-bible.md:737-771
institution.cn.safe,State Administration of Foreign Exchange,instance,type.institution.default,Institution,sovereign_regional,false,1,cohort_response,ORGANIZATION_COHORT_RESPONSE,typed,typed,fits,UNKNOWN,NONE,"Scenario-specific boundary owner; opening state and replacement share remain UNKNOWN, so manifest selection is deferred.",04-design-discussion-minimum-simulation-kernel.md:823;04-design-discussion-minimum-simulation-kernel.md:1348;04-design-discussion-minimum-simulation-kernel.md:819-837;05-design-discussion-representation-bible.md:678-690;05-design-discussion-representation-bible.md:737-771
institution.cn.state_council,Chinese State Council,instance,type.institution.default,Institution,sovereign_regional,false,1,cohort_response,ORGANIZATION_COHORT_RESPONSE,typed,typed,fits,UNKNOWN,NONE,"Scenario-specific boundary owner; opening state and replacement share remain UNKNOWN, so manifest selection is deferred.",04-design-discussion-minimum-simulation-kernel.md:823;04-design-discussion-minimum-simulation-kernel.md:1348;04-design-discussion-minimum-simulation-kernel.md:819-837;05-design-discussion-representation-bible.md:678-690;05-design-discussion-representation-bible.md:737-771
institution.de.government,German government,instance,type.institution.default,Institution,sovereign_regional,false,1,cohort_response,ORGANIZATION_COHORT_RESPONSE,typed,typed,fits,UNKNOWN,NONE,"Scenario-specific boundary owner; opening state and replacement share remain UNKNOWN, so manifest selection is deferred.",04-design-discussion-minimum-simulation-kernel.md:819-837;05-design-discussion-representation-bible.md:678-690;05-design-discussion-representation-bible.md:737-771;04-design-discussion-minimum-simulation-kernel.md:819-837;05-design-discussion-representation-bible.md:678-690;05-design-discussion-representation-bible.md:737-771
institution.eu.commission,European Commission,instance,type.institution.default,Institution,sovereign_regional,false,1,cohort_response,ORGANIZATION_COHORT_RESPONSE,typed,typed,fits,UNKNOWN,NONE,"Scenario-specific boundary owner; opening state and replacement share remain UNKNOWN, so manifest selection is deferred.",04-design-discussion-minimum-simulation-kernel.md:1349;04-design-discussion-minimum-simulation-kernel.md:819-837;05-design-discussion-representation-bible.md:678-690;05-design-discussion-representation-bible.md:737-771
institution.eu.ecb,European Central Bank,instance,type.institution.default,Institution,sovereign_regional,false,1,cohort_response,ORGANIZATION_COHORT_RESPONSE,typed,typed,fits,UNKNOWN,NONE,"Scenario-specific boundary owner; opening state and replacement share remain UNKNOWN, so manifest selection is deferred.",04-design-discussion-minimum-simulation-kernel.md:1349;06-design-discussion-representation-catalog.md:251;04-design-discussion-minimum-simulation-kernel.md:819-837;05-design-discussion-representation-bible.md:678-690;05-design-discussion-representation-bible.md:737-771
institution.eu.member_governments,Euro-area member governments,instance,type.institution.default,Institution,sovereign_regional,false,1,cohort_response,ORGANIZATION_COHORT_RESPONSE,typed,typed,fits,UNKNOWN,NONE,"Scenario-specific boundary owner; opening state and replacement share remain UNKNOWN, so manifest selection is deferred.",04-design-discussion-minimum-simulation-kernel.md:1349;04-design-discussion-minimum-simulation-kernel.md:819-837;05-design-discussion-representation-bible.md:678-690;05-design-discussion-representation-bible.md:737-771
institution.eu.national_central_banks,Euro-area national central banks,instance,type.institution.default,Institution,sovereign_regional,false,1,cohort_response,ORGANIZATION_COHORT_RESPONSE,typed,typed,fits,UNKNOWN,NONE,"Scenario-specific boundary owner; opening state and replacement share remain UNKNOWN, so manifest selection is deferred.",04-design-discussion-minimum-simulation-kernel.md:1349;06-design-discussion-representation-catalog.md:366;04-design-discussion-minimum-simulation-kernel.md:819-837;05-design-discussion-representation-bible.md:678-690;05-design-discussion-representation-bible.md:737-771
institution.fr.government,French government,instance,type.institution.default,Institution,sovereign_regional,false,1,cohort_response,ORGANIZATION_COHORT_RESPONSE,typed,typed,fits,UNKNOWN,NONE,"Scenario-specific boundary owner; opening state and replacement share remain UNKNOWN, so manifest selection is deferred.",04-design-discussion-minimum-simulation-kernel.md:819-837;05-design-discussion-representation-bible.md:678-690;05-design-discussion-representation-bible.md:737-771;04-design-discussion-minimum-simulation-kernel.md:819-837;05-design-discussion-representation-bible.md:678-690;05-design-discussion-representation-bible.md:737-771
institution.il.bank_of_israel,Bank of Israel,instance,type.institution.default,Institution,sovereign_regional,false,1,cohort_response,ORGANIZATION_COHORT_RESPONSE,typed,typed,fits,UNKNOWN,NONE,"Scenario-specific boundary owner; opening state and replacement share remain UNKNOWN, so manifest selection is deferred.",04-design-discussion-minimum-simulation-kernel.md:1346;04-design-discussion-minimum-simulation-kernel.md:819-837;05-design-discussion-representation-bible.md:678-690;05-design-discussion-representation-bible.md:737-771
institution.il.security,Israeli military and security institutions,instance,type.institution.default,Institution,sovereign_regional,false,1,cohort_response,ORGANIZATION_COHORT_RESPONSE,typed,typed,fits,UNKNOWN,NONE,"Scenario-specific boundary owner; opening state and replacement share remain UNKNOWN, so manifest selection is deferred.",04-design-discussion-minimum-simulation-kernel.md:1346;04-design-discussion-minimum-simulation-kernel.md:819-837;05-design-discussion-representation-bible.md:678-690;05-design-discussion-representation-bible.md:737-771
institution.imf,International Monetary Fund,instance,type.institution.default,Institution,sovereign_regional,false,1,cohort_response,ORGANIZATION_COHORT_RESPONSE,named,identity_only,fits,UNKNOWN,NONE,Named foreign institution candidate; no unresearched country-level ownership is implied.,06-design-discussion-representation-catalog.md:283
institution.iq.central_bank,Central Bank of Iraq,instance,type.institution.default,Institution,sovereign_regional,false,1,cohort_response,ORGANIZATION_COHORT_RESPONSE,researched,identity_only,fits,UNKNOWN,NONE,Central Bank of Iraq; active; confidence medium,https://en.wikipedia.org/wiki/Iraqi_dinar
institution.iq.finance_ministry,Iraqi Ministry of Finance,instance,type.institution.default,Institution,sovereign_regional,false,1,cohort_response,ORGANIZATION_COHORT_RESPONSE,researched,identity_only,fits,UNKNOWN,NONE,Ministry of Finance; active; confidence high,https://en.wikipedia.org/wiki/Ministry_of_Finance_(Iraq)
institution.iq.foreign_ministry,Iraqi Ministry of Foreign Affairs,instance,type.institution.default,Institution,sovereign_regional,false,1,cohort_response,ORGANIZATION_COHORT_RESPONSE,researched,identity_only,fits,UNKNOWN,NONE,Ministry of Foreign Affairs (Minister Sa'dun Hammadi); Hammadi minister 1974-1983; confidence high,https://en.wikipedia.org/wiki/Ministry_of_Foreign_Affairs_(Iraq)
institution.iq.oil_ministry,Iraqi Ministry of Oil,instance,type.institution.default,Institution,sovereign_regional,false,1,cohort_response,ORGANIZATION_COHORT_RESPONSE,researched,identity_only,fits,UNKNOWN,NONE,Ministry of Oil (a State Department cable says policy also ran through a Saddam-led 'follow-up' committee); active; minister name on this date UNVERIFIED; confidence medium,https://en.wikipedia.org/wiki/Ministry_of_Oil_(Iraq)
institution.iq.revolutionary_command_council,Iraqi Revolutionary Command Council,instance,type.institution.default,Institution,sovereign_regional,false,1,cohort_response,ORGANIZATION_COHORT_RESPONSE,researched,identity_only,fits,UNKNOWN,NONE,Revolutionary Command Council (chairman and President Saddam Hussein); Saddam took the presidency and RCC chairmanship 1979-07-16 after al-Bakr was forced to resign; confidence high,https://en.wikipedia.org/wiki/Saddam_Hussein
institution.ir.central_bank,Iranian central bank,instance,type.institution.default,Institution,sovereign_regional,true,1,cohort_response,MECHANICAL_OR_ADAPTER,typed,probe_complete,fits,UNKNOWN,NONE,"Scenario-specific boundary owner; opening state and replacement share remain UNKNOWN, so manifest selection is deferred.",04-design-discussion-minimum-simulation-kernel.md:1347;04-design-discussion-minimum-simulation-kernel.md:819-837;05-design-discussion-representation-bible.md:678-690;05-design-discussion-representation-bible.md:737-771
institution.ir.finance_ministry,Iranian Ministry of Economic Affairs and Finance,instance,type.institution.default,Institution,sovereign_regional,false,1,cohort_response,ORGANIZATION_COHORT_RESPONSE,researched,identity_only,fits,UNKNOWN,NONE,Ministry of Economic Affairs and Finance (Minister Ali Ardalan); Ardalan in office 1979-02-15 to 1979-11-06; confidence medium,https://en.wikipedia.org/wiki/Interim_Government_of_Iran_(1979)
institution.ir.foreign_ministry,Iranian Ministry of Foreign Affairs,instance,type.institution.default,Institution,sovereign_regional,false,1,cohort_response,ORGANIZATION_COHORT_RESPONSE,researched,identity_only,fits,UNKNOWN,NONE,Ministry of Foreign Affairs (Minister Ebrahim Yazdi); Yazdi in office 1979-04-12 to 1979-11-12; confidence high,https://en.wikipedia.org/wiki/Ministry_of_Foreign_Affairs_(Iran)
institution.ir.interim_government,Iranian Interim Government,instance,type.institution.default,Institution,sovereign_regional,false,1,cohort_response,ORGANIZATION_COHORT_RESPONSE,researched,identity_only,fits,UNKNOWN,NONE,"Split authority: Provisional (Interim) Government of PM Mehdi Bazargan (formal executive) and the Council of the Islamic Revolution (legislated in parallel), both under Ayatollah Khomeini as leader of the revolution; Dual power; the Council passed laws and competed with the Interim Government. No constitution or Supreme Leader office yet; confidence high",https://en.wikipedia.org/wiki/Council_of_the_Islamic_Revolution
institution.ir.irgc,Islamic Revolutionary Guard Corps,instance,type.institution.default,Institution,sovereign_regional,false,1,cohort_response,ORGANIZATION_COHORT_RESPONSE,typed,typed,fits,UNKNOWN,NONE,"Scenario-specific boundary owner; opening state and replacement share remain UNKNOWN, so manifest selection is deferred.",04-design-discussion-minimum-simulation-kernel.md:1347;04-design-discussion-minimum-simulation-kernel.md:819-837;05-design-discussion-representation-bible.md:678-690;05-design-discussion-representation-bible.md:737-771
institution.ir.oil,Iranian oil institutions,instance,type.institution.default,Institution,sovereign_regional,false,1,cohort_response,ORGANIZATION_COHORT_RESPONSE,typed,typed,fits,UNKNOWN,NONE,"Scenario-specific boundary owner; opening state and replacement share remain UNKNOWN, so manifest selection is deferred.",04-design-discussion-minimum-simulation-kernel.md:1347;04-design-discussion-minimum-simulation-kernel.md:819-837;05-design-discussion-representation-bible.md:678-690;05-design-discussion-representation-bible.md:737-771
institution.it.government,Italian government,instance,type.institution.default,Institution,sovereign_regional,false,1,cohort_response,ORGANIZATION_COHORT_RESPONSE,typed,typed,fits,UNKNOWN,NONE,"Scenario-specific boundary owner; opening state and replacement share remain UNKNOWN, so manifest selection is deferred.",04-design-discussion-minimum-simulation-kernel.md:819-837;05-design-discussion-representation-bible.md:678-690;05-design-discussion-representation-bible.md:737-771;04-design-discussion-minimum-simulation-kernel.md:819-837;05-design-discussion-representation-bible.md:678-690;05-design-discussion-representation-bible.md:737-771
institution.jp.boj,Bank of Japan,instance,type.institution.default,Institution,sovereign_regional,false,1,cohort_response,ORGANIZATION_COHORT_RESPONSE,typed,typed,fits,UNKNOWN,NONE,"Scenario-specific boundary owner; opening state and replacement share remain UNKNOWN, so manifest selection is deferred.",04-design-discussion-minimum-simulation-kernel.md:823;04-design-discussion-minimum-simulation-kernel.md:1350;04-design-discussion-minimum-simulation-kernel.md:819-837;05-design-discussion-representation-bible.md:678-690;05-design-discussion-representation-bible.md:737-771
institution.jp.foreign_ministry,Japanese Ministry of Foreign Affairs,instance,type.institution.default,Institution,sovereign_regional,false,1,cohort_response,ORGANIZATION_COHORT_RESPONSE,researched,identity_only,fits,UNKNOWN,NONE,Ministry of Foreign Affairs (Gaimushō); active; minister name UNVERIFIED; confidence high,https://en.wikipedia.org/wiki/Ministry_of_Foreign_Affairs_(Japan)
institution.jp.jnoc,Japan National Oil Corporation,instance,type.institution.default,Institution,sovereign_regional,false,1,cohort_response,ORGANIZATION_COHORT_RESPONSE,researched,identity_only,fits,UNKNOWN,NONE,"Japan National Oil Corporation (JNOC): finances overseas exploration and runs state stockpiling from 1978. No major domestic producer (UNVERIFIED); Stockpiling agent and exploration financier, not a producer; confidence medium",https://www.jogmec.go.jp/english/about/about003.html
institution.jp.miti,Japanese Ministry of International Trade and Industry,instance,type.institution.default,Institution,sovereign_regional,false,1,cohort_response,ORGANIZATION_COHORT_RESPONSE,researched,identity_only,fits,UNKNOWN,NONE,"Ministry of International Trade and Industry (MITI), through its Agency for Natural Resources and Energy (ANRE); importer-side policy on stocks and supply; active; confidence high",https://en.wikipedia.org/wiki/Ministry_of_International_Trade_and_Industry
institution.jp.mof,Japanese Ministry of Finance,instance,type.institution.default,Institution,sovereign_regional,false,1,cohort_response,ORGANIZATION_COHORT_RESPONSE,typed,typed,fits,UNKNOWN,NONE,"Scenario-specific boundary owner; opening state and replacement share remain UNKNOWN, so manifest selection is deferred.",04-design-discussion-minimum-simulation-kernel.md:823;04-design-discussion-minimum-simulation-kernel.md:1350;04-design-discussion-minimum-simulation-kernel.md:819-837;05-design-discussion-representation-bible.md:678-690;05-design-discussion-representation-bible.md:737-771
institution.kw.central_bank,Central Bank of Kuwait,instance,type.institution.default,Institution,sovereign_regional,false,1,cohort_response,ORGANIZATION_COHORT_RESPONSE,researched,identity_only,fits,UNKNOWN,NONE,Central Bank of Kuwait; active; confidence high,https://en.wikipedia.org/wiki/Central_Bank_of_Kuwait
institution.kw.council_of_ministers,Kuwaiti Emir and Council of Ministers,instance,type.institution.default,Institution,sovereign_regional,false,1,cohort_response,ORGANIZATION_COHORT_RESPONSE,researched,identity_only,fits,UNKNOWN,NONE,The Emir (Jaber al-Ahmad al-Sabah) and the Council of Ministers (PM Crown Prince Saad al-Abdullah); National Assembly suspension in 1979 UNVERIFIED; confidence medium,https://en.wikipedia.org/wiki/Jaber_Al-Ahmad_Al-Sabah
institution.kw.finance_ministry,Kuwaiti Ministry of Finance,instance,type.institution.default,Institution,sovereign_regional,false,1,cohort_response,ORGANIZATION_COHORT_RESPONSE,researched,identity_only,fits,UNKNOWN,NONE,Ministry of Finance (Minister Abdul Rahman Salem al-Ateeqi); active; confidence high,https://en.wikipedia.org/wiki/Ministry_of_Finance_(Kuwait)
institution.kw.foreign_ministry,Kuwaiti Ministry of Foreign Affairs,instance,type.institution.default,Institution,sovereign_regional,false,1,cohort_response,ORGANIZATION_COHORT_RESPONSE,researched,identity_only,fits,UNKNOWN,NONE,Ministry of Foreign Affairs (Minister Sabah al-Ahmad); Sabah al-Ahmad minister 1963-2003; confidence high,https://en.wikipedia.org/wiki/Ministry_of_Foreign_Affairs_(Kuwait)
institution.kw.oil_ministry,Kuwaiti Ministry of Oil,instance,type.institution.default,Institution,sovereign_regional,false,1,cohort_response,ORGANIZATION_COHORT_RESPONSE,researched,identity_only,fits,UNKNOWN,NONE,Ministry of Oil (Minister Ali Khalifa al-Sabah); Ali Khalifa minister 1978 to June 1990; confidence high,https://en.wikipedia.org/wiki/Ministry_of_Oil_(Kuwait)
institution.media.aftv,AFTV operating company,instance,type.institution.default,Institution,media_information,false,1,none,PARTICIPANT_DISTRIBUTION,named,typed,fits,UNKNOWN,NONE,The source distinguishes the company from the Outlet; operating-company legal name is UNKNOWN.,06-design-discussion-representation-catalog.md:371;05-design-discussion-representation-bible.md:1691
institution.media.gnbc,GNBC operating company,instance,type.institution.default,Institution,media_information,false,1,none,PARTICIPANT_DISTRIBUTION,named,typed,fits,UNKNOWN,NONE,The source distinguishes the company from the Outlet; operating-company legal name is UNKNOWN.,06-design-discussion-representation-catalog.md:371;05-design-discussion-representation-bible.md:1691
institution.media.honkbox,HonkBox platform firm,instance,type.institution.default,Institution,media_information,false,1,none,PARTICIPANT_DISTRIBUTION,named,typed,fits,UNKNOWN,NONE,Platform-firm component of HonkBox; it is distinct from ranking and diffusion.,06-design-discussion-representation-catalog.md:373;06-design-discussion-representation-catalog.md:982-985
institution.media.loonberg,Loonberg operating company,instance,type.institution.default,Institution,media_information,false,1,none,PARTICIPANT_DISTRIBUTION,named,typed,fits,UNKNOWN,NONE,"The source distinguishes the company, which owns money and employment contracts, from its Outlet; operating-company legal name is UNKNOWN.",06-design-discussion-representation-catalog.md:371;05-design-discussion-representation-bible.md:1691
institution.media.wool_street_journal,Wool Street Journal operating company,instance,type.institution.default,Institution,media_information,false,1,none,PARTICIPANT_DISTRIBUTION,named,typed,fits,UNKNOWN,NONE,The source distinguishes the company from the Outlet; operating-company legal name is UNKNOWN.,06-design-discussion-representation-catalog.md:371;05-design-discussion-representation-bible.md:1691
institution.qa.central_bank,Qatar central bank,instance,type.institution.default,Institution,sovereign_regional,false,1,cohort_response,ORGANIZATION_COHORT_RESPONSE,typed,typed,fits,UNKNOWN,NONE,"Scenario-specific boundary owner; opening state and replacement share remain UNKNOWN, so manifest selection is deferred.",04-design-discussion-minimum-simulation-kernel.md:1353;04-design-discussion-minimum-simulation-kernel.md:819-837;05-design-discussion-representation-bible.md:678-690;05-design-discussion-representation-bible.md:737-771
institution.qa.energy_companies,Qatar energy companies,instance,type.institution.default,Institution,sovereign_regional,false,1,cohort_response,ORGANIZATION_COHORT_RESPONSE,typed,typed,fits,UNKNOWN,NONE,"Scenario-specific boundary owner; opening state and replacement share remain UNKNOWN, so manifest selection is deferred.",04-design-discussion-minimum-simulation-kernel.md:1353;04-design-discussion-minimum-simulation-kernel.md:819-837;05-design-discussion-representation-bible.md:678-690;05-design-discussion-representation-bible.md:737-771
institution.qa.sovereign_funds,Qatar sovereign funds,instance,type.institution.default,Institution,sovereign_regional,false,1,cohort_response,ORGANIZATION_COHORT_RESPONSE,typed,typed,fits,UNKNOWN,NONE,"Scenario-specific boundary owner; opening state and replacement share remain UNKNOWN, so manifest selection is deferred.",04-design-discussion-minimum-simulation-kernel.md:1353;04-design-discussion-minimum-simulation-kernel.md:819-837;05-design-discussion-representation-bible.md:678-690;05-design-discussion-representation-bible.md:737-771
institution.ru.central_bank,Russian central bank,instance,type.institution.default,Institution,sovereign_regional,false,1,cohort_response,ORGANIZATION_COHORT_RESPONSE,typed,typed,fits,UNKNOWN,NONE,"Scenario-specific boundary owner; opening state and replacement share remain UNKNOWN, so manifest selection is deferred.",04-design-discussion-minimum-simulation-kernel.md:1352;04-design-discussion-minimum-simulation-kernel.md:819-837;05-design-discussion-representation-bible.md:678-690;05-design-discussion-representation-bible.md:737-771
institution.ru.presidency,Russian presidency,instance,type.institution.default,Institution,sovereign_regional,false,1,cohort_response,ORGANIZATION_COHORT_RESPONSE,typed,typed,fits,UNKNOWN,NONE,"Scenario-specific boundary owner; opening state and replacement share remain UNKNOWN, so manifest selection is deferred.",04-design-discussion-minimum-simulation-kernel.md:819-837;05-design-discussion-representation-bible.md:678-690;05-design-discussion-representation-bible.md:737-771;04-design-discussion-minimum-simulation-kernel.md:819-837;05-design-discussion-representation-bible.md:678-690;05-design-discussion-representation-bible.md:737-771
institution.ru.security,Russian security institutions,instance,type.institution.default,Institution,sovereign_regional,false,1,cohort_response,ORGANIZATION_COHORT_RESPONSE,typed,typed,fits,UNKNOWN,NONE,"Scenario-specific boundary owner; opening state and replacement share remain UNKNOWN, so manifest selection is deferred.",04-design-discussion-minimum-simulation-kernel.md:1352;04-design-discussion-minimum-simulation-kernel.md:819-837;05-design-discussion-representation-bible.md:678-690;05-design-discussion-representation-bible.md:737-771
institution.sa.council_of_ministers,Saudi King and Council of Ministers,instance,type.institution.default,Institution,sovereign_regional,false,1,cohort_response,ORGANIZATION_COHORT_RESPONSE,researched,identity_only,fits,UNKNOWN,NONE,"The King (Khalid bin Abdulaziz, also Prime Minister) and the Council of Ministers; Khalid reigned 1975-03-25 to 1982-06-13 and served as prime minister; confidence high",https://en.wikipedia.org/wiki/Khalid_of_Saudi_Arabia
institution.sa.energy_ministry,Saudi energy ministry,instance,type.institution.default,Institution,sovereign_regional,false,1,cohort_response,ORGANIZATION_COHORT_RESPONSE,typed,typed,fits,UNKNOWN,NONE,"Scenario-specific boundary owner; opening state and replacement share remain UNKNOWN, so manifest selection is deferred.",04-design-discussion-minimum-simulation-kernel.md:1345;04-design-discussion-minimum-simulation-kernel.md:819-837;05-design-discussion-representation-bible.md:678-690;05-design-discussion-representation-bible.md:737-771
institution.sa.finance_ministry,Saudi Ministry of Finance and National Economy,instance,type.institution.default,Institution,sovereign_regional,false,1,cohort_response,ORGANIZATION_COHORT_RESPONSE,researched,identity_only,fits,UNKNOWN,NONE,Ministry of Finance and National Economy (Minister Mohammed Aba al-Khail); active; confidence high,https://en.wikipedia.org/wiki/Ministry_of_Finance_(Saudi_Arabia)
institution.sa.foreign_ministry,Saudi Ministry of Foreign Affairs,instance,type.institution.default,Institution,sovereign_regional,false,1,cohort_response,ORGANIZATION_COHORT_RESPONSE,researched,identity_only,fits,UNKNOWN,NONE,Ministry of Foreign Affairs (Minister Saud al-Faisal); Saud al-Faisal minister 1975-2015; confidence high,https://en.wikipedia.org/wiki/Ministry_of_Foreign_Affairs_(Saudi_Arabia)
institution.sa.sama,Saudi Arabian Monetary Authority,instance,type.institution.default,Institution,sovereign_regional,false,1,cohort_response,ORGANIZATION_COHORT_RESPONSE,typed,typed,fits,UNKNOWN,NONE,"Scenario-specific boundary owner; opening state and replacement share remain UNKNOWN, so manifest selection is deferred.",04-design-discussion-minimum-simulation-kernel.md:1345;04-design-discussion-minimum-simulation-kernel.md:819-837;05-design-discussion-representation-bible.md:678-690;05-design-discussion-representation-bible.md:737-771
institution.sa.sovereign_funds,Saudi sovereign funds,instance,type.institution.default,Institution,sovereign_regional,false,1,cohort_response,ORGANIZATION_COHORT_RESPONSE,typed,typed,fits,UNKNOWN,NONE,"Scenario-specific boundary owner; opening state and replacement share remain UNKNOWN, so manifest selection is deferred.",04-design-discussion-minimum-simulation-kernel.md:1345;06-design-discussion-representation-catalog.md:251;04-design-discussion-minimum-simulation-kernel.md:819-837;05-design-discussion-representation-bible.md:678-690;05-design-discussion-representation-bible.md:737-771
institution.sg.mas,Monetary Authority of Singapore,instance,type.institution.default,Institution,sovereign_regional,false,1,cohort_response,ORGANIZATION_COHORT_RESPONSE,typed,typed,fits,UNKNOWN,NONE,"Scenario-specific boundary owner; opening state and replacement share remain UNKNOWN, so manifest selection is deferred.",04-design-discussion-minimum-simulation-kernel.md:819-837;05-design-discussion-representation-bible.md:678-690;05-design-discussion-representation-bible.md:737-771;04-design-discussion-minimum-simulation-kernel.md:819-837;05-design-discussion-representation-bible.md:678-690;05-design-discussion-representation-bible.md:737-771
institution.sg.shipping,Singapore shipping institutions,instance,type.institution.default,Institution,sovereign_regional,false,1,cohort_response,ORGANIZATION_COHORT_RESPONSE,typed,typed,fits,UNKNOWN,NONE,"Scenario-specific boundary owner; opening state and replacement share remain UNKNOWN, so manifest selection is deferred.",04-design-discussion-minimum-simulation-kernel.md:819-837;05-design-discussion-representation-bible.md:678-690;05-design-discussion-representation-bible.md:737-771;04-design-discussion-minimum-simulation-kernel.md:819-837;05-design-discussion-representation-bible.md:678-690;05-design-discussion-representation-bible.md:737-771
institution.sg.sovereign_funds,Singapore sovereign funds,instance,type.institution.default,Institution,sovereign_regional,false,1,cohort_response,ORGANIZATION_COHORT_RESPONSE,typed,typed,fits,UNKNOWN,NONE,"Scenario-specific boundary owner; opening state and replacement share remain UNKNOWN, so manifest selection is deferred.",04-design-discussion-minimum-simulation-kernel.md:819-837;05-design-discussion-representation-bible.md:678-690;05-design-discussion-representation-bible.md:737-771;04-design-discussion-minimum-simulation-kernel.md:819-837;05-design-discussion-representation-bible.md:678-690;05-design-discussion-representation-bible.md:737-771
institution.su.council_of_ministers,USSR Council of Ministers,instance,type.institution.default,Institution,sovereign_regional,false,1,cohort_response,ORGANIZATION_COHORT_RESPONSE,researched,identity_only,fits,UNKNOWN,NONE,"State authority: Council of Ministers of the USSR (Chairman Alexei Kosygin), 'highest executive and administrative organ of state authority'. De facto supreme power: CPSU Politburo (General Secretary Leonid Brezhnev, also Chairman of the Presidium of the Supreme Soviet since 1977-06-16); Major decisions issued jointly with the CPSU Central Committee; confidence high",https://en.wikipedia.org/wiki/Council_of_Ministers_of_the_Soviet_Union
institution.su.finance_ministry,USSR Ministry of Finance,instance,type.institution.default,Institution,sovereign_regional,false,1,cohort_response,ORGANIZATION_COHORT_RESPONSE,researched,identity_only,fits,UNKNOWN,NONE,Ministry of Finance of the USSR (Minister Vasily Garbuzov); Garbuzov minister 1960-1985; confidence high,https://en.wikipedia.org/wiki/Ministry_of_Finance_(Soviet_Union)
institution.su.foreign_ministry,USSR Ministry of Foreign Affairs,instance,type.institution.default,Institution,sovereign_regional,false,1,cohort_response,ORGANIZATION_COHORT_RESPONSE,researched,identity_only,fits,UNKNOWN,NONE,Ministry of Foreign Affairs of the USSR (Minister Andrei Gromyko); Gromyko minister 1957-1985; confidence high,https://en.wikipedia.org/wiki/Ministry_of_Foreign_Affairs_(Soviet_Union)
institution.su.gosbank,Gosbank,instance,type.institution.default,Institution,sovereign_regional,false,1,cohort_response,ORGANIZATION_COHORT_RESPONSE,researched,identity_only,fits,UNKNOWN,NONE,Gosbank (State Bank of the USSR); Sole central bank and short-term credit monopoly; confidence high,https://en.wikipedia.org/wiki/Gosbank
institution.su.gosplan,Gosplan,instance,type.institution.default,Institution,sovereign_regional,false,1,cohort_response,ORGANIZATION_COHORT_RESPONSE,researched,identity_only,fits,UNKNOWN,NONE,"Gosplan (State Planning Committee; sets plan and production targets and material balances), with the Ministry of the Oil Industry as sectoral executor; Chairman Nikolai Baibakov 1965-1985; confidence medium",https://en.wikipedia.org/wiki/Gosplan
institution.su.oil_ministry,USSR Ministry of the Oil Industry,instance,type.institution.default,Institution,sovereign_regional,false,1,cohort_response,ORGANIZATION_COHORT_RESPONSE,researched,identity_only,fits,UNKNOWN,NONE,"Ministry of the Oil Industry of the USSR (Minnefteprom), administering extraction and refining (production associations UNVERIFIED); active; minister on this date UNVERIFIED; confidence medium",https://en.wikipedia.org/wiki/Ministry_of_Oil_Industry_(Soviet_Union)
institution.uk.boe,Bank of England,instance,type.institution.default,Institution,sovereign_regional,false,1,cohort_response,ORGANIZATION_COHORT_RESPONSE,typed,typed,fits,UNKNOWN,NONE,"Scenario-specific boundary owner; opening state and replacement share remain UNKNOWN, so manifest selection is deferred.",04-design-discussion-minimum-simulation-kernel.md:1351;06-design-discussion-representation-catalog.md:251;04-design-discussion-minimum-simulation-kernel.md:819-837;05-design-discussion-representation-bible.md:678-690;05-design-discussion-representation-bible.md:737-771
institution.uk.department_of_energy,UK Department of Energy,instance,type.institution.default,Institution,sovereign_regional,false,1,cohort_response,ORGANIZATION_COHORT_RESPONSE,researched,identity_only,fits,UNKNOWN,NONE,Department of Energy (Secretary of State David Howell); active; confidence high,https://en.wikipedia.org/wiki/Department_of_Energy_(United_Kingdom)
institution.uk.dmo,UK Debt Management Office,instance,type.institution.default,Institution,sovereign_regional,false,1,cohort_response,ORGANIZATION_COHORT_RESPONSE,typed,typed,fits,UNKNOWN,NONE,"Scenario-specific boundary owner; opening state and replacement share remain UNKNOWN, so manifest selection is deferred.",04-design-discussion-minimum-simulation-kernel.md:1351;06-design-discussion-representation-catalog.md:251;04-design-discussion-minimum-simulation-kernel.md:819-837;05-design-discussion-representation-bible.md:678-690;05-design-discussion-representation-bible.md:737-771
institution.uk.foreign_office,UK Foreign and Commonwealth Office,instance,type.institution.default,Institution,sovereign_regional,false,1,cohort_response,ORGANIZATION_COHORT_RESPONSE,researched,identity_only,fits,UNKNOWN,NONE,Foreign and Commonwealth Office (Foreign Secretary Lord Carrington); active; confidence high,https://en.wikipedia.org/wiki/First_Thatcher_ministry
institution.uk.government,United Kingdom government,instance,type.institution.default,Institution,sovereign_regional,false,1,cohort_response,ORGANIZATION_COHORT_RESPONSE,typed,typed,fits,UNKNOWN,NONE,"Scenario-specific boundary owner; opening state and replacement share remain UNKNOWN, so manifest selection is deferred.",04-design-discussion-minimum-simulation-kernel.md:1351;04-design-discussion-minimum-simulation-kernel.md:819-837;05-design-discussion-representation-bible.md:678-690;05-design-discussion-representation-bible.md:737-771
institution.uk.treasury,HM Treasury,instance,type.institution.default,Institution,sovereign_regional,false,1,cohort_response,ORGANIZATION_COHORT_RESPONSE,researched,identity_only,fits,UNKNOWN,NONE,HM Treasury (Chancellor Sir Geoffrey Howe); Howe Chancellor from 1979-05-04; the Treasury also held interest-rate authority before 1997-98 (UNVERIFIED in fetch); confidence high,https://en.wikipedia.org/wiki/HM_Treasury
institution.us.american.bankers.association,American Bankers Association,instance,type.institution.default,Institution,populations_organizations,false,1,none,ATTRIBUTED_MODEL,named,identity_only,fits,UNKNOWN,NONE,Membership and advocacy institution; represented constituency is organization.us.all.banks. Exact scope and unit are UNKNOWN; no singular humanlike cognition is implied.,06-design-discussion-representation-catalog.md:303
institution.us.bank.policy.institute,Bank policy institute,instance,type.institution.default,Institution,populations_organizations,false,1,none,ATTRIBUTED_MODEL,named,identity_only,fits,UNKNOWN,NONE,"Membership and advocacy institution; represented constituency is organization.us.large.banks. Exact identity, scope, and unit are UNKNOWN; no singular humanlike cognition is implied.",06-design-discussion-representation-catalog.md:303
institution.us.bea,Bureau of Economic Analysis,instance,type.institution.default,Institution,media_information,false,1,none,PARTICIPANT_DISTRIBUTION,named,typed,fits,UNKNOWN,NONE,Publisher of PCE; institution details outside this inventory are UNKNOWN.,06-design-discussion-representation-catalog.md:1043
institution.us.bls,Bureau of Labor Statistics,instance,type.institution.default,Institution,media_information,false,1,none,PARTICIPANT_DISTRIBUTION,named,typed,fits,UNKNOWN,NONE,Publisher of CPI; institution details outside this inventory are UNKNOWN.,06-design-discussion-representation-catalog.md:1043
institution.us.chamber.of.commerce,Chamber of commerce,instance,type.institution.default,Institution,populations_organizations,false,1,none,ATTRIBUTED_MODEL,named,identity_only,fits,UNKNOWN,NONE,Membership and advocacy institution; represented constituency is organization.us.business.generally. Exact scope and unit are UNKNOWN; no singular humanlike cognition is implied.,06-design-discussion-representation-catalog.md:308
institution.us.community.reinvestment.advocates,Community reinvestment advocates,instance,type.institution.default,Institution,populations_organizations,false,1,none,ATTRIBUTED_MODEL,named,identity_only,fits,UNKNOWN,NONE,"Membership and advocacy institution; represented constituency is low-income and underserved borrowers, whose exact base and unit are UNKNOWN. Exact scope is UNKNOWN; no singular humanlike cognition is implied.",06-design-discussion-representation-catalog.md:310
institution.us.consumer.finance.advocates,Consumer-finance advocates,instance,type.institution.default,Institution,populations_organizations,false,1,none,ATTRIBUTED_MODEL,named,identity_only,fits,UNKNOWN,NONE,"Membership and advocacy institution; represented constituency is low-income and underserved borrowers, whose exact base and unit are UNKNOWN. Exact scope is UNKNOWN; no singular humanlike cognition is implied.",06-design-discussion-representation-catalog.md:310
institution.us.department_of_energy,U.S. Department of Energy,instance,type.institution.default,Institution,sovereign_regional,false,1,cohort_response,ORGANIZATION_COHORT_RESPONSE,researched,identity_only,fits,UNKNOWN,NONE,Department of Energy (administered EPAA 1973 price and allocation controls); Schlesinger Secretary until 1979-08-23; Duncan from 1979-08-24; confidence high,https://en.wikipedia.org/wiki/United_States_Department_of_Energy
institution.us.farm.bureau.analogue,Farm bureau analogue,instance,type.institution.default,Institution,populations_organizations,false,1,none,ATTRIBUTED_MODEL,named,identity_only,fits,UNKNOWN,NONE,"Membership and advocacy institution; represented constituency is organization.us.agricultural.producers. Exact identity, scope, and unit are UNKNOWN; no singular humanlike cognition is implied.",06-design-discussion-representation-catalog.md:311
institution.us.homebuilders,Homebuilders,instance,type.institution.default,Institution,populations_organizations,false,1,none,ATTRIBUTED_MODEL,named,identity_only,fits,UNKNOWN,NONE,Membership and advocacy institution; represented constituency is organization.us.homebuilders. Exact scope and unit are UNKNOWN; no singular humanlike cognition is implied.,06-design-discussion-representation-catalog.md:306
institution.us.independent.community.bankers,Independent community bankers,instance,type.institution.default,Institution,populations_organizations,false,1,none,ATTRIBUTED_MODEL,named,identity_only,fits,UNKNOWN,NONE,"Membership and advocacy institution; represented constituency is organization.us.community.banks.credit.unions. Exact identity, scope, and unit are UNKNOWN; no singular humanlike cognition is implied.",06-design-discussion-representation-catalog.md:303
institution.us.investment.company.institute.analogue,Investment company institute analogue,instance,type.institution.default,Institution,populations_organizations,false,1,none,ATTRIBUTED_MODEL,named,identity_only,fits,UNKNOWN,NONE,"Membership and advocacy institution; represented constituency is organization.us.money.market.mutual.funds. Exact identity, scope, and unit are UNKNOWN; no singular humanlike cognition is implied.",06-design-discussion-representation-catalog.md:296;06-design-discussion-representation-catalog.md:302;05-design-discussion-representation-bible.md:170
institution.us.labor.federation,Labor federation,instance,type.institution.default,Institution,populations_organizations,false,1,none,ATTRIBUTED_MODEL,named,identity_only,fits,UNKNOWN,NONE,"Membership and advocacy institution; represented constituency is workers by sector, whose base and unit are UNKNOWN. Exact scope and unit are UNKNOWN; no singular humanlike cognition is implied.",06-design-discussion-representation-catalog.md:309
institution.us.managed.funds.association,Managed funds association,instance,type.institution.default,Institution,populations_organizations,false,1,none,ATTRIBUTED_MODEL,named,identity_only,fits,UNKNOWN,NONE,"Membership and advocacy institution; represented constituency is organization.us.hedge.funds. Exact identity, scope, and unit are UNKNOWN; no singular humanlike cognition is implied.",06-design-discussion-representation-catalog.md:305
institution.us.member.unions,Member unions,instance,type.institution.default,Institution,populations_organizations,false,1,none,ATTRIBUTED_MODEL,named,identity_only,fits,UNKNOWN,NONE,"Membership and advocacy institutions; represented constituency is workers by sector, whose base and unit are UNKNOWN. Exact scope and unit are UNKNOWN; no singular humanlike cognition is implied.",06-design-discussion-representation-catalog.md:309
institution.us.mortgage.bankers,Mortgage bankers,instance,type.institution.default,Institution,populations_organizations,false,1,none,ATTRIBUTED_MODEL,named,identity_only,fits,UNKNOWN,NONE,Membership and advocacy institution; represented constituency is organization.us.mortgage.originators. Exact scope and unit are UNKNOWN; no singular humanlike cognition is implied.,06-design-discussion-representation-catalog.md:306
institution.us.new_york_fed,New York Fed,instance,type.institution.default,Institution,media_information,false,1,none,PARTICIPANT_DISTRIBUTION,named,typed,fits,UNKNOWN,NONE,"Calculates and publishes SOFR from tri-party, GCF, and bilateral repo transaction data; broader Federal Reserve role details are outside this inventory.",06-design-discussion-representation-catalog.md:1030
institution.us.policy.institutes,Policy institutes,instance,type.institution.default,Institution,populations_organizations,false,1,none,ATTRIBUTED_MODEL,named,identity_only,fits,UNKNOWN,NONE,"Institution produces Claims without membership. Exact identities, scope, and unit are UNKNOWN; no singular humanlike cognition is implied.",06-design-discussion-representation-catalog.md:312
institution.us.presidency,U.S. Presidency,instance,type.institution.default,Institution,sovereign_regional,false,1,cohort_response,ORGANIZATION_COHORT_RESPONSE,researched,identity_only,fits,UNKNOWN,NONE,"President of the United States (Jimmy Carter), supported by the Executive Office of the President; Carter in office; cabinet reshuffle under way (Miller to Treasury 1979-08-06); confidence high",https://en.wikipedia.org/wiki/Executive_Office_of_the_President_of_the_United_States
institution.us.realtors,Realtors,instance,type.institution.default,Institution,populations_organizations,false,1,none,ATTRIBUTED_MODEL,named,identity_only,fits,UNKNOWN,NONE,Membership and advocacy institution; represented constituency is organization.us.real.estate.agents. Exact scope and unit are UNKNOWN; no singular humanlike cognition is implied.,06-design-discussion-representation-catalog.md:306
institution.us.retiree.association.aarp.analogue,Retiree association (AARP analogue),instance,type.institution.default,Institution,populations_organizations,false,1,none,ATTRIBUTED_MODEL,named,identity_only,fits,UNKNOWN,NONE,"Membership and advocacy institution; represented constituency is pop.us.retirees, including near-retirees not separately defined. Exact identity, scope, and unit are UNKNOWN; no singular humanlike cognition is implied.",06-design-discussion-representation-catalog.md:307
institution.us.securities.industry.association,Securities industry association,instance,type.institution.default,Institution,populations_organizations,false,1,none,ATTRIBUTED_MODEL,named,identity_only,fits,UNKNOWN,NONE,"Membership and advocacy institution; represented constituency is organization.us.dealers.market.makers. Exact identity, scope, and unit are UNKNOWN; no singular humanlike cognition is implied.",06-design-discussion-representation-catalog.md:304
institution.us.small.business.federation,Small-business federation,instance,type.institution.default,Institution,populations_organizations,false,1,none,ATTRIBUTED_MODEL,named,identity_only,fits,UNKNOWN,NONE,Membership and advocacy institution; represented constituency is organization.us.small.firms. Exact scope and unit are UNKNOWN; no singular humanlike cognition is implied.,06-design-discussion-representation-catalog.md:308
institution.us.state_department,U.S. Department of State,instance,type.institution.default,Institution,sovereign_regional,false,1,cohort_response,ORGANIZATION_COHORT_RESPONSE,researched,identity_only,fits,UNKNOWN,NONE,Department of State; active; confidence high,https://en.wikipedia.org/wiki/United_States_Department_of_State
institution.us.think.tanks,Think tanks,instance,type.institution.default,Institution,populations_organizations,false,1,none,ATTRIBUTED_MODEL,named,identity_only,fits,UNKNOWN,NONE,"Institution produces Claims without membership. Exact identities, scope, and unit are UNKNOWN; no singular humanlike cognition is implied.",06-design-discussion-representation-catalog.md:312
institution.ve.central_bank,Banco Central de Venezuela,instance,type.institution.default,Institution,sovereign_regional,false,1,cohort_response,ORGANIZATION_COHORT_RESPONSE,researched,identity_only,fits,UNKNOWN,NONE,Banco Central de Venezuela; active; confidence high,https://en.wikipedia.org/wiki/Central_Bank_of_Venezuela
institution.ve.energy_mines_ministry,Venezuelan Ministry of Energy and Mines,instance,type.institution.default,Institution,sovereign_regional,false,1,cohort_response,ORGANIZATION_COHORT_RESPONSE,researched,identity_only,fits,UNKNOWN,NONE,Ministerio de Energía y Minas; Supervising PDVSA; confidence medium,https://es.wikipedia.org/wiki/Ministerio_del_Poder_Popular_de_Petr%C3%B3leo_y_Miner%C3%ADa
institution.ve.finance_ministry,Venezuelan Ministry of Finance,instance,type.institution.default,Institution,sovereign_regional,false,1,cohort_response,ORGANIZATION_COHORT_RESPONSE,researched,identity_only,fits,UNKNOWN,NONE,Ministerio de Hacienda; active; confidence high,https://es.wikipedia.org/wiki/Ministerio_del_Poder_Popular_de_Econom%C3%ADa_y_Finanzas
institution.ve.foreign_ministry,Venezuelan Ministry of Foreign Affairs,instance,type.institution.default,Institution,sovereign_regional,false,1,cohort_response,ORGANIZATION_COHORT_RESPONSE,researched,identity_only,fits,UNKNOWN,NONE,Ministerio de Relaciones Exteriores; active; 1979 minister UNVERIFIED; confidence high,https://en.wikipedia.org/wiki/Ministry_of_Foreign_Affairs_(Venezuela)
institution.ve.presidency,Venezuelan Presidency and Council of Ministers,instance,type.institution.default,Institution,sovereign_regional,false,1,cohort_response,ORGANIZATION_COHORT_RESPONSE,researched,identity_only,fits,UNKNOWN,NONE,President of the Republic (Luis Herrera Campins) and Council of Ministers; Herrera in office until 1984-02-02; confidence high,https://en.wikipedia.org/wiki/Luis_Herrera_Campins
instrument.cross_border.capital_controls,Cross-border capital controls,instance,type.legal_instrument.default,LegalInstrument,sovereign_regional,false,1,none,MECHANICAL_OR_ADAPTER,named,identity_only,fits,UNKNOWN,NONE,Legal constraint candidate that changes the feasible transaction graph; it is not a sovereign cognition or balance-sheet container.,04-design-discussion-minimum-simulation-kernel.md:823;05-design-discussion-representation-bible.md:306
legal.us.dodd_frank,Dodd-Frank,instance,type.legal_instrument.statute,LegalInstrument,legal_records,false,1,none,MECHANICAL_OR_ADAPTER,named,identity_only,fits,UNKNOWN,NONE,"Fallback: fixed authority-graph state. Exact clause set, enactment history, and selected legal era are UNKNOWN.",05-design-discussion-representation-bible.md:223
legal.us.executive_order.12170,"Executive Order 12170, Blocking Iranian Government Property",instance,type.legal_instrument.default,LegalInstrument,legal_records,true,1,none,MECHANICAL_OR_ADAPTER,researched,probe_complete,fits,UNKNOWN,NONE,The scenario stores bounded clauses for Reserve Bank execution and foreign-branch reach of the blocking order.,https://archives.federalregister.gov/issue_slice/1979/11/15/65729-65731.pdf
legal.us.federal_reserve.act.section_12a,Federal Reserve Act section 12A,instance,type.legal_instrument.default,LegalInstrument,Fed,true,1,none,MECHANICAL_OR_ADAPTER,researched,probe_complete,fits,UNKNOWN,NONE,The scenario stores bounded effective clauses for FOMC direction of open-market operations.,Federal Reserve Act section 12A: https://www.federalreserve.gov/aboutthefed/section12a.htm
legal.us.federal_reserve.act.section_14,Federal Reserve Act section 14,instance,type.legal_instrument.default,LegalInstrument,Fed,true,1,none,MECHANICAL_OR_ADAPTER,researched,probe_complete,fits,UNKNOWN,NONE,The scenario stores bounded effective clauses for Reserve Bank open-market powers.,Federal Reserve Act section 14: https://www.federalreserve.gov/aboutthefed/section14.htm
legal.us.federal_reserve.domestic_authorization.1979,1979 Authorization for Domestic Open Market Operations,instance,type.legal_instrument.default,LegalInstrument,Fed,true,1,none,MECHANICAL_OR_ADAPTER,researched,probe_complete,fits,UNKNOWN,NONE,The MVP models only the delegation required for the selected Desk actions.,https://www.federalreserve.gov/monetarypolicy/files/fomcropa19790814.pdf
legal.us.federal_reserve.domestic_authorization.2006,2006 Authorization for Domestic Open Market Operations,instance,type.legal_instrument.default,LegalInstrument,Fed,true,1,none,MECHANICAL_OR_ADAPTER,researched,probe_complete,fits,UNKNOWN,NONE,The MVP models only the delegation required for the selected Desk actions.,Federal Reserve 2006 FOMC historical materials: https://www.federalreserve.gov/monetarypolicy/fomchistorical2006.htm
legal.us.federal_reserve.fomc_rules.section_3,FOMC Rules of Organization section 3,instance,type.legal_instrument.default,LegalInstrument,Fed,true,1,none,MECHANICAL_OR_ADAPTER,researched,probe_complete,fits,UNKNOWN,NONE,The scenario stores the bounded voting-procedure clause effective for the meeting.,FOMC Rules of Organization: https://www.federalreserve.gov/monetarypolicy/files/fomc_rulesorganization.pdf
legal.us.federal_reserve.section_13_3,Section 13(3) Legal Regime,instance,type.legal_instrument.default,LegalInstrument,Fed,false,1,none,MECHANICAL_OR_ADAPTER,named,typed,fits,UNKNOWN,NONE,Effective clause varies by selected period; Treasury-consent condition not asserted absent era.,06-design-discussion-representation-catalog.md:1519-1521;07-design-discussion-burrow-composition-probe.md:160-173
market.global.crude,World crude export market,instance,type.market.default,Market,markets,true,2,none,MECHANICAL_OR_ADAPTER,researched,probe_complete,fits,UNKNOWN,NONE,Weekly clearing of modeled sovereign exports and residual producers against import demand.,doc:mandate.m4-proving-lens
market.global.fx_spot_forward_basis,"FX spot, forward, and cross-currency basis markets",instance,type.market.default,Market,financial,false,1,none,MECHANICAL_OR_ADAPTER,named,typed,fits,UNKNOWN,NONE,Grouped editorial subject; market-instance split and scope unresolved. Manifest selection deferred until ownership/relationship/transmission/scenario/probe closure validates.,06-design-discussion-representation-catalog.md:343
market.product.global.coffee,Global green-coffee market,instance,type.market.product,Market,physical_products,false,1,none,MECHANICAL_OR_ADAPTER,typed,structural,fits,UNKNOWN,NONE,Rulebook and eligible counterparties UNKNOWN Manifest selection deferred until ownership/relationship/transmission/scenario/probe closure validates.,06-design-discussion-representation-catalog.md:451
market.product.global.pork,Global pork market,instance,type.market.product,Market,physical_products,false,1,none,MECHANICAL_OR_ADAPTER,typed,structural,fits,UNKNOWN,NONE,Rulebook and eligible counterparties UNKNOWN Manifest selection deferred until ownership/relationship/transmission/scenario/probe closure validates.,06-design-discussion-representation-catalog.md:452
market.product.global.timber,Global lumber market,instance,type.market.product,Market,physical_products,false,1,none,MECHANICAL_OR_ADAPTER,typed,structural,fits,UNKNOWN,NONE,Rulebook and eligible counterparties UNKNOWN Manifest selection deferred until ownership/relationship/transmission/scenario/probe closure validates.,06-design-discussion-representation-catalog.md:450
market.us.corporate_bond,Corporate bond market,instance,type.market.default,Market,financial,false,1,none,MECHANICAL_OR_ADAPTER,named,typed,fits,UNKNOWN,NONE,"Ownership, fallback, and residual unresolved. Manifest selection deferred until ownership/relationship/transmission/scenario/probe closure validates.",06-design-discussion-representation-catalog.md:344
market.us.equity,Equity market,instance,type.market.default,Market,financial,false,1,none,MECHANICAL_OR_ADAPTER,named,typed,fits,UNKNOWN,NONE,"Ownership, fallback, and residual unresolved. Manifest selection deferred until ownership/relationship/transmission/scenario/probe closure validates.",06-design-discussion-representation-catalog.md:344
market.us.fed_funds,Federal funds market,instance,type.market.default,Market,financial,false,1,none,MECHANICAL_OR_ADAPTER,named,typed,fits,UNKNOWN,NONE,"Ownership, fallback, and residual unresolved. Manifest selection deferred until ownership/relationship/transmission/scenario/probe closure validates.",06-design-discussion-representation-catalog.md:340
market.us.federal_funds,Federal funds and reserves market,instance,type.market.default,Market,markets,true,2,none,MECHANICAL_OR_ADAPTER,researched,probe_complete,fits,UNKNOWN,NONE,Member-bank reserves market; parameters are August 1979 magnitudes with calibration pending.,https://fraser.stlouisfed.org/title/federal-reserve-bulletin-62
market.us.mbs_tba,MBS TBA market,instance,type.market.default,Market,financial,false,1,none,MECHANICAL_OR_ADAPTER,named,typed,fits,UNKNOWN,NONE,"Ownership, fallback, and residual unresolved. Manifest selection deferred until ownership/relationship/transmission/scenario/probe closure validates.",06-design-discussion-representation-catalog.md:344
market.us.sofr_futures,SOFR futures market,instance,type.market.default,Market,financial,false,1,none,MECHANICAL_OR_ADAPTER,named,typed,fits,UNKNOWN,NONE,CME is the institution and clearing is a separate promoted subobject. Manifest selection deferred until ownership/relationship/transmission/scenario/probe closure validates.,06-design-discussion-representation-catalog.md:345
market.us.treasury.auction,Treasury auction,instance,type.market.default,Market,financial,false,1,none,MECHANICAL_OR_ADAPTER,typed,typed,fits,UNKNOWN,NONE,"Single-price protocol with dealer, direct, and indirect bidders; owns eligibility, bids, constraints, clearing state, residuals, failure, and calendar. Manifest selection deferred until ownership/relationship/transmission/scenario/probe closure validates.",06-design-discussion-representation-catalog.md:333
market.us.treasury.futures,Treasury Futures Market,instance,type.market.default,Market,markets,false,1,none,MECHANICAL_OR_ADAPTER,named,typed,fits,UNKNOWN,NONE,Specific contracts/deliverable baskets UNKNOWN.,06-design-discussion-representation-catalog.md:345;06-design-discussion-representation-catalog.md:1181
market.us.treasury.secondary,Treasury Secondary Market by Maturity Bucket,instance,type.market.default,Market,markets,true,2,none,MECHANICAL_OR_ADAPTER,researched,probe_complete,fits,UNKNOWN,NONE,"The MVP selects a 5-10 year maturity bucket with bounded price formation, allocation, rationing, and explicit clearing failure.",12-structure-outline-bernankey-mvp-cycle.md:299-319
market.us.treasury_futures,Treasury futures market,instance,type.market.default,Market,financial,false,1,none,MECHANICAL_OR_ADAPTER,named,typed,fits,UNKNOWN,NONE,CME is the institution and clearing is a separate promoted subobject. Manifest selection deferred until ownership/relationship/transmission/scenario/probe closure validates.,06-design-discussion-representation-catalog.md:345
mechanism.cross_border.chokepoint_shipping,Cross-border chokepoint shipping mechanism,instance,type.mechanical_system.default,MechanicalSystem,sovereign_regional,false,1,none,MECHANICAL_OR_ADAPTER,typed,typed,fits,UNKNOWN,NONE,"Scenario-specific boundary owner; opening state and replacement share remain UNKNOWN, so manifest selection is deferred.",06-design-discussion-representation-catalog.md:370;05-design-discussion-representation-bible.md:175-176;04-design-discussion-minimum-simulation-kernel.md:819-837;05-design-discussion-representation-bible.md:678-690;05-design-discussion-representation-bible.md:737-771
mechanism.demand.global.coffee,Global green-coffee demand mechanism,instance,type.mechanical.product_demand,MechanicalSystem,physical_products,false,1,none,MECHANICAL_OR_ADAPTER,typed,structural,fits,UNKNOWN,NONE,Participant identities and demand parameters UNKNOWN Manifest selection deferred until ownership/relationship/transmission/scenario/probe closure validates.,06-design-discussion-representation-catalog.md:496
mechanism.demand.global.pork,Global pork demand mechanism,instance,type.mechanical.product_demand,MechanicalSystem,physical_products,false,1,none,MECHANICAL_OR_ADAPTER,typed,structural,fits,UNKNOWN,NONE,Participant identities and demand parameters UNKNOWN Manifest selection deferred until ownership/relationship/transmission/scenario/probe closure validates.,06-design-discussion-representation-catalog.md:497
mechanism.demand.global.timber,Global lumber demand mechanism,instance,type.mechanical.product_demand,MechanicalSystem,physical_products,false,1,none,MECHANICAL_OR_ADAPTER,typed,structural,fits,UNKNOWN,NONE,Participant identities and demand parameters UNKNOWN Manifest selection deferred until ownership/relationship/transmission/scenario/probe closure validates.,06-design-discussion-representation-catalog.md:495
mechanism.export.arabian_peninsula.petroleum,Arabian Peninsula petroleum export handling,instance,type.mechanical.resource_operation,MechanicalSystem,physical_products,false,1,none,MECHANICAL_OR_ADAPTER,named,identity_only,fits,UNKNOWN,NONE,Ports pipelines storage custody title and capacity topology UNKNOWN.,05-design-discussion-representation-bible.md:286
mechanism.flow.global.coffee,Global green-coffee flow,instance,type.mechanical.product_flow,MechanicalSystem,physical_products,false,1,none,MECHANICAL_OR_ADAPTER,typed,structural,fits,UNKNOWN,NONE,Route storage and custody counterparties UNKNOWN Manifest selection deferred until ownership/relationship/transmission/scenario/probe closure validates.,06-design-discussion-representation-catalog.md:448
mechanism.flow.global.pork,Global pork flow,instance,type.mechanical.product_flow,MechanicalSystem,physical_products,false,1,none,MECHANICAL_OR_ADAPTER,typed,structural,fits,UNKNOWN,NONE,Route storage and custody counterparties UNKNOWN Manifest selection deferred until ownership/relationship/transmission/scenario/probe closure validates.,06-design-discussion-representation-catalog.md:449
mechanism.flow.global.timber,Global lumber flow,instance,type.mechanical.product_flow,MechanicalSystem,physical_products,false,1,none,MECHANICAL_OR_ADAPTER,typed,structural,fits,UNKNOWN,NONE,Route storage and custody counterparties UNKNOWN Manifest selection deferred until ownership/relationship/transmission/scenario/probe closure validates.,06-design-discussion-representation-catalog.md:447
mechanism.hydropower.caucasus,Caucasus hydropower and electricity systems,instance,type.mechanical.resource_operation,MechanicalSystem,physical_products,false,1,none,MECHANICAL_OR_ADAPTER,named,identity_only,fits,UNKNOWN,NONE,Operators reservoirs grid links dispatch and delivery ownership UNKNOWN.,04-design-discussion-minimum-simulation-kernel.md:932
mechanism.hydropower.congo_basin,Congo Basin hydropower systems,instance,type.mechanical.resource_operation,MechanicalSystem,physical_products,false,1,none,MECHANICAL_OR_ADAPTER,named,identity_only,fits,UNKNOWN,NONE,Operators reservoirs grid topology dispatch and delivery ownership UNKNOWN.,https://documents.worldbank.org/en/publication/documents-reports/documentdetail/099640012082414965
mechanism.measurement.us.consumer_prices,U.S. consumer-price measurement,instance,type.mechanical_system.default,MechanicalSystem,physical_products,false,1,none,MECHANICAL_OR_ADAPTER,typed,structural,fits,UNKNOWN,NONE,Measurement-system type identifier and publishing institution UNKNOWN Manifest selection deferred until ownership/relationship/transmission/scenario/probe closure validates.,06-design-discussion-representation-catalog.md:523
mechanism.sector.sa.coffee,South American coffee sector,instance,type.mechanical.regional_sector,MechanicalSystem,physical_products,false,1,none,MECHANICAL_OR_ADAPTER,typed,structural,fits,UNKNOWN,NONE,Flattened provider parameters UNKNOWN Manifest selection deferred until ownership/relationship/transmission/scenario/probe closure validates.,06-design-discussion-representation-catalog.md:484
mechanism.sector.sa.forestry,South American forestry sector,instance,type.mechanical.regional_sector,MechanicalSystem,physical_products,false,1,none,MECHANICAL_OR_ADAPTER,typed,structural,fits,UNKNOWN,NONE,Flattened provider parameters UNKNOWN Manifest selection deferred until ownership/relationship/transmission/scenario/probe closure validates.,06-design-discussion-representation-catalog.md:483
mechanism.sector.sa.hog_production,South American hog sector,instance,type.mechanical.regional_sector,MechanicalSystem,physical_products,false,1,none,MECHANICAL_OR_ADAPTER,typed,structural,fits,UNKNOWN,NONE,Flattened provider parameters UNKNOWN Manifest selection deferred until ownership/relationship/transmission/scenario/probe closure validates.,06-design-discussion-representation-catalog.md:485
mechanism.transform.global.coffee_roasting,Global coffee roasting,instance,type.mechanical.product_flow,MechanicalSystem,physical_products,false,1,none,MECHANICAL_OR_ADAPTER,typed,structural,fits,UNKNOWN,NONE,Selected roaster site operator and contracts UNKNOWN Manifest selection deferred until ownership/relationship/transmission/scenario/probe closure validates.,06-design-discussion-representation-catalog.md:445
mechanism.transform.global.hogs_slaughter,Global hog slaughter and cold chain,instance,type.mechanical.product_flow,MechanicalSystem,physical_products,false,1,none,MECHANICAL_OR_ADAPTER,typed,structural,fits,UNKNOWN,NONE,Selected slaughter site operator and contracts UNKNOWN Manifest selection deferred until ownership/relationship/transmission/scenario/probe closure validates.,06-design-discussion-representation-catalog.md:446
mechanism.transform.global.timber_milling,Global timber milling,instance,type.mechanical.product_flow,MechanicalSystem,physical_products,false,1,none,MECHANICAL_OR_ADAPTER,typed,structural,fits,UNKNOWN,NONE,Selected mill site operator and contracts UNKNOWN Manifest selection deferred until ownership/relationship/transmission/scenario/probe closure validates.,06-design-discussion-representation-catalog.md:444
mechanism.transit.caucasus.energy,Caucasus energy transit corridors,instance,type.mechanical.resource_operation,MechanicalSystem,physical_products,false,1,none,MECHANICAL_OR_ADAPTER,named,identity_only,fits,UNKNOWN,NONE,Pipeline rail road port operators title custody capacity routes and losses UNKNOWN.,05-design-discussion-representation-bible.md:286
mechanism.transport.drc.minerals,DRC mineral transport and export corridors,instance,type.mechanical.resource_operation,MechanicalSystem,physical_products,false,1,none,MECHANICAL_OR_ADAPTER,named,identity_only,fits,UNKNOWN,NONE,Routes operators custody title queues capacity and loss UNKNOWN.,https://pubs.usgs.gov/myb/vol3/2020/myb3-2020-congo-kinshasa.pdf
mechanism.us.bank.regional_aggregate,U.S. regional-bank aggregate boundary mechanism,instance,type.mechanical.bank.regional_aggregate,MechanicalSystem,financial,false,1,none,MECHANICAL_OR_ADAPTER,typed,typed,fits,UNKNOWN,NONE,Preserves aggregate bank-sector boundary when the regional-bank cohort degrades; exact provider state unresolved. Manifest selection deferred until ownership/relationship/transmission/scenario/probe closure validates.,06-design-discussion-representation-catalog.md:900;06-design-discussion-representation-catalog.md:925-928
mechanism.us.chips,CHIPS,instance,type.mechanical_system.default,MechanicalSystem,markets,false,1,none,MECHANICAL_OR_ADAPTER,named,identity_only,fits,UNKNOWN,NONE,Operator and operating-window parameters UNKNOWN.,06-design-discussion-representation-catalog.md:342
mechanism.us.clearing.ficc_repo,FICC sponsored and GCF repo matching and netting,instance,type.mechanical_system.default,MechanicalSystem,financial,false,1,none,MECHANICAL_OR_ADAPTER,typed,typed,fits,UNKNOWN,NONE,"Promoted clearing subobject; FICC remains parent institution responsible for discretionary margin methodology, netting, and default management. Manifest selection deferred until ownership/relationship/transmission/scenario/probe closure validates.",06-design-discussion-representation-catalog.md:337
mechanism.us.external_market_inputs,U.S. external market input boundary,instance,type.mechanical_system.default,MechanicalSystem,financial,false,1,none,MECHANICAL_OR_ADAPTER,typed,structural,fits,UNKNOWN,NONE,Typed receiving boundary; domestic prices and macro outcomes remain owned by their markets and mechanisms.,Representation Bible P41 and external boundary contract.
mechanism.us.fedwire.funds,Fedwire Funds,instance,type.mechanical_system.default,MechanicalSystem,Fed,false,1,none,MECHANICAL_OR_ADAPTER,named,identity_only,fits,UNKNOWN,NONE,Operator and operating-window parameters UNKNOWN.,06-design-discussion-representation-catalog.md:342
mechanism.us.fedwire.securities,Fedwire Securities,instance,type.mechanical_system.default,MechanicalSystem,Fed,false,1,none,MECHANICAL_OR_ADAPTER,named,identity_only,fits,UNKNOWN,NONE,Operator and operating-window parameters UNKNOWN.,06-design-discussion-representation-catalog.md:342
mechanism.us.ficc.sponsored_gcf_repo,FICC Sponsored and GCF Repo Clearing Subobject,instance,type.mechanical_system.default,MechanicalSystem,markets,false,1,none,MECHANICAL_OR_ADAPTER,named,typed,fits,UNKNOWN,NONE,Promoted clearing subobject; matching/netting engine; FICC parent owner.,06-design-discussion-representation-catalog.md:337
mechanism.us.nss,National Settlement Service,instance,type.mechanical_system.default,MechanicalSystem,Fed,false,1,none,MECHANICAL_OR_ADAPTER,named,identity_only,fits,UNKNOWN,NONE,Operator and operating-window parameters UNKNOWN.,06-design-discussion-representation-catalog.md:342
mechanism.us.payment.chips,Clearing House Interbank Payments System,instance,type.mechanical_system.default,MechanicalSystem,financial,false,1,none,MECHANICAL_OR_ADAPTER,typed,typed,fits,UNKNOWN,NONE,Settlement system with queues and capacities; operating institution and window extension endpoint unresolved. Manifest selection deferred until ownership/relationship/transmission/scenario/probe closure validates.,06-design-discussion-representation-catalog.md:342;04-design-discussion-minimum-simulation-kernel.md:220-222
mechanism.us.payment.fedwire_funds,Fedwire Funds,instance,type.mechanical_system.default,MechanicalSystem,financial,false,1,none,MECHANICAL_OR_ADAPTER,typed,typed,fits,UNKNOWN,NONE,Settlement system with queues and capacities; operating institution and window extension endpoint unresolved. Manifest selection deferred until ownership/relationship/transmission/scenario/probe closure validates.,06-design-discussion-representation-catalog.md:342;04-design-discussion-minimum-simulation-kernel.md:220-222
mechanism.us.repo.tri_party,Tri-party repo allocation and operations,instance,type.mechanical_system.default,MechanicalSystem,financial,false,1,none,MECHANICAL_OR_ADAPTER,typed,typed,fits,UNKNOWN,NONE,Allocation and operational availability machinery; operator/custodian endpoint unresolved. Manifest selection deferred until ownership/relationship/transmission/scenario/probe closure validates.,06-design-discussion-representation-catalog.md:336;04-design-discussion-minimum-simulation-kernel.md:220-222
mechanism.us.settlement.fedwire_securities,Fedwire Securities,instance,type.mechanical_system.default,MechanicalSystem,financial,false,1,none,MECHANICAL_OR_ADAPTER,typed,typed,fits,UNKNOWN,NONE,Settlement system with queues and capacities; operating institution and window extension endpoint unresolved. Manifest selection deferred until ownership/relationship/transmission/scenario/probe closure validates.,06-design-discussion-representation-catalog.md:342;04-design-discussion-minimum-simulation-kernel.md:220-222
mechanism.us.settlement.nss,National Settlement Service,instance,type.mechanical_system.default,MechanicalSystem,financial,false,1,none,MECHANICAL_OR_ADAPTER,typed,typed,fits,UNKNOWN,NONE,Settlement system with queues and capacities; operating institution and window extension endpoint unresolved. Manifest selection deferred until ownership/relationship/transmission/scenario/probe closure validates.,06-design-discussion-representation-catalog.md:342;04-design-discussion-minimum-simulation-kernel.md:220-222
mechanism.water.arabian_peninsula,Arabian Peninsula water and desalination systems,instance,type.mechanical.resource_operation,MechanicalSystem,physical_products,false,1,none,MECHANICAL_OR_ADAPTER,named,identity_only,fits,UNKNOWN,NONE,Operators energy inputs capacities and allocation queues UNKNOWN.,user-request:strategic-resource-regions
network.media.goosetogetherstrong,GooseTogetherStrong,instance,type.network.default,Network,media_information,false,1,none,MECHANICAL_OR_ADAPTER,named,typed,fits,UNKNOWN,NONE,"Retail-investor forum: options mania, meme stocks, conspiracy narratives, accidental insight, and extreme amplification. No editorial office is defined.",task.md:765-775;06-design-discussion-representation-catalog.md:372
network.media.honkbox,HonkBox,instance,type.network.default,Network,media_information,false,1,none,MECHANICAL_OR_ADAPTER,named,typed,fits,UNKNOWN,NONE,"Twitter/X analogue: maximal speed; primary-source posts, rumors, bots, screenshots, shitposts, and political signaling. Ranking and diffusion are Network state, not an actor.",task.md:744-754;06-design-discussion-representation-catalog.md:373;06-design-discussion-representation-catalog.md:982-985
network.media.the_herd,The Herd,instance,type.network.default,Network,media_information,false,1,none,MECHANICAL_OR_ADAPTER,named,typed,fits,UNKNOWN,NONE,"Private professional information network equivalent to Bloomberg chat, Signal, or WhatsApp: fastest market rumor, narrow audience, high informational value, uncertain verification. It has no owner, slate, or offices.",task.md:733-742;06-design-discussion-representation-catalog.md:374;06-design-discussion-representation-catalog.md:995
office.media.aftv.anchor_chair,AFTV anchor chair,instance,type.office.default,Office,media_information,false,1,none,LIMITED_ROLE_HOLDER,named,typed,fits,UNKNOWN,NONE,Outlet office held by a role-holder; succession and authority details are UNKNOWN.,06-design-discussion-representation-catalog.md:1551;06-design-discussion-representation-catalog.md:1689
office.media.gnbc.anchor_chair,GNBC anchor chair,instance,type.office.default,Office,media_information,false,1,none,LIMITED_ROLE_HOLDER,named,typed,fits,UNKNOWN,NONE,Outlet office held by a role-holder; succession and authority details are UNKNOWN.,06-design-discussion-representation-catalog.md:1551;06-design-discussion-representation-catalog.md:1689
office.media.wool_street_journal.fed_beat,Wool Street Journal Fed beat,instance,type.office.default,Office,media_information,false,1,none,LIMITED_ROLE_HOLDER,named,typed,fits,UNKNOWN,NONE,Outlet office held by a role-holder; succession and authority details are UNKNOWN.,06-design-discussion-representation-catalog.md:1551;06-design-discussion-representation-catalog.md:1689
office.us.federal_reserve.board_chair,Board Chair,instance,type.office.default,Office,Fed,true,1,none,LIMITED_ROLE_HOLDER,researched,probe_complete,fits,UNKNOWN,NONE,The 2006 office tenure is initialized separately from FOMC collective authority.,12-structure-outline-bernankey-mvp-cycle.md:195-285
office.us.federal_reserve.chief_of_staff,Chair's Chief of Staff,instance,type.office.default,Office,Fed,true,1,none,LIMITED_ROLE_HOLDER,sketched,probe_complete,fits,UNKNOWN,NONE,The MVP initializes a limited role-holder and agenda access without granting policy authority.,12-structure-outline-bernankey-mvp-cycle.md:195-285
office.us.federal_reserve.division_director,Division Director,instance,type.office.default,Office,Fed,false,1,none,LIMITED_ROLE_HOLDER,named,identity_only,fits,UNKNOWN,NONE,Named divisions held as staff units; individual roles/holders UNKNOWN.,06-design-discussion-representation-catalog.md:246
office.us.federal_reserve.fomc_chair,FOMC Chair,instance,type.office.default,Office,Fed,true,1,none,LIMITED_ROLE_HOLDER,researched,probe_complete,fits,UNKNOWN,NONE,The Chair may place a package before the FOMC but cannot direct the Desk without a certified Committee decision.,12-structure-outline-bernankey-mvp-cycle.md:195-285
office.us.federal_reserve.governor,Governor,instance,type.office.default,Office,Fed,true,1,none,LIMITED_ROLE_HOLDER,sketched,probe_complete,fits,UNKNOWN,NONE,The MVP uses two bounded role-holders with private sourced beliefs and separate votes.,12-structure-outline-bernankey-mvp-cycle.md:195-285
office.us.federal_reserve.ny_president,Federal Reserve Bank of New York President,instance,type.office.default,Office,Fed,true,1,none,LIMITED_ROLE_HOLDER,named,probe_complete,fits,UNKNOWN,NONE,Current holder UNKNOWN; FOMC vice-chair status is custom not statute.,06-design-discussion-representation-catalog.md:244
office.us.federal_reserve.reserve_bank_president,Reserve Bank President,instance,type.office.default,Office,Fed,true,1,none,LIMITED_ROLE_HOLDER,named,probe_complete,fits,UNKNOWN,NONE,Individual presidents UNKNOWN; NY FOMC vice-chair custom and voting rotation statutory.,06-design-discussion-representation-catalog.md:244
office.us.federal_reserve.vice_chair,Vice Chair,instance,type.office.default,Office,Fed,false,1,none,LIMITED_ROLE_HOLDER,named,identity_only,fits,UNKNOWN,NONE,Holder UNKNOWN.,06-design-discussion-representation-catalog.md:243
office.us.federal_reserve.vice_chair_supervision,Vice Chair for Supervision,instance,type.office.default,Office,Fed,false,1,none,LIMITED_ROLE_HOLDER,named,identity_only,fits,UNKNOWN,NONE,Statutory powers distinguished; holder UNKNOWN.,06-design-discussion-representation-catalog.md:243
office.us.treasury.secretary,Treasury Secretary Office,instance,type.office.default,Office,Treasury,false,1,none,LIMITED_ROLE_HOLDER,named,identity_only,fits,UNKNOWN,NONE,Office-holder UNKNOWN.,06-design-discussion-representation-catalog.md:247
organization.us.agricultural.producers,Agricultural producers,instance,type.organization_cohort.default,OrganizationCohort,populations_organizations,false,1,cohort_response,ORGANIZATION_COHORT_RESPONSE,named,identity_only,fits,UNKNOWN,NONE,"Candidate organization constituency; base legal-person versus person-cell boundary, unit, and scenario scope are UNKNOWN.",06-design-discussion-representation-catalog.md:311
organization.us.all.banks,All banks,instance,type.organization_cohort.default,OrganizationCohort,populations_organizations,false,1,cohort_response,ORGANIZATION_COHORT_RESPONSE,named,identity_only,fits,UNKNOWN,NONE,"Candidate organization constituency; exact eligibility boundary, unit, and scenario scope are UNKNOWN.",06-design-discussion-representation-catalog.md:303
organization.us.asset.managers,Asset managers,instance,type.organization_cohort.default,OrganizationCohort,populations_organizations,false,1,cohort_response,ORGANIZATION_COHORT_RESPONSE,named,identity_only,fits,UNKNOWN,NONE,Candidate may instead resolve as Institution by tier; organization-cohort base is legal persons. Exact unit and scenario scope are UNKNOWN.,06-design-discussion-representation-catalog.md:281
organization.us.business.generally,Business generally,instance,type.organization_cohort.default,OrganizationCohort,populations_organizations,false,1,cohort_response,ORGANIZATION_COHORT_RESPONSE,named,identity_only,fits,UNKNOWN,NONE,"Candidate aggregate organization constituency; exact base, unit, and scenario scope are UNKNOWN.",06-design-discussion-representation-catalog.md:308
organization.us.community.banks.credit.unions,Community banks and credit unions by size geography and funding mix,instance,type.organization_cohort.default,OrganizationCohort,populations_organizations,false,1,cohort_response,ORGANIZATION_COHORT_RESPONSE,named,identity_only,fits,UNKNOWN,NONE,"Cohort of legal persons; base population is organizations, with count/distribution and aggregate accounts. Exact unit and scenario scope are UNKNOWN.",06-design-discussion-representation-catalog.md:285;05-design-discussion-representation-bible.md:170
organization.us.dealers.market.makers,Dealers and market makers,instance,type.organization_cohort.default,OrganizationCohort,populations_organizations,false,1,cohort_response,ORGANIZATION_COHORT_RESPONSE,named,identity_only,fits,UNKNOWN,NONE,"Candidate organization constituency; exact eligibility boundary, unit, and scenario scope are UNKNOWN.",06-design-discussion-representation-catalog.md:304
organization.us.endowments,Endowments,instance,type.organization_cohort.default,OrganizationCohort,populations_organizations,false,1,cohort_response,ORGANIZATION_COHORT_RESPONSE,named,identity_only,fits,UNKNOWN,NONE,"Cohort of legal persons; base population is organizations. Exact count, unit, and scenario scope are UNKNOWN.",06-design-discussion-representation-catalog.md:288
organization.us.hedge.funds,Hedge funds,instance,type.organization_cohort.default,OrganizationCohort,populations_organizations,false,1,cohort_response,ORGANIZATION_COHORT_RESPONSE,named,identity_only,fits,UNKNOWN,NONE,"Candidate organization constituency; exact eligibility boundary, unit, and scenario scope are UNKNOWN.",06-design-discussion-representation-catalog.md:305
organization.us.homebuilders,Homebuilders,instance,type.organization_cohort.default,OrganizationCohort,populations_organizations,false,1,cohort_response,ORGANIZATION_COHORT_RESPONSE,named,identity_only,fits,UNKNOWN,NONE,"Candidate organization constituency; exact eligibility boundary, unit, and scenario scope are UNKNOWN.",06-design-discussion-representation-catalog.md:306
organization.us.insurers,Insurers,instance,type.organization_cohort.default,OrganizationCohort,populations_organizations,false,1,cohort_response,ORGANIZATION_COHORT_RESPONSE,named,identity_only,fits,UNKNOWN,NONE,Candidate may instead resolve as Institution by tier; organization-cohort base is legal persons. Exact unit and scenario scope are UNKNOWN.,06-design-discussion-representation-catalog.md:281
organization.us.large.banks,Large banks,instance,type.organization_cohort.default,OrganizationCohort,populations_organizations,false,1,cohort_response,ORGANIZATION_COHORT_RESPONSE,named,identity_only,fits,UNKNOWN,NONE,"Candidate organization constituency; exact eligibility boundary, unit, and scenario scope are UNKNOWN.",06-design-discussion-representation-catalog.md:303
organization.us.money.market.fund.complexes,Money-market fund complexes,instance,type.organization_cohort.default,OrganizationCohort,populations_organizations,false,1,cohort_response,ORGANIZATION_COHORT_RESPONSE,named,identity_only,fits,UNKNOWN,NONE,Candidate may instead resolve as Institution by tier; organization-cohort base is legal persons. Exact unit and scenario scope are UNKNOWN.,06-design-discussion-representation-catalog.md:281
organization.us.money.market.mutual.funds,Money-market and mutual funds,instance,type.organization_cohort.default,OrganizationCohort,populations_organizations,false,1,cohort_response,ORGANIZATION_COHORT_RESPONSE,named,identity_only,fits,UNKNOWN,NONE,"Candidate cohort for the constituency named by the investment company institute analogue. Exact tier selection between Institution and OrganizationCohort, unit, and scope are UNKNOWN.",06-design-discussion-representation-catalog.md:281;06-design-discussion-representation-catalog.md:302
organization.us.mortgage.originators,Mortgage originators,instance,type.organization_cohort.default,OrganizationCohort,populations_organizations,false,1,cohort_response,ORGANIZATION_COHORT_RESPONSE,named,identity_only,fits,UNKNOWN,NONE,"Candidate organization constituency; exact eligibility boundary, unit, and scenario scope are UNKNOWN.",06-design-discussion-representation-catalog.md:306
organization.us.municipalities.by.rating.market.access,Municipalities by rating and market access,instance,type.organization_cohort.default,OrganizationCohort,populations_organizations,false,1,cohort_response,ORGANIZATION_COHORT_RESPONSE,named,identity_only,fits,UNKNOWN,NONE,"Cohort of legal persons; base population is municipalities, with rating and market-access selectors. Exact unit and scenario scope are UNKNOWN.",06-design-discussion-representation-catalog.md:287
organization.us.nonprimary.broker.dealers,Non-primary broker-dealers,instance,type.organization_cohort.default,OrganizationCohort,populations_organizations,false,1,cohort_response,ORGANIZATION_COHORT_RESPONSE,named,identity_only,fits,UNKNOWN,NONE,"Cohort of legal persons; base population is organizations. Exact count, unit, and scenario scope are UNKNOWN.",06-design-discussion-representation-catalog.md:286
organization.us.nonprofits,Nonprofits,instance,type.organization_cohort.default,OrganizationCohort,populations_organizations,false,1,cohort_response,ORGANIZATION_COHORT_RESPONSE,named,identity_only,fits,UNKNOWN,NONE,"Cohort of legal persons; base population is organizations. Exact count, unit, and scenario scope are UNKNOWN.",06-design-discussion-representation-catalog.md:288
organization.us.payroll.intermediaries,Payroll intermediaries,instance,type.organization_cohort.default,OrganizationCohort,populations_organizations,false,1,cohort_response,ORGANIZATION_COHORT_RESPONSE,named,identity_only,fits,UNKNOWN,NONE,"Cohort of legal persons; base population is organizations. Exact count, unit, and scenario scope are UNKNOWN.",06-design-discussion-representation-catalog.md:288
organization.us.pensions,Pensions,instance,type.organization_cohort.default,OrganizationCohort,populations_organizations,false,1,cohort_response,ORGANIZATION_COHORT_RESPONSE,named,identity_only,fits,UNKNOWN,NONE,Candidate may instead resolve as Institution by tier; organization-cohort base is legal persons. Exact unit and scenario scope are UNKNOWN.,06-design-discussion-representation-catalog.md:281
organization.us.real.estate.agents,Real-estate agents,instance,type.organization_cohort.default,OrganizationCohort,populations_organizations,false,1,cohort_response,ORGANIZATION_COHORT_RESPONSE,named,identity_only,fits,UNKNOWN,NONE,"Candidate organization constituency; base legal-person versus person/role boundary, unit, and scenario scope are UNKNOWN.",06-design-discussion-representation-catalog.md:306
organization.us.regional.insurers,Regional insurers,instance,type.organization_cohort.default,OrganizationCohort,populations_organizations,false,1,cohort_response,ORGANIZATION_COHORT_RESPONSE,named,identity_only,fits,UNKNOWN,NONE,"Cohort of legal persons; base population is organizations. Exact count, unit, and scenario scope are UNKNOWN.",06-design-discussion-representation-catalog.md:286
organization.us.small.businesses,Small businesses,instance,type.organization_cohort.default,OrganizationCohort,populations_organizations,false,1,cohort_response,ORGANIZATION_COHORT_RESPONSE,named,identity_only,fits,UNKNOWN,NONE,"Candidate may instead resolve as IndustryCohort; organization-cohort base is legal persons. Exact selection rule, unit, and scenario scope are UNKNOWN.",06-design-discussion-representation-catalog.md:290;05-design-discussion-representation-bible.md:170
organization.us.small.firms,Small firms,instance,type.organization_cohort.default,OrganizationCohort,populations_organizations,false,1,cohort_response,ORGANIZATION_COHORT_RESPONSE,named,identity_only,fits,UNKNOWN,NONE,"Candidate organization constituency; relationship to small-business cohort, exact eligibility boundary, unit, and scenario scope are UNKNOWN.",06-design-discussion-representation-catalog.md:308
organization.us.small.hedge.funds,Small hedge funds,instance,type.organization_cohort.default,OrganizationCohort,populations_organizations,false,1,cohort_response,ORGANIZATION_COHORT_RESPONSE,named,identity_only,fits,UNKNOWN,NONE,"Cohort of legal persons; base population is organizations. Exact count, unit, and scenario scope are UNKNOWN.",06-design-discussion-representation-catalog.md:286
organization_cohort.market.credit_rating_agencies,Credit rating agencies,instance,type.organization_cohort.default,OrganizationCohort,media_information,false,1,cohort_response,ORGANIZATION_COHORT_RESPONSE,named,typed,fits,UNKNOWN,NONE,"Firms publish ratings that gate money-fund eligibility, collateral schedules, and mandate-driven holdings; named firms and their parameters are UNKNOWN.",06-design-discussion-representation-catalog.md:355
outlet.media.aftv,AFTV,instance,type.outlet.default,Outlet,media_information,false,1,none,LIMITED_ROLE_HOLDER,named,typed,fits,UNKNOWN,NONE,"Alpaca Financial Television, a CNBC analogue: CEOs and portfolio managers construct instant narratives with theatrical certainty.",task.md:785-792;06-design-discussion-representation-catalog.md:371
outlet.media.gnbc,GNBC,instance,type.outlet.default,Outlet,media_information,false,1,none,LIMITED_ROLE_HOLDER,named,typed,fits,UNKNOWN,NONE,"Great Nation Broadcasting Channel cable-news ecosystem: mass salience, partisan framing, political feedback, and slower delivery than HonkBox.",task.md:756-763;06-design-discussion-representation-catalog.md:371
outlet.media.loonberg,Loonberg,instance,type.outlet.default,Outlet,media_information,true,1,none,LIMITED_ROLE_HOLDER,named,probe_complete,fits,UNKNOWN,NONE,Phase 5 bounds Loonberg to one delivered FOMC statement one editorial report and declared direct audiences; no media network is selected.,12-structure-outline-bernankey-mvp-cycle.md:465-543
outlet.media.wool_street_journal,Wool Street Journal,instance,type.outlet.default,Outlet,media_information,false,1,none,LIMITED_ROLE_HOLDER,named,typed,fits,UNKNOWN,NONE,"Establishment financial press: elite consensus, Fed signaling, and slower authoritative interpretation.",task.md:777-783;06-design-discussion-representation-catalog.md:371
person.cn.pboc_governor,PBOC governor,instance,type.person.default,Person,sovereign_regional,false,1,named_cognition,NAMED_COGNITION,named,identity_only,fits,UNKNOWN,NONE,Named role-holder candidate; office mapping remains UNKNOWN.,06-design-discussion-representation-catalog.md:251
person.cn.safe_head,SAFE head,instance,type.person.default,Person,sovereign_regional,false,1,named_cognition,NAMED_COGNITION,named,identity_only,fits,UNKNOWN,NONE,Named role-holder candidate; office mapping remains UNKNOWN.,06-design-discussion-representation-catalog.md:251
person.cn.xi,Xi,instance,type.person.default,Person,sovereign_regional,false,1,named_cognition,NAMED_COGNITION,named,identity_only,fits,UNKNOWN,NONE,Named Chinese principal candidate; office mapping remains UNKNOWN.,06-design-discussion-representation-catalog.md:251
person.eu.ecb_president,ECB president,instance,type.person.default,Person,sovereign_regional,false,1,named_cognition,NAMED_COGNITION,named,identity_only,fits,UNKNOWN,NONE,Named role-holder candidate; office mapping remains UNKNOWN.,06-design-discussion-representation-catalog.md:251
person.il.boi_governor,Bank of Israel governor,instance,type.person.default,Person,sovereign_regional,false,1,named_cognition,NAMED_COGNITION,named,identity_only,fits,UNKNOWN,NONE,Named role-holder candidate; office mapping remains UNKNOWN.,06-design-discussion-representation-catalog.md:251
person.il.prime_minister,Israeli prime minister,instance,type.person.default,Person,sovereign_regional,false,1,named_cognition,NAMED_COGNITION,named,identity_only,fits,UNKNOWN,NONE,Named role-holder candidate; office mapping remains UNKNOWN.,06-design-discussion-representation-catalog.md:251
person.ir.central_bank_head,Iranian central-bank head,instance,type.person.default,Person,sovereign_regional,false,1,named_cognition,NAMED_COGNITION,named,identity_only,fits,UNKNOWN,NONE,Named role-holder candidate; office mapping remains UNKNOWN.,06-design-discussion-representation-catalog.md:251
person.ir.irgc_head,IRGC head,instance,type.person.default,Person,sovereign_regional,false,1,named_cognition,NAMED_COGNITION,named,identity_only,fits,UNKNOWN,NONE,Named role-holder candidate; office mapping remains UNKNOWN.,06-design-discussion-representation-catalog.md:251
person.ir.president,Iranian president,instance,type.person.default,Person,sovereign_regional,false,1,named_cognition,NAMED_COGNITION,named,identity_only,fits,UNKNOWN,NONE,Named role-holder candidate; office mapping remains UNKNOWN.,06-design-discussion-representation-catalog.md:251
person.ir.supreme_leader,Iranian Supreme Leader,instance,type.person.default,Person,sovereign_regional,false,1,named_cognition,NAMED_COGNITION,named,identity_only,fits,UNKNOWN,NONE,Named role-holder candidate; office mapping remains UNKNOWN.,06-design-discussion-representation-catalog.md:251
person.jp.boj_governor,BOJ governor,instance,type.person.default,Person,sovereign_regional,false,1,named_cognition,NAMED_COGNITION,named,identity_only,fits,UNKNOWN,NONE,Named role-holder candidate; office mapping remains UNKNOWN.,06-design-discussion-representation-catalog.md:251
person.jp.mof_international_affairs_vice_minister,MOF vice-minister for international affairs,instance,type.person.default,Person,sovereign_regional,false,1,named_cognition,NAMED_COGNITION,named,identity_only,fits,UNKNOWN,NONE,Named role-holder candidate; office mapping remains UNKNOWN.,06-design-discussion-representation-catalog.md:251
person.media.aftv_host,AFTV host,instance,type.person.default,Person,media_information,false,1,named_cognition,LIMITED_ROLE_HOLDER,named,typed,fits,UNKNOWN,NONE,Limited role-holder with distribution-only action domain; individual identity is UNKNOWN.,06-design-discussion-representation-catalog.md:252;06-design-discussion-representation-catalog.md:1533-1566
person.media.gnbc_anchor,GNBC anchor,instance,type.person.default,Person,media_information,false,1,named_cognition,LIMITED_ROLE_HOLDER,named,typed,fits,UNKNOWN,NONE,Limited role-holder with distribution-only action domain; individual identity is UNKNOWN.,06-design-discussion-representation-catalog.md:252;06-design-discussion-representation-catalog.md:1533-1566
person.media.wool_street_journal_fed_reporter,Wool Street Journal Fed reporter,instance,type.person.default,Person,media_information,false,1,named_cognition,LIMITED_ROLE_HOLDER,named,typed,fits,UNKNOWN,NONE,Limited role-holder with distribution-only action domain; individual identity is UNKNOWN.,06-design-discussion-representation-catalog.md:252;06-design-discussion-representation-catalog.md:1533-1566
person.sa.aramco_ceo,Aramco CEO,instance,type.person.default,Person,sovereign_regional,false,1,named_cognition,NAMED_COGNITION,named,identity_only,fits,UNKNOWN,NONE,Named role-holder candidate; office mapping remains UNKNOWN.,06-design-discussion-representation-catalog.md:251
person.sa.crown,Saudi Crown principal,instance,type.person.default,Person,sovereign_regional,false,1,named_cognition,NAMED_COGNITION,named,identity_only,fits,UNKNOWN,NONE,Named role-holder candidate; office mapping remains UNKNOWN.,06-design-discussion-representation-catalog.md:251
person.sa.pif_head,PIF head,instance,type.person.default,Person,sovereign_regional,false,1,named_cognition,NAMED_COGNITION,named,identity_only,fits,UNKNOWN,NONE,Named role-holder candidate; office mapping remains UNKNOWN.,06-design-discussion-representation-catalog.md:251
person.sa.sama_governor,SAMA governor,instance,type.person.default,Person,sovereign_regional,false,1,named_cognition,NAMED_COGNITION,named,identity_only,fits,UNKNOWN,NONE,Named role-holder candidate; office mapping remains UNKNOWN.,06-design-discussion-representation-catalog.md:251
person.uk.boe_governor,BoE governor,instance,type.person.default,Person,sovereign_regional,false,1,named_cognition,NAMED_COGNITION,named,identity_only,fits,UNKNOWN,NONE,Named role-holder candidate; office mapping remains UNKNOWN.,06-design-discussion-representation-catalog.md:251
person.uk.dmo_chief,DMO chief,instance,type.person.default,Person,sovereign_regional,false,1,named_cognition,NAMED_COGNITION,named,identity_only,fits,UNKNOWN,NONE,Named role-holder candidate; office mapping remains UNKNOWN.,06-design-discussion-representation-catalog.md:251
person.us.alan_greenspaniel,Alan Greenspaniel,instance,type.person.default,Person,Fed,false,1,named_cognition,NAMED_COGNITION,typed,typed,fits,UNKNOWN,NONE,No later-campaign state or policy model is authored.,Federal Reserve History: https://www.federalreservehistory.org/people/federal-reserve-chair
person.us.avery_agendaloon,Avery Agendaloon,instance,type.person.default,Person,Fed,true,1,named_cognition,NAMED_COGNITION,named,probe_complete,fits,UNKNOWN,NONE,Authored satirical scenario identity with no historical officeholder claim.,authored scenario identity after review of https://www.federalreserve.gov/newsevents/pressreleases/other20060210a.htm
person.us.ben_bernankey,Ben Bernankey,instance,type.person.default,Person,Fed,true,1,named_cognition,NAMED_COGNITION,typed,probe_complete,fits,UNKNOWN,NONE,Phase 1 freezes identity and an empty private cognition ledger; no policy model is authored.,12-structure-outline-bernankey-mvp-cycle.md:174-177; Federal Reserve History: https://www.federalreservehistory.org/people/federal-reserve-chair
person.us.janet_jackrabbit,Janet Jackrabbit,instance,type.person.default,Person,Fed,false,1,named_cognition,NAMED_COGNITION,typed,typed,fits,UNKNOWN,NONE,No later-campaign state or policy model is authored.,Federal Reserve History: https://www.federalreservehistory.org/people/federal-reserve-chair
person.us.jerome_owl,Jerome Owl,instance,type.person.default,Person,Fed,false,1,named_cognition,NAMED_COGNITION,typed,typed,fits,UNKNOWN,NONE,No later-campaign state or policy model is authored.,Federal Reserve History: https://www.federalreservehistory.org/people/federal-reserve-chair
person.us.kevin_boarsh,Kevin Boarsh,instance,type.person.default,Person,Fed,false,1,named_cognition,NAMED_COGNITION,typed,typed,fits,UNKNOWN,NONE,No later-campaign state or policy model is authored.,Federal Reserve History: https://www.federalreservehistory.org/people/federal-reserve-chair
person.us.paul_vulture,Paul Vulture,instance,type.person.default,Person,Fed,true,1,named_cognition,NAMED_COGNITION,typed,probe_complete,fits,UNKNOWN,NONE,No later-campaign state or policy model is authored.,Federal Reserve History: https://www.federalreservehistory.org/people/federal-reserve-chair
person.us.primary_dealer.rates_head,Primary-dealer Rates Head,instance,type.person.default,Person,markets,false,1,named_cognition,LIMITED_ROLE_HOLDER,named,identity_only,fits,UNKNOWN,NONE,Individual firms and people UNKNOWN; promoted only where discretion changes channel.,06-design-discussion-representation-catalog.md:250
person.us.treasury.secretary,Treasury Secretary,instance,type.person.default,Person,Treasury,false,1,named_cognition,NAMED_COGNITION,named,identity_only,fits,UNKNOWN,NONE,Current person and period UNKNOWN.,task.md:128;06-design-discussion-representation-catalog.md:247
pop.us.affluent.homeowners,Affluent homeowners,instance,type.pop_lens.default,PopLens,populations_organizations,false,1,distributed_response,POP_DISTRIBUTED_RESPONSE,named,identity_only,fits,UNKNOWN,NONE,"Non-owning derived lens over weighted person-cell intersections; base scope, wealth and housing selectors, and output unit are UNKNOWN. It cannot own state or act.",06-design-discussion-representation-catalog.md:322
pop.us.college.students,College students,instance,type.pop_lens.default,PopLens,populations_organizations,false,1,distributed_response,POP_DISTRIBUTED_RESPONSE,named,identity_only,fits,UNKNOWN,NONE,"Non-owning derived lens over weighted person-cell intersections; base scope, education/institution selectors, and output unit are UNKNOWN. It cannot own state or act.",04-design-discussion-minimum-simulation-kernel.md:1190-1195
pop.us.fixed.rate.homeowners.by.mortgage.vintage,Households sensitive to borrowing costs,instance,type.pop_lens.default,PopLens,populations_organizations,true,1,distributed_response,POP_DISTRIBUTED_RESPONSE,named,probe_complete,fits,UNKNOWN,NONE,Phase 5 uses a non-owning view over the mortgage-exposed person cell and household allocation; it owns no sentiment or material state.,12-structure-outline-bernankey-mvp-cycle.md:465-543
pop.us.fixed.rate.owners.low.mortgage.vintages,Fixed-rate owners with low mortgage vintages,instance,type.pop_lens.default,PopLens,populations_organizations,false,1,distributed_response,POP_DISTRIBUTED_RESPONSE,named,identity_only,fits,UNKNOWN,NONE,Non-owning derived lens; mortgage vintage remains a housing-tenure conditional unless it gates a transaction. Base scope and output unit are UNKNOWN; it cannot own state or act.,04-design-discussion-minimum-simulation-kernel.md:1185
pop.us.high.income.finance.professionals,High-income finance professionals,instance,type.pop_lens.default,PopLens,populations_organizations,false,1,distributed_response,POP_DISTRIBUTED_RESPONSE,named,identity_only,fits,UNKNOWN,NONE,"Non-owning derived lens over weighted person-cell intersections; base scope, income/finance selectors, and output unit are UNKNOWN. It cannot own state or act.",04-design-discussion-minimum-simulation-kernel.md:1189
pop.us.high.income.professionals,High-income professionals,instance,type.pop_lens.default,PopLens,populations_organizations,false,1,distributed_response,POP_DISTRIBUTED_RESPONSE,named,identity_only,fits,UNKNOWN,NONE,"Non-owning derived lens over weighted person-cell intersections; base scope, income band, and output unit are UNKNOWN. It cannot own state or act.",06-design-discussion-representation-catalog.md:322
pop.us.leftist.male.college.students.georgia.tech,Leftist male college students at Georgia Tech,instance,type.pop_lens.default,PopLens,populations_organizations,false,1,distributed_response,POP_DISTRIBUTED_RESPONSE,named,identity_only,fits,UNKNOWN,NONE,"Non-owning derived lens with Atlanta/Georgia Tech catchment, Georgia Tech student, male, and left-distribution-tail selectors. Exact base scope and output unit are UNKNOWN; it cannot own state or act.",04-design-discussion-minimum-simulation-kernel.md:1091-1115;06-design-discussion-representation-catalog.md:325
pop.us.low.income.service.workers,Low-income service workers,instance,type.pop_lens.default,PopLens,populations_organizations,false,1,distributed_response,POP_DISTRIBUTED_RESPONSE,named,identity_only,fits,UNKNOWN,NONE,"Non-owning derived lens over weighted person-cell intersections; base scope, income band, and output unit are UNKNOWN. It cannot own state or act.",06-design-discussion-representation-catalog.md:322
pop.us.low.income.underserved.borrowers,Low-income and underserved borrowers,instance,type.pop_lens.default,PopLens,populations_organizations,false,1,distributed_response,POP_DISTRIBUTED_RESPONSE,named,identity_only,fits,UNKNOWN,NONE,"Non-owning derived lens over weighted person-cell intersections; base scope, borrower and underserved selectors, and output unit are UNKNOWN. It cannot own state or act.",06-design-discussion-representation-catalog.md:310
pop.us.near.retirees,Near-retirees,instance,type.pop_lens.default,PopLens,populations_organizations,false,1,distributed_response,POP_DISTRIBUTED_RESPONSE,named,identity_only,fits,UNKNOWN,NONE,Non-owning derived lens over weighted person-cell intersections; base scope and output unit are UNKNOWN. It cannot own state or act.,06-design-discussion-representation-catalog.md:307
pop.us.parents.paying.childcare,Parents paying for childcare,instance,type.pop_lens.default,PopLens,populations_organizations,false,1,distributed_response,POP_DISTRIBUTED_RESPONSE,named,identity_only,fits,UNKNOWN,NONE,"Non-owning derived lens over household cohorts; base scope, childcare-cost selector, and output unit are UNKNOWN. It cannot own state or act.",04-design-discussion-minimum-simulation-kernel.md:1186
pop.us.public.low_attention_residual,Low-attention public residual,instance,type.pop_lens.default,PopLens,populations_organizations,true,1,distributed_response,POP_DISTRIBUTED_RESPONSE,sketched,probe_complete,fits,population.us.person.cells,NONE,Scenario-bounded non-owning residual view for direct report delivery; it has no network topology and owns no population or sentiment state.,12-structure-outline-bernankey-mvp-cycle.md:465-543
pop.us.renters.supply.constrained.metros,Renters in supply-constrained metros,instance,type.pop_lens.default,PopLens,populations_organizations,false,1,distributed_response,POP_DISTRIBUTED_RESPONSE,named,identity_only,fits,UNKNOWN,NONE,"Non-owning derived lens over weighted person-cell intersections; base scope, metro supply constraint, and output unit are UNKNOWN. It cannot own state or act.",04-design-discussion-minimum-simulation-kernel.md:1184
pop.us.retail.traders,Retail traders,instance,type.pop_lens.default,PopLens,populations_organizations,false,1,distributed_response,POP_DISTRIBUTED_RESPONSE,named,identity_only,fits,UNKNOWN,NONE,"Non-owning derived lens over weighted person-cell intersections; base scope, participation selector, and output unit are UNKNOWN. It cannot own state or act.",06-design-discussion-representation-catalog.md:322
pop.us.retirees,Retirees,instance,type.pop_lens.default,PopLens,populations_organizations,false,1,distributed_response,POP_DISTRIBUTED_RESPONSE,named,identity_only,fits,UNKNOWN,NONE,Non-owning derived lens over weighted person-cell intersections; base scope and output unit are UNKNOWN. It cannot own state or act.,06-design-discussion-representation-catalog.md:322
pop.us.small.business.owners,Small-business owners,instance,type.pop_lens.default,PopLens,populations_organizations,false,1,distributed_response,POP_DISTRIBUTED_RESPONSE,named,identity_only,fits,UNKNOWN,NONE,"Non-owning derived lens over weighted person-cell intersections; organization ownership affiliation, base scope, and output unit are UNKNOWN. It cannot own state or act.",04-design-discussion-minimum-simulation-kernel.md:1191
pop.us.strategic.production.workers.fab.technicians,Strategic production workers (fab technicians),instance,type.pop_lens.default,PopLens,populations_organizations,false,1,distributed_response,POP_DISTRIBUTED_RESPONSE,named,identity_only,fits,UNKNOWN,NONE,"Non-owning derived lens over a protected person-cell tail; base scope, protected-tail definition, and output unit are UNKNOWN. It cannot own state or act.",06-design-discussion-representation-catalog.md:326
pop.us.suburban.parents.childcare.costs,Suburban parents facing childcare costs,instance,type.pop_lens.default,PopLens,populations_organizations,false,1,distributed_response,POP_DISTRIBUTED_RESPONSE,named,identity_only,fits,UNKNOWN,NONE,"Non-owning derived lens over household cohorts; base scope, childcare-cost selector, and output unit are UNKNOWN. It cannot own state or act.",06-design-discussion-representation-catalog.md:324
pop.us.uninsured.depositors,Uninsured depositors,instance,type.pop_lens.default,PopLens,populations_organizations,false,1,distributed_response,POP_DISTRIBUTED_RESPONSE,named,identity_only,fits,UNKNOWN,NONE,"Non-owning derived lens spanning person cells and organization cohorts. Its aggregation unit is dollars of uninsured balance, never headcount; exact base scope is UNKNOWN. It cannot own state or act.",06-design-discussion-representation-catalog.md:327;07-design-discussion-burrow-composition-probe.md:140
pop.us.workers.by.sector,Workers sensitive to labor risk,instance,type.pop_lens.default,PopLens,populations_organizations,true,1,distributed_response,POP_DISTRIBUTED_RESPONSE,named,probe_complete,fits,UNKNOWN,NONE,Phase 5 uses a non-owning view over the employment-exposed person cell; it owns no sentiment or material state.,12-structure-outline-bernankey-mvp-cycle.md:465-543
pop.us.young.renters,Young renters,instance,type.pop_lens.default,PopLens,populations_organizations,false,1,distributed_response,POP_DISTRIBUTED_RESPONSE,named,identity_only,fits,UNKNOWN,NONE,"Non-owning derived lens over weighted person-cell intersections; base scope, selector thresholds, and output unit are UNKNOWN. It cannot own state or act.",06-design-discussion-representation-catalog.md:322
poplens.media.honkbox.posting_population,HonkBox posting population,instance,type.pop_lens.default,PopLens,media_information,false,1,distributed_response,POP_DISTRIBUTED_RESPONSE,named,typed,fits,UNKNOWN,NONE,Posting-population lens over person cells; audience composition and weights are UNKNOWN.,06-design-discussion-representation-catalog.md:373;06-design-discussion-representation-catalog.md:982-985
population.us.person.cells,Person cells keyed by scenario-active dimensions,instance,type.person_population_cell.default,PersonPopulationCell,populations_organizations,true,1,distributed_response,PARTICIPANT_DISTRIBUTION,typed,probe_complete,fits,UNKNOWN,NONE,Phase 5 initializes two scenario-bounded person cells with exactly conserved person mass and no national-population claim.,12-structure-outline-bernankey-mvp-cycle.md:465-543
process.climate_agriculture.amazon_basin,Amazon climate/agriculture process,instance,type.process.regional_climate_agriculture,StatefulExternalProcess,physical_products,false,1,none,MECHANICAL_OR_ADAPTER,typed,structural,fits,UNKNOWN,NONE,Period and intervention authority references UNKNOWN,06-design-discussion-representation-catalog.md:439
process.climate_agriculture.regional,Regional climate and agriculture process,instance,type.stateful_external_process.default,StatefulExternalProcess,sovereign_regional,false,1,none,MECHANICAL_OR_ADAPTER,named,identity_only,fits,UNKNOWN,NONE,Owns evolving regional physical state after initiation; regions remain scopes and actors own interventions. Interface-compatible process fallback is UNKNOWN.,05-design-discussion-representation-bible.md:188;06-design-discussion-representation-catalog.md:376
process.ecology.congo_basin,Congo Basin ecology and hydrology,instance,type.process.ecological_stock,StatefulExternalProcess,physical_products,false,1,none,MECHANICAL_OR_ADAPTER,named,identity_only,fits,UNKNOWN,NONE,Standing biomass hydrology fire and regeneration state partition UNKNOWN.,https://www.fao.org/interactive/forest-resources-assessment/2020/en/
process.epidemic,Epidemic process,instance,type.stateful_external_process.default,StatefulExternalProcess,sovereign_regional,false,1,none,MECHANICAL_OR_ADAPTER,named,identity_only,fits,UNKNOWN,NONE,Owns evolving external state after initiation; actors own interventions. Interface-compatible process fallback is UNKNOWN.,05-design-discussion-representation-bible.md:188;06-design-discussion-representation-catalog.md:376
process.resources.arabian_peninsula,Arabian Peninsula resource conditions,instance,type.process.regional_resource_system,StatefulExternalProcess,physical_products,false,1,none,MECHANICAL_OR_ADAPTER,named,identity_only,fits,UNKNOWN,NONE,Exact subsurface stocks water conditions and process partition UNKNOWN.,05-design-discussion-representation-bible.md:665-667
process.resources.caucasus,Caucasus resource and hydrology conditions,instance,type.process.regional_resource_system,StatefulExternalProcess,physical_products,false,1,none,MECHANICAL_OR_ADAPTER,named,identity_only,fits,UNKNOWN,NONE,Resource stocks hydrology hazards and jurisdiction partition UNKNOWN.,user-request:strategic-resource-regions
process.us.statistical_release_calendar,Statistical release calendar,instance,type.scheduled_process.default,ScheduledProcess,media_information,false,1,none,MECHANICAL_OR_ADAPTER,named,typed,fits,UNKNOWN,NONE,"Published recurring occurrences that other agents plan against; dates, owner, and individual release parameters are UNKNOWN.",06-design-discussion-representation-catalog.md:377;05-design-discussion-representation-bible.md:186
process.war,War process,instance,type.stateful_external_process.default,StatefulExternalProcess,sovereign_regional,false,1,none,MECHANICAL_OR_ADAPTER,named,identity_only,fits,UNKNOWN,NONE,Owns evolving physical-disruption state after initiation; sovereign containers do not own a unitary war cognition. Interface-compatible process fallback is UNKNOWN.,05-design-discussion-representation-bible.md:188;06-design-discussion-representation-catalog.md:376
record.media.goosetogetherstrong.margin_call,GooseTogetherStrong claim: THEY CANNOT MARGIN CALL US ALL,instance,type.record.default,Record,media_information,false,1,none,MECHANICAL_OR_ADAPTER,named,typed,fits,UNKNOWN,NONE,Claim record proposition is preserved verbatim; source is GooseTogetherStrong. Hidden truth relation and all other claim metadata are UNKNOWN.,task.md:775;task.md:794-805
record.media.loonberg.ust_10y_auction_tail,Loonberg claim: UST 10Y auction tails 8.7BP,instance,type.record.default,Record,media_information,false,1,none,MECHANICAL_OR_ADAPTER,named,typed,fits,UNKNOWN,NONE,"Claim record proposition is preserved verbatim; source is Loonberg. Hidden truth relation, evidence strength, novelty, ambiguity, salience, and distribution history are required claim fields but their values are UNKNOWN.",task.md:731;task.md:794-805
record.media.the_herd.large_fox_shop_cutting_10s,The Herd claim: one large fox shop cutting 10s,instance,type.record.default,Record,media_information,false,1,none,MECHANICAL_OR_ADAPTER,named,typed,fits,UNKNOWN,NONE,Claim record proposition is preserved verbatim; source is The Herd. Hidden truth relation and all other claim metadata are UNKNOWN.,task.md:742;task.md:794-805
record.us.federal_reserve.action_result,Desk Action Result,instance,type.record.default,Record,Fed,true,1,none,MECHANICAL_OR_ADAPTER,sketched,probe_complete,fits,UNKNOWN,NONE,Separates execution status and failure stage from authorization and settlement.,12-structure-outline-bernankey-mvp-cycle.md:195-285
record.us.federal_reserve.analytical_task,Bounded Analytical Task,instance,type.record.default,Record,Fed,true,1,none,MECHANICAL_OR_ADAPTER,sketched,probe_complete,fits,UNKNOWN,NONE,Only the selected dealer-capacity comparison and its assignment deadline displacement and result are represented.,12-structure-outline-bernankey-mvp-cycle.md:388-457
record.us.federal_reserve.assessment,Staff Assessment,instance,type.record.default,Record,Fed,true,1,none,MECHANICAL_OR_ADAPTER,sketched,probe_complete,fits,UNKNOWN,NONE,Only the Markets follow-up with sourced uncertainty alternative assessments and Monetary Affairs dissent is represented.,12-structure-outline-bernankey-mvp-cycle.md:388-457
record.us.federal_reserve.authorization_decision,FOMC Authorization Decision,instance,type.record.default,Record,Fed,true,1,none,MECHANICAL_OR_ADAPTER,sketched,probe_complete,fits,UNKNOWN,NONE,Records the authority holder vote status scope effective interval and source proposal.,12-structure-outline-bernankey-mvp-cycle.md:195-285
record.us.federal_reserve.case_file,Case File,instance,type.record.default,Record,Fed,false,1,none,MECHANICAL_OR_ADAPTER,named,identity_only,fits,UNKNOWN,NONE,Specific case/custody UNKNOWN.,06-design-discussion-representation-catalog.md:379;07-design-discussion-burrow-composition-probe.md:187
record.us.federal_reserve.chairmanship_program,Chairmanship Program,instance,type.record.default,Record,Fed,false,1,none,MECHANICAL_OR_ADAPTER,named,identity_only,fits,UNKNOWN,NONE,Specific program UNKNOWN.,06-design-discussion-representation-catalog.md:379
record.us.federal_reserve.directive,FOMC Desk Directive,instance,type.record.default,Record,Fed,true,1,none,MECHANICAL_OR_ADAPTER,sketched,probe_complete,fits,UNKNOWN,NONE,Certifies the exact Desk effects authorized by a successful Committee vote.,12-structure-outline-bernankey-mvp-cycle.md:195-285
record.us.federal_reserve.discount_rate,Discount Rate Authorized Term,instance,type.record.default,Record,Fed,false,1,none,MECHANICAL_OR_ADAPTER,named,identity_only,strained,UNKNOWN,NONE,Classified as a facility term or authorized institution state; exact rate UNKNOWN.,06-design-discussion-representation-catalog.md:341
record.us.federal_reserve.institutional_project,Institutional Project,instance,type.record.default,Record,Fed,false,1,none,MECHANICAL_OR_ADAPTER,named,identity_only,fits,UNKNOWN,NONE,Specific project UNKNOWN.,06-design-discussion-representation-catalog.md:379
record.us.federal_reserve.iorb,Interest on Reserve Balances Authorized Term,instance,type.record.default,Record,Fed,false,1,none,MECHANICAL_OR_ADAPTER,named,identity_only,strained,UNKNOWN,NONE,Classified as a facility term or authorized institution state; not a market/mechanism.,06-design-discussion-representation-catalog.md:341
record.us.federal_reserve.legacy_dossier,Legacy Dossier,instance,type.record.default,Record,Fed,false,1,none,MECHANICAL_OR_ADAPTER,named,identity_only,fits,UNKNOWN,NONE,Specific dossier/custody UNKNOWN.,06-design-discussion-representation-catalog.md:379
record.us.federal_reserve.policy_package,Policy Package,instance,type.record.default,Record,Fed,true,1,none,MECHANICAL_OR_ADAPTER,sketched,probe_complete,fits,UNKNOWN,NONE,The MVP records three prepared packages and any Committee narrowing without assigning market outcomes.,12-structure-outline-bernankey-mvp-cycle.md:233-245
record.us.federal_reserve.stage_receipt,Policy Chain Stage Receipt,instance,type.record.default,Record,Fed,true,1,none,MECHANICAL_OR_ADAPTER,sketched,probe_complete,fits,UNKNOWN,NONE,Identifies proposal authorization execution settlement and observed-effect stages without conflating them.,12-structure-outline-bernankey-mvp-cycle.md:195-285
record.us.federal_reserve.target_range,Policy Target Range Authorized Objective,instance,type.record.default,Record,Fed,false,1,none,MECHANICAL_OR_ADAPTER,named,identity_only,strained,UNKNOWN,NONE,Authorized objective that desk implements toward; exact target UNKNOWN.,06-design-discussion-representation-catalog.md:341
record.us.treasury.esf,Exchange Stabilization Fund Account,instance,type.record.default,Record,Treasury,false,1,none,MECHANICAL_OR_ADAPTER,named,identity_only,fits,UNKNOWN,NONE,Described as a distinct account with distinct authority; exact legal/account structure UNKNOWN.,06-design-discussion-representation-catalog.md:272
record.us.treasury.indemnification_13_3,Treasury ESF Indemnification of 13(3) Facility,instance,type.record.default,Record,Treasury,false,1,none,MECHANICAL_OR_ADAPTER,named,identity_only,strained,UNKNOWN,NONE,Requires agreement authority and coalition; selected facility/era and terms UNKNOWN.,06-design-discussion-representation-catalog.md:363
reference.market.credit_ratings,Credit ratings,instance,type.published_reference.default,PublishedReference,media_information,false,1,none,MECHANICAL_OR_ADAPTER,named,typed,fits,UNKNOWN,NONE,Published opinion with contractual and regulatory force; a downgrade can create a forced-seller event. Publisher-specific identity is UNKNOWN.,06-design-discussion-representation-catalog.md:355
reference.market.index_membership,Index membership,instance,type.published_reference.default,PublishedReference,media_information,false,1,none,MECHANICAL_OR_ADAPTER,named,typed,fits,UNKNOWN,NONE,Published inclusion/exclusion reference with forced buying and selling consequences; publisher and index are UNKNOWN.,06-design-discussion-representation-catalog.md:354
reference.market.move,MOVE,instance,type.published_reference.default,PublishedReference,media_information,false,1,none,MECHANICAL_OR_ADAPTER,named,typed,fits,UNKNOWN,NONE,Vendor-published index; publisher and binding details are UNKNOWN.,06-design-discussion-representation-catalog.md:354
reference.market.vendor_indices,Vendor indices,instance,type.published_reference.default,PublishedReference,media_information,false,1,none,MECHANICAL_OR_ADAPTER,named,typed,fits,UNKNOWN,NONE,Named plural category of privately published indices; individual publishers and index identities are UNKNOWN.,06-design-discussion-representation-catalog.md:354
reference.market.vix,VIX,instance,type.published_reference.default,PublishedReference,media_information,false,1,none,MECHANICAL_OR_ADAPTER,named,typed,fits,UNKNOWN,NONE,Vendor-published index; publisher and binding details are UNKNOWN.,06-design-discussion-representation-catalog.md:354
reference.unknown.move_index,MOVE,instance,type.published_reference.market_index,PublishedReference,legal_records,false,1,none,MECHANICAL_OR_ADAPTER,named,identity_only,fits,UNKNOWN,NONE,"Fallback: market index. Jurisdiction, publisher, calculation method, and binders are UNKNOWN.",06-design-discussion-representation-catalog.md:354
reference.unknown.vix,VIX,instance,type.published_reference.market_index,PublishedReference,legal_records,false,1,none,MECHANICAL_OR_ADAPTER,named,identity_only,fits,UNKNOWN,NONE,"Fallback: market index. Jurisdiction, publisher, calculation method, and binders are UNKNOWN.",06-design-discussion-representation-catalog.md:354
reference.us.bea.pce,PCE,instance,type.published_reference.default,PublishedReference,media_information,false,1,none,MECHANICAL_OR_ADAPTER,named,typed,fits,UNKNOWN,NONE,Published measurement; calculation remains derived and non-binding until a witnessed publication; revision details are UNKNOWN.,06-design-discussion-representation-catalog.md:353;06-design-discussion-representation-catalog.md:1043
reference.us.bls.cpi,CPI,instance,type.published_reference.default,PublishedReference,media_information,true,1,none,MECHANICAL_OR_ADAPTER,named,probe_complete,fits,UNKNOWN,NONE,Phase 1 freezes publication identity and revision-bearing output; calculation remains adapter-owned.,12-structure-outline-bernankey-mvp-cycle.md:174-177
reference.us.consumer_price_index,CPI,instance,type.published_reference.statistical_measurement,PublishedReference,legal_records,false,1,none,MECHANICAL_OR_ADAPTER,named,identity_only,fits,UNKNOWN,NONE,"Fallback: statistical measurement reference. Publisher, calculation method, release schedule, and binders are UNKNOWN.",task.md:63
reference.us.doe.petroleum_estimates,Petroleum export estimates,instance,type.published_reference.default,PublishedReference,media_information,false,1,none,MECHANICAL_OR_ADAPTER,named,probe_complete,fits,UNKNOWN,NONE,Phase 1 freezes publication identity and revision-bearing output; calculation remains adapter-owned.,doc:mandate.m4-proving-lens
reference.us.federal_reserve.acm_term_premium,ACM term premium,instance,type.published_reference.default,PublishedReference,media_information,false,1,none,MECHANICAL_OR_ADAPTER,named,typed,fits,UNKNOWN,NONE,"Explicitly model-derived quantity treated by the player as evidence and by agents as belief input; calculation cache is derived, non-binding, and distinct from publication.",06-design-discussion-representation-catalog.md:353;06-design-discussion-representation-catalog.md:1043
reference.us.federal_reserve.effr,Effective Federal Funds Rate,instance,type.published_reference.default,PublishedReference,Fed,false,1,none,MECHANICAL_OR_ADAPTER,named,identity_only,fits,UNKNOWN,NONE,Publisher/method UNKNOWN.,06-design-discussion-representation-catalog.md:353
reference.us.federal_reserve.h6,H.6 Money Stock Measures,instance,type.published_reference.default,PublishedReference,media_information,false,1,none,MECHANICAL_OR_ADAPTER,named,probe_complete,fits,UNKNOWN,NONE,Phase 1 freezes publication identity and revision-bearing output; calculation remains adapter-owned.,https://fraser.stlouisfed.org/title/money-stock-measures-h6-6
reference.us.federal_reserve.obfr,Overnight Bank Funding Rate,instance,type.published_reference.default,PublishedReference,Fed,false,1,none,MECHANICAL_OR_ADAPTER,named,identity_only,fits,UNKNOWN,NONE,Publisher/method UNKNOWN.,06-design-discussion-representation-catalog.md:353
reference.us.nyfed.effr,EFFR,instance,type.published_reference.default,PublishedReference,media_information,false,1,none,MECHANICAL_OR_ADAPTER,named,typed,fits,UNKNOWN,NONE,Published value; publisher and binding details must be reconciled with the Federal Reserve inventory.,06-design-discussion-representation-catalog.md:353
reference.us.nyfed.obfr,OBFR,instance,type.published_reference.default,PublishedReference,media_information,false,1,none,MECHANICAL_OR_ADAPTER,named,typed,fits,UNKNOWN,NONE,Published value; publisher and binding details must be reconciled with the Federal Reserve inventory.,06-design-discussion-representation-catalog.md:353
reference.us.nyfed.sofr,SOFR,instance,type.published_reference.default,PublishedReference,media_information,false,1,none,MECHANICAL_OR_ADAPTER,named,typed,fits,UNKNOWN,NONE,Published value; publisher and binding details must be reconciled with the Federal Reserve inventory.,06-design-discussion-representation-catalog.md:353;06-design-discussion-representation-catalog.md:1025-1028
reference.us.personal_consumption_expenditures,PCE,instance,type.published_reference.statistical_measurement,PublishedReference,legal_records,false,1,none,MECHANICAL_OR_ADAPTER,named,identity_only,fits,UNKNOWN,NONE,"Fallback: statistical measurement reference. Publisher, calculation method, release schedule, and binders are UNKNOWN.",task.md:63
reference.us.treasury.par_yield_curve,Par yield curve,instance,type.published_reference.default,PublishedReference,media_information,false,1,none,MECHANICAL_OR_ADAPTER,named,typed,fits,UNKNOWN,NONE,Published value; publisher is UNKNOWN.,06-design-discussion-representation-catalog.md:353;06-design-discussion-representation-catalog.md:1043
region.af.congo_basin,Congo Basin,instance,type.region.ecological_scope,Region,physical_products,false,1,none,MECHANICAL_OR_ADAPTER,typed,typed,fits,UNKNOWN,NONE,Transnational ecological boundary version and jurisdiction overlaps UNKNOWN; owns no stocks by geography.,user-request:strategic-resource-regions
region.cn.aggregate,China aggregate region,instance,type.region.default,Region,sovereign_regional,false,1,none,MECHANICAL_OR_ADAPTER,typed,identity_only,fits,UNKNOWN,NONE,Geographic scope only; owns no stocks prices or cognition by geography.,06-design-discussion-representation-catalog.md:368
region.cn.provinces,Chinese provinces,instance,type.region.default,Region,sovereign_regional,false,1,none,MECHANICAL_OR_ADAPTER,named,identity_only,fits,UNKNOWN,NONE,"Aggregate geographic scopes; no stock, price, or cognition ownership by geography. Parent aggregate fallback is UNKNOWN.",04-design-discussion-minimum-simulation-kernel.md:823;04-design-discussion-minimum-simulation-kernel.md:1348
region.eurasia.caucasus,Caucasus,instance,type.region.resource_macroregion,Region,physical_products,false,1,none,MECHANICAL_OR_ADAPTER,typed,typed,fits,UNKNOWN,NONE,Boundary version North/South partition and disputed jurisdiction relationships UNKNOWN; scope owns no resources or transit assets.,user-request:strategic-resource-regions
region.external.china,China scope,instance,type.region.non_owning_scope,Region,external_scope,false,1,none,MECHANICAL_OR_ADAPTER,researched,typed,fits,UNKNOWN,NONE,"Non-owning, channel-specific scope; memberships may overlap.",ECB 2006 annual report https://www.ecb.europa.eu/pub/pdf/annrep/ar2006en.pdf; BIS December 2006 cross-border banking https://www.bis.org/publ/qtrpdf/r_qt0612e.htm; U.S. Treasury TIC foreign holdings https://home.treasury.gov/news/press-releases/hp337; EIA petroleum imports https://www.eia.gov/totalenergy/data/annual/showtext.php?t=ptb0504; UNCTAD Review of Maritime Transport 2006 https://unctad.org/publication/review-maritime-transport-2006
region.external.emerging_markets,Emerging Markets scope,instance,type.region.non_owning_scope,Region,external_scope,false,1,none,MECHANICAL_OR_ADAPTER,researched,typed,fits,UNKNOWN,NONE,"Non-owning, channel-specific scope; memberships may overlap.",ECB 2006 annual report https://www.ecb.europa.eu/pub/pdf/annrep/ar2006en.pdf; BIS December 2006 cross-border banking https://www.bis.org/publ/qtrpdf/r_qt0612e.htm; U.S. Treasury TIC foreign holdings https://home.treasury.gov/news/press-releases/hp337; EIA petroleum imports https://www.eia.gov/totalenergy/data/annual/showtext.php?t=ptb0504; UNCTAD Review of Maritime Transport 2006 https://unctad.org/publication/review-maritime-transport-2006
region.external.euro_area,Euro Area scope,instance,type.region.non_owning_scope,Region,external_scope,false,1,none,MECHANICAL_OR_ADAPTER,researched,typed,fits,UNKNOWN,NONE,"Non-owning, channel-specific scope; memberships may overlap.",ECB 2006 annual report https://www.ecb.europa.eu/pub/pdf/annrep/ar2006en.pdf; BIS December 2006 cross-border banking https://www.bis.org/publ/qtrpdf/r_qt0612e.htm; U.S. Treasury TIC foreign holdings https://home.treasury.gov/news/press-releases/hp337; EIA petroleum imports https://www.eia.gov/totalenergy/data/annual/showtext.php?t=ptb0504; UNCTAD Review of Maritime Transport 2006 https://unctad.org/publication/review-maritime-transport-2006
region.external.external_energy,External Energy scope,instance,type.region.non_owning_scope,Region,external_scope,false,1,none,MECHANICAL_OR_ADAPTER,researched,typed,fits,UNKNOWN,NONE,"Non-owning, channel-specific scope; memberships may overlap.",ECB 2006 annual report https://www.ecb.europa.eu/pub/pdf/annrep/ar2006en.pdf; BIS December 2006 cross-border banking https://www.bis.org/publ/qtrpdf/r_qt0612e.htm; U.S. Treasury TIC foreign holdings https://home.treasury.gov/news/press-releases/hp337; EIA petroleum imports https://www.eia.gov/totalenergy/data/annual/showtext.php?t=ptb0504; UNCTAD Review of Maritime Transport 2006 https://unctad.org/publication/review-maritime-transport-2006
region.external.external_world,External World scope,instance,type.region.non_owning_scope,Region,external_scope,false,1,none,MECHANICAL_OR_ADAPTER,researched,typed,fits,UNKNOWN,NONE,"Non-owning, channel-specific scope; memberships may overlap.",ECB 2006 annual report https://www.ecb.europa.eu/pub/pdf/annrep/ar2006en.pdf; BIS December 2006 cross-border banking https://www.bis.org/publ/qtrpdf/r_qt0612e.htm; U.S. Treasury TIC foreign holdings https://home.treasury.gov/news/press-releases/hp337; EIA petroleum imports https://www.eia.gov/totalenergy/data/annual/showtext.php?t=ptb0504; UNCTAD Review of Maritime Transport 2006 https://unctad.org/publication/review-maritime-transport-2006
region.external.freight_global,Freight Global scope,instance,type.region.non_owning_scope,Region,external_scope,false,1,none,MECHANICAL_OR_ADAPTER,researched,typed,fits,UNKNOWN,NONE,"Non-owning, channel-specific scope; memberships may overlap.",ECB 2006 annual report https://www.ecb.europa.eu/pub/pdf/annrep/ar2006en.pdf; BIS December 2006 cross-border banking https://www.bis.org/publ/qtrpdf/r_qt0612e.htm; U.S. Treasury TIC foreign holdings https://home.treasury.gov/news/press-releases/hp337; EIA petroleum imports https://www.eia.gov/totalenergy/data/annual/showtext.php?t=ptb0504; UNCTAD Review of Maritime Transport 2006 https://unctad.org/publication/review-maritime-transport-2006
region.external.freight_gulf_hormuz,Persian Gulf and Hormuz tanker loadings and Cape routing,instance,type.region.non_owning_scope,Region,external_scope,false,1,none,MECHANICAL_OR_ADAPTER,researched,typed,fits,UNKNOWN,NONE,Non-owning 1979 channel scope; grants no ownership or authority.,https://www.strausscenter.org/strait-of-hormuz-tanker-war/ ; https://magazines.marinelink.com/Magazines/MaritimeReporter/197807/content/impact-tanker-economics-209699
region.external.freight_gulf_suez,Freight Gulf Suez scope,instance,type.region.non_owning_scope,Region,external_scope,false,1,none,MECHANICAL_OR_ADAPTER,researched,typed,fits,UNKNOWN,NONE,"Non-owning, channel-specific scope; memberships may overlap.",ECB 2006 annual report https://www.ecb.europa.eu/pub/pdf/annrep/ar2006en.pdf; BIS December 2006 cross-border banking https://www.bis.org/publ/qtrpdf/r_qt0612e.htm; U.S. Treasury TIC foreign holdings https://home.treasury.gov/news/press-releases/hp337; EIA petroleum imports https://www.eia.gov/totalenergy/data/annual/showtext.php?t=ptb0504; UNCTAD Review of Maritime Transport 2006 https://unctad.org/publication/review-maritime-transport-2006
region.external.gulf_exporters,Gulf Exporters scope,instance,type.region.non_owning_scope,Region,external_scope,false,1,none,MECHANICAL_OR_ADAPTER,researched,typed,fits,UNKNOWN,NONE,"Non-owning, channel-specific scope; memberships may overlap.",ECB 2006 annual report https://www.ecb.europa.eu/pub/pdf/annrep/ar2006en.pdf; BIS December 2006 cross-border banking https://www.bis.org/publ/qtrpdf/r_qt0612e.htm; U.S. Treasury TIC foreign holdings https://home.treasury.gov/news/press-releases/hp337; EIA petroleum imports https://www.eia.gov/totalenergy/data/annual/showtext.php?t=ptb0504; UNCTAD Review of Maritime Transport 2006 https://unctad.org/publication/review-maritime-transport-2006
region.external.iran,Iranian official assets and claims on U.S. banks,instance,type.region.non_owning_scope,Region,external_scope,false,1,none,MECHANICAL_OR_ADAPTER,researched,typed,fits,UNKNOWN,NONE,Non-owning 1979 channel scope; grants no ownership or authority.,"https://en.wikipedia.org/wiki/Iranian_frozen_assets (UNVERIFIED detail: the $5.6bn overseas-branch figure comes from a search snippet of OFAC's Iran sanctions overview, which was not opened)"
region.external.japan,Japan scope,instance,type.region.non_owning_scope,Region,external_scope,false,1,none,MECHANICAL_OR_ADAPTER,researched,typed,fits,UNKNOWN,NONE,"Non-owning, channel-specific scope; memberships may overlap.",ECB 2006 annual report https://www.ecb.europa.eu/pub/pdf/annrep/ar2006en.pdf; BIS December 2006 cross-border banking https://www.bis.org/publ/qtrpdf/r_qt0612e.htm; U.S. Treasury TIC foreign holdings https://home.treasury.gov/news/press-releases/hp337; EIA petroleum imports https://www.eia.gov/totalenergy/data/annual/showtext.php?t=ptb0504; UNCTAD Review of Maritime Transport 2006 https://unctad.org/publication/review-maritime-transport-2006
region.external.latin_america_debtors,Latin American sovereign and bank borrowers,instance,type.region.non_owning_scope,Region,external_scope,false,1,none,MECHANICAL_OR_ADAPTER,researched,typed,fits,UNKNOWN,NONE,Non-owning 1979 channel scope; grants no ownership or authority.,https://www.federalreservehistory.org/essays/latin-american-debt-crisis ; https://www.bis.org/publications/qr-202109/seven-decades-international-banking ; https://www.imf.org/external/pubs/ft/history/2001/ch08.pdf
region.external.mexico,Mexican crude exports,instance,type.region.non_owning_scope,Region,external_scope,false,1,none,MECHANICAL_OR_ADAPTER,researched,typed,fits,UNKNOWN,NONE,Non-owning 1979 channel scope; grants no ownership or authority.,https://www.eia.gov/totalenergy/data/annual/showtext.php?t=ptb0504
region.external.non_gulf_opec,Non-Gulf OPEC crude exporters,instance,type.region.non_owning_scope,Region,external_scope,false,1,none,MECHANICAL_OR_ADAPTER,researched,typed,fits,UNKNOWN,NONE,Non-owning 1979 channel scope; grants no ownership or authority.,https://www.eia.gov/totalenergy/data/annual/showtext.php?t=ptb0504 ; https://www.eia.gov/dnav/pet/hist/LeafHandler.ashx?n=PET&s=MTTIMUSAG2&f=A ; https://www.reaganlibrary.gov/archives/speech/proclamation-4907-imports-petroleum
region.external.offshore_asia,Offshore Asia scope,instance,type.region.non_owning_scope,Region,external_scope,false,1,none,MECHANICAL_OR_ADAPTER,researched,typed,fits,UNKNOWN,NONE,"Non-owning, channel-specific scope; memberships may overlap.",ECB 2006 annual report https://www.ecb.europa.eu/pub/pdf/annrep/ar2006en.pdf; BIS December 2006 cross-border banking https://www.bis.org/publ/qtrpdf/r_qt0612e.htm; U.S. Treasury TIC foreign holdings https://home.treasury.gov/news/press-releases/hp337; EIA petroleum imports https://www.eia.gov/totalenergy/data/annual/showtext.php?t=ptb0504; UNCTAD Review of Maritime Transport 2006 https://unctad.org/publication/review-maritime-transport-2006
region.external.oil_exporters,Oil Exporters scope,instance,type.region.non_owning_scope,Region,external_scope,false,1,none,MECHANICAL_OR_ADAPTER,researched,typed,fits,UNKNOWN,NONE,"Non-owning, channel-specific scope; memberships may overlap.",ECB 2006 annual report https://www.ecb.europa.eu/pub/pdf/annrep/ar2006en.pdf; BIS December 2006 cross-border banking https://www.bis.org/publ/qtrpdf/r_qt0612e.htm; U.S. Treasury TIC foreign holdings https://home.treasury.gov/news/press-releases/hp337; EIA petroleum imports https://www.eia.gov/totalenergy/data/annual/showtext.php?t=ptb0504; UNCTAD Review of Maritime Transport 2006 https://unctad.org/publication/review-maritime-transport-2006
region.external.russia,Russia scope,instance,type.region.non_owning_scope,Region,external_scope,false,1,none,MECHANICAL_OR_ADAPTER,researched,typed,fits,UNKNOWN,NONE,"Non-owning, channel-specific scope; memberships may overlap.",ECB 2006 annual report https://www.ecb.europa.eu/pub/pdf/annrep/ar2006en.pdf; BIS December 2006 cross-border banking https://www.bis.org/publ/qtrpdf/r_qt0612e.htm; U.S. Treasury TIC foreign holdings https://home.treasury.gov/news/press-releases/hp337; EIA petroleum imports https://www.eia.gov/totalenergy/data/annual/showtext.php?t=ptb0504; UNCTAD Review of Maritime Transport 2006 https://unctad.org/publication/review-maritime-transport-2006
region.external.switzerland,Swiss franc and Swiss National Bank,instance,type.region.non_owning_scope,Region,external_scope,false,1,none,MECHANICAL_OR_ADAPTER,researched,typed,fits,UNKNOWN,NONE,Non-owning 1979 channel scope; grants no ownership or authority.,https://www.newyorkfed.org/medialibrary/media/research/quarterly_review/1979v4/v4n3article9.pdf ; https://en.wikipedia.org/wiki/Carter_bonds
region.external.united_kingdom,United Kingdom scope,instance,type.region.non_owning_scope,Region,external_scope,false,1,none,MECHANICAL_OR_ADAPTER,researched,typed,fits,UNKNOWN,NONE,"Non-owning, channel-specific scope; memberships may overlap.",ECB 2006 annual report https://www.ecb.europa.eu/pub/pdf/annrep/ar2006en.pdf; BIS December 2006 cross-border banking https://www.bis.org/publ/qtrpdf/r_qt0612e.htm; U.S. Treasury TIC foreign holdings https://home.treasury.gov/news/press-releases/hp337; EIA petroleum imports https://www.eia.gov/totalenergy/data/annual/showtext.php?t=ptb0504; UNCTAD Review of Maritime Transport 2006 https://unctad.org/publication/review-maritime-transport-2006
region.external.west_germany,Deutsche Mark and the DM-anchored EMS bloc,instance,type.region.non_owning_scope,Region,external_scope,false,1,none,MECHANICAL_OR_ADAPTER,researched,typed,fits,UNKNOWN,NONE,Non-owning 1979 channel scope; grants no ownership or authority.,https://www.newyorkfed.org/medialibrary/media/research/quarterly_review/1979v4/v4n3article9.pdf ; https://www.federalreserve.gov/pubs/feds/2005/200502/200502pap.pdf ; https://home.treasury.gov/policy-issues/international/exchange-stabilization-fund/exchange-stabilization-fund-history
region.hormuz,Strait of Hormuz,instance,type.region.default,Region,sovereign_regional,false,1,none,MECHANICAL_OR_ADAPTER,named,identity_only,fits,UNKNOWN,NONE,Chokepoint geography only; a mechanism owns capacity.,06-design-discussion-representation-catalog.md:370
region.me.arabian_peninsula,Arabian Peninsula,instance,type.region.resource_macroregion,Region,physical_products,false,1,none,MECHANICAL_OR_ADAPTER,typed,typed,fits,UNKNOWN,NONE,Boundary version and exact sovereign overlap geometry UNKNOWN; scope owns no resources or inventories.,user-request:strategic-resource-regions
region.middle_east.gulf,Gulf region,instance,type.region.default,Region,sovereign_regional,false,1,none,MECHANICAL_OR_ADAPTER,named,identity_only,fits,UNKNOWN,NONE,"Regional scope only; stock and cognition ownership remain with legal, accounting, process, or institutional owners.",04-design-discussion-minimum-simulation-kernel.md:1353;05-design-discussion-representation-bible.md:174-175
region.panama,Panama Canal,instance,type.region.default,Region,sovereign_regional,false,1,none,MECHANICAL_OR_ADAPTER,named,identity_only,fits,UNKNOWN,NONE,Chokepoint geography only; a mechanism owns capacity.,06-design-discussion-representation-catalog.md:370
region.sa.aggregate,South America,instance,type.region.default,Region,sovereign_regional,false,1,none,MECHANICAL_OR_ADAPTER,typed,structural,fits,UNKNOWN,NONE,Parent boundary scope only; owns no represented goods or population by virtue of scope.,06-design-discussion-representation-catalog.md:473;06-design-discussion-representation-catalog.md:510
region.sa.amazon_basin,Amazon Basin,instance,type.region.default,Region,sovereign_regional,false,1,none,MECHANICAL_OR_ADAPTER,typed,structural,fits,UNKNOWN,NONE,"Geographic scope only; climate state, natural stocks, production, and prices belong to process, legal/accounting, or mechanical owners.",04-design-discussion-minimum-simulation-kernel.md:1920-1927;05-design-discussion-representation-bible.md:174-175;06-design-discussion-representation-catalog.md:437-439
region.suez,Suez Canal,instance,type.region.default,Region,sovereign_regional,false,1,none,MECHANICAL_OR_ADAPTER,named,identity_only,fits,UNKNOWN,NONE,Chokepoint geography only; a mechanism owns capacity.,06-design-discussion-representation-catalog.md:370
region.taiwan_strait,Taiwan Strait,instance,type.region.default,Region,sovereign_regional,false,1,none,MECHANICAL_OR_ADAPTER,named,identity_only,fits,UNKNOWN,NONE,Chokepoint geography only; a mechanism owns capacity.,06-design-discussion-representation-catalog.md:370
region.us.aggregate,United States aggregate scope,instance,type.region.default,Region,sovereign_regional,false,1,none,MECHANICAL_OR_ADAPTER,sketched,identity_only,fits,UNKNOWN,NONE,"Fallback boundary scope for named U.S. regions; no stock, price, or cognition ownership by geography.",05-design-discussion-representation-bible.md:174-175;06-design-discussion-representation-catalog.md:368-369
region.us.census_divisions,United States Census divisions,instance,type.region.default,Region,sovereign_regional,false,1,none,MECHANICAL_OR_ADAPTER,named,identity_only,fits,UNKNOWN,NONE,"Geographic scope only; no stock, price, or cognition ownership by geography.",06-design-discussion-representation-catalog.md:368
region.us.federal_reserve_districts,Federal Reserve Districts,instance,type.region.default,Region,sovereign_regional,false,1,none,MECHANICAL_OR_ADAPTER,named,identity_only,fits,UNKNOWN,NONE,Geography plus institutional catchment; neither role confers ownership of stocks or cognition.,06-design-discussion-representation-catalog.md:369
region.us.home_district,Burrow home Federal Reserve district,instance,type.region.aggregate_scope,Region,financial,false,1,none,MECHANICAL_OR_ADAPTER,typed,typed,fits,UNKNOWN,NONE,Scenario binding selects the actual district; this scope owns no bank state.,06-design-discussion-representation-catalog.md:818-904;07-design-discussion-burrow-composition-probe.md
region.us.metros,United States metropolitan areas,instance,type.region.default,Region,sovereign_regional,false,1,none,MECHANICAL_OR_ADAPTER,named,identity_only,fits,UNKNOWN,NONE,"Geographic scope only; no stock, price, or cognition ownership by geography.",06-design-discussion-representation-catalog.md:368
region.us.states,United States states,instance,type.region.default,Region,sovereign_regional,false,1,none,MECHANICAL_OR_ADAPTER,named,identity_only,fits,UNKNOWN,NONE,"Geographic and jurisdictional scopes only; no state container owns stocks, prices, or cognition by geography.",06-design-discussion-representation-catalog.md:368
role_holder.fomc.1979.balles,"President, San Francisco",instance,type.person.default,Person,Fed,true,1,named_cognition,LIMITED_ROLE_HOLDER,sketched,probe_complete,fits,UNKNOWN,NONE,Historical 1979 voting member represented as a bounded role holder with researched leanings.,https://www.federalreserve.gov/monetarypolicy/files/fomcropa19790814.pdf
role_holder.fomc.1979.black,"President, Richmond",instance,type.person.default,Person,Fed,true,1,named_cognition,LIMITED_ROLE_HOLDER,sketched,probe_complete,fits,UNKNOWN,NONE,Historical 1979 voting member represented as a bounded role holder with researched leanings.,https://www.federalreserve.gov/monetarypolicy/files/fomcropa19790814.pdf
role_holder.fomc.1979.coldwell,Governor (seat 3),instance,type.person.default,Person,Fed,true,1,named_cognition,LIMITED_ROLE_HOLDER,sketched,probe_complete,fits,UNKNOWN,NONE,Historical 1979 voting member represented as a bounded role holder with researched leanings.,https://www.federalreserve.gov/monetarypolicy/files/fomcropa19790814.pdf
role_holder.fomc.1979.kimbrel,"President, Atlanta",instance,type.person.default,Person,Fed,true,1,named_cognition,LIMITED_ROLE_HOLDER,sketched,probe_complete,fits,UNKNOWN,NONE,Historical 1979 voting member represented as a bounded role holder with researched leanings.,https://www.federalreserve.gov/monetarypolicy/files/fomcropa19790814.pdf
role_holder.fomc.1979.mayo,"President, Chicago",instance,type.person.default,Person,Fed,true,1,named_cognition,LIMITED_ROLE_HOLDER,sketched,probe_complete,fits,UNKNOWN,NONE,Historical 1979 voting member represented as a bounded role holder with researched leanings.,https://www.federalreserve.gov/monetarypolicy/files/fomcropa19790814.pdf
role_holder.fomc.1979.partee,Governor (seat 4),instance,type.person.default,Person,Fed,true,1,named_cognition,LIMITED_ROLE_HOLDER,sketched,probe_complete,fits,UNKNOWN,NONE,Historical 1979 voting member represented as a bounded role holder with researched leanings.,https://www.federalreserve.gov/monetarypolicy/files/fomcropa19790814.pdf
role_holder.fomc.1979.rice,Governor (seat 6),instance,type.person.default,Person,Fed,true,1,named_cognition,LIMITED_ROLE_HOLDER,sketched,probe_complete,fits,UNKNOWN,NONE,Historical 1979 voting member represented as a bounded role holder with researched leanings.,https://www.federalreserve.gov/monetarypolicy/files/fomcropa19790814.pdf
role_holder.fomc.1979.schultz,Vice Chairman,instance,type.person.default,Person,Fed,true,1,named_cognition,LIMITED_ROLE_HOLDER,sketched,probe_complete,fits,UNKNOWN,NONE,Historical 1979 voting member represented as a bounded role holder with researched leanings.,https://www.federalreserve.gov/monetarypolicy/files/fomcropa19790814.pdf
role_holder.fomc.1979.teeters,Governor (seat 5),instance,type.person.default,Person,Fed,true,1,named_cognition,LIMITED_ROLE_HOLDER,sketched,probe_complete,fits,UNKNOWN,NONE,Historical 1979 voting member represented as a bounded role holder with researched leanings.,https://www.federalreserve.gov/monetarypolicy/files/fomcropa19790814.pdf
role_holder.fomc.1979.timlen,"First Vice President, New York (voting alternate)",instance,type.person.default,Person,Fed,true,1,named_cognition,LIMITED_ROLE_HOLDER,sketched,probe_complete,fits,UNKNOWN,NONE,Historical 1979 voting member represented as a bounded role holder with researched leanings.,https://www.federalreserve.gov/monetarypolicy/files/fomcropa19790814.pdf
role_holder.fomc.1979.wallich,Governor (seat 2),instance,type.person.default,Person,Fed,true,1,named_cognition,LIMITED_ROLE_HOLDER,sketched,probe_complete,fits,UNKNOWN,NONE,Historical 1979 voting member represented as a bounded role holder with researched leanings.,https://www.federalreserve.gov/monetarypolicy/files/fomcropa19790814.pdf
role_holder.fomc.governor_1,Governor Heron,instance,type.person.default,Person,Fed,true,1,named_cognition,LIMITED_ROLE_HOLDER,sketched,probe_complete,fits,UNKNOWN,NONE,Fictional bounded role-holder with sourced beliefs for the MVP meeting; not a historical identity.,12-structure-outline-bernankey-mvp-cycle.md:226-232
role_holder.fomc.governor_2,Governor Hare,instance,type.person.default,Person,Fed,true,1,named_cognition,LIMITED_ROLE_HOLDER,sketched,probe_complete,fits,UNKNOWN,NONE,Fictional bounded role-holder with sourced beliefs for the MVP meeting; not a historical identity.,12-structure-outline-bernankey-mvp-cycle.md:226-232
schedule.us.federal_reserve.blackout,FOMC Blackout Period,instance,type.scheduled_process.default,ScheduledProcess,Fed,true,1,none,MECHANICAL_OR_ADAPTER,researched,probe_complete,fits,UNKNOWN,NONE,The MVP derives the communication gate from the selected published FOMC occurrence.,12-structure-outline-bernankey-mvp-cycle.md:278-285
schedule.us.federal_reserve.fomc,FOMC Calendar,instance,type.scheduled_process.default,ScheduledProcess,Fed,true,1,none,MECHANICAL_OR_ADAPTER,researched,probe_complete,fits,UNKNOWN,NONE,The March 2006 occurrence and its derived blackout window are initialized for the bounded cycle.,12-structure-outline-bernankey-mvp-cycle.md:278-285
schedule.us.treasury.auction,Treasury Auction Calendar,instance,type.scheduled_process.default,ScheduledProcess,Treasury,false,1,none,MECHANICAL_OR_ADAPTER,named,typed,fits,UNKNOWN,NONE,Published occurrences/parameters UNKNOWN.,06-design-discussion-representation-catalog.md:377
scheduled_process.unknown.call_report_calendar,Call report calendar,instance,type.scheduled_process.call_report_calendar,ScheduledProcess,legal_records,false,1,none,MECHANICAL_OR_ADAPTER,named,identity_only,fits,UNKNOWN,NONE,"Fallback: call report calendar type. Owning institution, legal era, announced occurrences, and publication parameters are UNKNOWN.",07-design-discussion-burrow-composition-probe.md:221
sovereign.afghanistan,Democratic Republic of Afghanistan,instance,type.sovereign_system.default,SovereignSystem,sovereign_regional,true,1,none,MECHANICAL_OR_ADAPTER,named,identity_only,fits,UNKNOWN,NONE,"Identity-only composition root; component owners hold state, authority, and action.",https://en.wikipedia.org/wiki/Member_states_of_the_United_Nations
sovereign.albania,People's Socialist Republic of Albania,instance,type.sovereign_system.default,SovereignSystem,sovereign_regional,true,1,none,MECHANICAL_OR_ADAPTER,named,identity_only,fits,UNKNOWN,NONE,"Identity-only composition root; component owners hold state, authority, and action.",https://en.wikipedia.org/wiki/Member_states_of_the_United_Nations
sovereign.algeria,Algeria,instance,type.sovereign_system.default,SovereignSystem,sovereign_regional,true,1,none,MECHANICAL_OR_ADAPTER,named,identity_only,fits,UNKNOWN,NONE,"Identity-only composition root; component owners hold state, authority, and action.",https://en.wikipedia.org/wiki/Member_states_of_the_United_Nations
sovereign.andorra,Principality of Andorra,instance,type.sovereign_system.default,SovereignSystem,sovereign_regional,false,1,none,MECHANICAL_OR_ADAPTER,named,identity_only,fits,UNKNOWN,NONE,"Identity-only composition root; component owners hold state, authority, and action.",https://en.wikipedia.org/wiki/History_of_Andorra
sovereign.angola,People's Republic of Angola,instance,type.sovereign_system.default,SovereignSystem,sovereign_regional,true,1,none,MECHANICAL_OR_ADAPTER,named,identity_only,fits,UNKNOWN,NONE,"Identity-only composition root; component owners hold state, authority, and action.",https://en.wikipedia.org/wiki/Member_states_of_the_United_Nations
sovereign.argentina,Argentina,instance,type.sovereign_system.default,SovereignSystem,sovereign_regional,true,1,none,MECHANICAL_OR_ADAPTER,named,identity_only,fits,UNKNOWN,NONE,"Identity-only composition root; component owners hold state, authority, and action.",https://en.wikipedia.org/wiki/Member_states_of_the_United_Nations
sovereign.armenia,Armenia,instance,type.sovereign_system.default,SovereignSystem,sovereign_regional,false,1,none,MECHANICAL_OR_ADAPTER,named,identity_only,fits,UNKNOWN,NONE,Composition root only; institutions firms and mechanisms retain ownership and action.,user-request:strategic-resource-regions
sovereign.australia,Australia,instance,type.sovereign_system.default,SovereignSystem,sovereign_regional,true,1,none,MECHANICAL_OR_ADAPTER,named,identity_only,fits,UNKNOWN,NONE,"Identity-only composition root; component owners hold state, authority, and action.",https://en.wikipedia.org/wiki/Member_states_of_the_United_Nations
sovereign.austria,Austria,instance,type.sovereign_system.default,SovereignSystem,sovereign_regional,true,1,none,MECHANICAL_OR_ADAPTER,named,identity_only,fits,UNKNOWN,NONE,"Identity-only composition root; component owners hold state, authority, and action.",https://en.wikipedia.org/wiki/Member_states_of_the_United_Nations
sovereign.azerbaijan,Azerbaijan,instance,type.sovereign_system.default,SovereignSystem,sovereign_regional,false,1,none,MECHANICAL_OR_ADAPTER,named,identity_only,fits,UNKNOWN,NONE,Composition root only; institutions firms and mechanisms retain ownership and action.,user-request:strategic-resource-regions
sovereign.bahamas,Bahamas,instance,type.sovereign_system.default,SovereignSystem,sovereign_regional,true,1,none,MECHANICAL_OR_ADAPTER,named,identity_only,fits,UNKNOWN,NONE,"Identity-only composition root; component owners hold state, authority, and action.",https://en.wikipedia.org/wiki/Member_states_of_the_United_Nations
sovereign.bahrain,Bahrain,instance,type.sovereign_system.default,SovereignSystem,sovereign_regional,true,1,none,MECHANICAL_OR_ADAPTER,named,identity_only,fits,UNKNOWN,NONE,"Identity-only composition root; component owners hold state, authority, and action.",https://en.wikipedia.org/wiki/Member_states_of_the_United_Nations
sovereign.bangladesh,Bangladesh,instance,type.sovereign_system.default,SovereignSystem,sovereign_regional,true,1,none,MECHANICAL_OR_ADAPTER,named,identity_only,fits,UNKNOWN,NONE,"Identity-only composition root; component owners hold state, authority, and action.",https://en.wikipedia.org/wiki/Member_states_of_the_United_Nations
sovereign.barbados,Barbados,instance,type.sovereign_system.default,SovereignSystem,sovereign_regional,true,1,none,MECHANICAL_OR_ADAPTER,named,identity_only,fits,UNKNOWN,NONE,"Identity-only composition root; component owners hold state, authority, and action.",https://en.wikipedia.org/wiki/Member_states_of_the_United_Nations
sovereign.belgium,Belgium,instance,type.sovereign_system.default,SovereignSystem,sovereign_regional,true,1,none,MECHANICAL_OR_ADAPTER,named,identity_only,fits,UNKNOWN,NONE,"Identity-only composition root; component owners hold state, authority, and action.",https://en.wikipedia.org/wiki/Member_states_of_the_United_Nations
sovereign.benin,People's Republic of Benin,instance,type.sovereign_system.default,SovereignSystem,sovereign_regional,true,1,none,MECHANICAL_OR_ADAPTER,named,identity_only,fits,UNKNOWN,NONE,"Identity-only composition root; component owners hold state, authority, and action.",https://en.wikipedia.org/wiki/Member_states_of_the_United_Nations
sovereign.bhutan,Bhutan,instance,type.sovereign_system.default,SovereignSystem,sovereign_regional,true,1,none,MECHANICAL_OR_ADAPTER,named,identity_only,fits,UNKNOWN,NONE,"Identity-only composition root; component owners hold state, authority, and action.",https://en.wikipedia.org/wiki/Member_states_of_the_United_Nations
sovereign.bolivia,Bolivia,instance,type.sovereign_system.default,SovereignSystem,sovereign_regional,true,1,none,MECHANICAL_OR_ADAPTER,named,identity_only,fits,UNKNOWN,NONE,"Identity-only composition root; component owners hold state, authority, and action.",https://en.wikipedia.org/wiki/Member_states_of_the_United_Nations
sovereign.bophuthatswana,Republic of Bophuthatswana,instance,type.sovereign_system.default,SovereignSystem,sovereign_regional,false,1,none,MECHANICAL_OR_ADAPTER,named,identity_only,fits,UNKNOWN,NONE,"Identity-only composition root; component owners hold state, authority, and action.",https://en.wikipedia.org/wiki/Bophuthatswana
sovereign.botswana,Botswana,instance,type.sovereign_system.default,SovereignSystem,sovereign_regional,true,1,none,MECHANICAL_OR_ADAPTER,named,identity_only,fits,UNKNOWN,NONE,"Identity-only composition root; component owners hold state, authority, and action.",https://en.wikipedia.org/wiki/Member_states_of_the_United_Nations
sovereign.brazil,Brazil,instance,type.sovereign_system.default,SovereignSystem,sovereign_regional,true,1,none,MECHANICAL_OR_ADAPTER,named,identity_only,fits,UNKNOWN,NONE,"Identity-only composition root; component owners hold state, authority, and action.",https://en.wikipedia.org/wiki/Member_states_of_the_United_Nations
sovereign.bulgaria,People's Republic of Bulgaria,instance,type.sovereign_system.default,SovereignSystem,sovereign_regional,true,1,none,MECHANICAL_OR_ADAPTER,named,identity_only,fits,UNKNOWN,NONE,"Identity-only composition root; component owners hold state, authority, and action.",https://en.wikipedia.org/wiki/Member_states_of_the_United_Nations
sovereign.burkina_faso,Upper Volta,instance,type.sovereign_system.default,SovereignSystem,sovereign_regional,true,1,none,MECHANICAL_OR_ADAPTER,named,identity_only,fits,UNKNOWN,NONE,"Identity-only composition root; component owners hold state, authority, and action.",https://en.wikipedia.org/wiki/Member_states_of_the_United_Nations
sovereign.burundi,Burundi,instance,type.sovereign_system.default,SovereignSystem,sovereign_regional,true,1,none,MECHANICAL_OR_ADAPTER,named,identity_only,fits,UNKNOWN,NONE,"Identity-only composition root; component owners hold state, authority, and action.",https://en.wikipedia.org/wiki/Member_states_of_the_United_Nations
sovereign.byelorussian_ssr,Byelorussian Soviet Socialist Republic,instance,type.sovereign_system.default,SovereignSystem,sovereign_regional,false,1,none,MECHANICAL_OR_ADAPTER,named,identity_only,fits,UNKNOWN,NONE,"Identity-only composition root; component owners hold state, authority, and action.",https://en.wikipedia.org/wiki/Byelorussian_Soviet_Socialist_Republic
sovereign.cambodia,Democratic Kampuchea,instance,type.sovereign_system.default,SovereignSystem,sovereign_regional,true,1,none,MECHANICAL_OR_ADAPTER,named,identity_only,fits,UNKNOWN,NONE,"Identity-only composition root; component owners hold state, authority, and action.",https://en.wikipedia.org/wiki/Member_states_of_the_United_Nations
sovereign.cameroon,United Republic of Cameroon,instance,type.sovereign_system.default,SovereignSystem,sovereign_regional,true,1,none,MECHANICAL_OR_ADAPTER,named,identity_only,fits,UNKNOWN,NONE,"Identity-only composition root; component owners hold state, authority, and action.",https://en.wikipedia.org/wiki/Member_states_of_the_United_Nations
sovereign.canada,Canada,instance,type.sovereign_system.default,SovereignSystem,sovereign_regional,true,1,none,MECHANICAL_OR_ADAPTER,named,identity_only,fits,UNKNOWN,NONE,"Identity-only composition root; component owners hold state, authority, and action.",https://en.wikipedia.org/wiki/Member_states_of_the_United_Nations
sovereign.cape_verde,Cape Verde,instance,type.sovereign_system.default,SovereignSystem,sovereign_regional,true,1,none,MECHANICAL_OR_ADAPTER,named,identity_only,fits,UNKNOWN,NONE,"Identity-only composition root; component owners hold state, authority, and action.",https://en.wikipedia.org/wiki/Member_states_of_the_United_Nations
sovereign.central_african_republic,Central African Empire,instance,type.sovereign_system.default,SovereignSystem,sovereign_regional,true,1,none,MECHANICAL_OR_ADAPTER,named,identity_only,fits,UNKNOWN,NONE,"Identity-only composition root; component owners hold state, authority, and action.",https://en.wikipedia.org/wiki/Member_states_of_the_United_Nations
sovereign.chad,Chad,instance,type.sovereign_system.default,SovereignSystem,sovereign_regional,true,1,none,MECHANICAL_OR_ADAPTER,named,identity_only,fits,UNKNOWN,NONE,"Identity-only composition root; component owners hold state, authority, and action.",https://en.wikipedia.org/wiki/Member_states_of_the_United_Nations
sovereign.chile,Chile,instance,type.sovereign_system.default,SovereignSystem,sovereign_regional,true,1,none,MECHANICAL_OR_ADAPTER,named,identity_only,fits,UNKNOWN,NONE,"Identity-only composition root; component owners hold state, authority, and action.",https://en.wikipedia.org/wiki/Member_states_of_the_United_Nations
sovereign.china,China,instance,type.sovereign_system.default,SovereignSystem,sovereign_regional,true,1,none,MECHANICAL_OR_ADAPTER,named,identity_only,fits,UNKNOWN,NONE,"Container and scope only; Party leadership, State Council, PBOC, SAFE, policy banks, military, provinces, and strategic firms retain distinct ownership.",04-design-discussion-minimum-simulation-kernel.md:823;04-design-discussion-minimum-simulation-kernel.md:1348;05-design-discussion-representation-bible.md:120-123;06-design-discussion-representation-catalog.md:365
sovereign.colombia,Colombia,instance,type.sovereign_system.default,SovereignSystem,sovereign_regional,true,1,none,MECHANICAL_OR_ADAPTER,named,identity_only,fits,UNKNOWN,NONE,"Identity-only composition root; component owners hold state, authority, and action.",https://en.wikipedia.org/wiki/Member_states_of_the_United_Nations
sovereign.comoros,Comoros,instance,type.sovereign_system.default,SovereignSystem,sovereign_regional,true,1,none,MECHANICAL_OR_ADAPTER,named,identity_only,fits,UNKNOWN,NONE,"Identity-only composition root; component owners hold state, authority, and action.",https://en.wikipedia.org/wiki/Member_states_of_the_United_Nations
sovereign.congo,People's Republic of the Congo,instance,type.sovereign_system.default,SovereignSystem,sovereign_regional,true,1,none,MECHANICAL_OR_ADAPTER,named,identity_only,fits,UNKNOWN,NONE,"Identity-only composition root; component owners hold state, authority, and action.",https://en.wikipedia.org/wiki/Member_states_of_the_United_Nations
sovereign.costa_rica,Costa Rica,instance,type.sovereign_system.default,SovereignSystem,sovereign_regional,true,1,none,MECHANICAL_OR_ADAPTER,named,identity_only,fits,UNKNOWN,NONE,"Identity-only composition root; component owners hold state, authority, and action.",https://en.wikipedia.org/wiki/Member_states_of_the_United_Nations
sovereign.cote_divoire,Ivory Coast,instance,type.sovereign_system.default,SovereignSystem,sovereign_regional,true,1,none,MECHANICAL_OR_ADAPTER,named,identity_only,fits,UNKNOWN,NONE,"Identity-only composition root; component owners hold state, authority, and action.",https://en.wikipedia.org/wiki/Member_states_of_the_United_Nations
sovereign.cuba,Cuba,instance,type.sovereign_system.default,SovereignSystem,sovereign_regional,true,1,none,MECHANICAL_OR_ADAPTER,named,identity_only,fits,UNKNOWN,NONE,"Identity-only composition root; component owners hold state, authority, and action.",https://en.wikipedia.org/wiki/Member_states_of_the_United_Nations
sovereign.cyprus,Cyprus,instance,type.sovereign_system.default,SovereignSystem,sovereign_regional,true,1,none,MECHANICAL_OR_ADAPTER,named,identity_only,fits,UNKNOWN,NONE,"Identity-only composition root; component owners hold state, authority, and action.",https://en.wikipedia.org/wiki/Member_states_of_the_United_Nations
sovereign.czechoslovakia,Czechoslovak Socialist Republic,instance,type.sovereign_system.default,SovereignSystem,sovereign_regional,true,1,none,MECHANICAL_OR_ADAPTER,named,identity_only,fits,UNKNOWN,NONE,"Identity-only composition root; component owners hold state, authority, and action.",https://en.wikipedia.org/wiki/Member_states_of_the_United_Nations#Former_members
sovereign.denmark,Denmark,instance,type.sovereign_system.default,SovereignSystem,sovereign_regional,true,1,none,MECHANICAL_OR_ADAPTER,named,identity_only,fits,UNKNOWN,NONE,"Identity-only composition root; component owners hold state, authority, and action.",https://en.wikipedia.org/wiki/Member_states_of_the_United_Nations
sovereign.djibouti,Djibouti,instance,type.sovereign_system.default,SovereignSystem,sovereign_regional,true,1,none,MECHANICAL_OR_ADAPTER,named,identity_only,fits,UNKNOWN,NONE,"Identity-only composition root; component owners hold state, authority, and action.",https://en.wikipedia.org/wiki/Member_states_of_the_United_Nations
sovereign.dominica,Dominica,instance,type.sovereign_system.default,SovereignSystem,sovereign_regional,true,1,none,MECHANICAL_OR_ADAPTER,named,identity_only,fits,UNKNOWN,NONE,"Identity-only composition root; component owners hold state, authority, and action.",https://en.wikipedia.org/wiki/Member_states_of_the_United_Nations
sovereign.dominican_republic,Dominican Republic,instance,type.sovereign_system.default,SovereignSystem,sovereign_regional,true,1,none,MECHANICAL_OR_ADAPTER,named,identity_only,fits,UNKNOWN,NONE,"Identity-only composition root; component owners hold state, authority, and action.",https://en.wikipedia.org/wiki/Member_states_of_the_United_Nations
sovereign.drc,Democratic Republic of the Congo,instance,type.sovereign.jurisdiction_scope,SovereignSystem,sovereign_regional,true,1,none,MECHANICAL_OR_ADAPTER,named,identity_only,fits,UNKNOWN,NONE,Composition root only; institutions firms communities and mechanisms retain ownership and action.,user-request:strategic-resource-regions
sovereign.east_germany,German Democratic Republic,instance,type.sovereign_system.default,SovereignSystem,sovereign_regional,true,1,none,MECHANICAL_OR_ADAPTER,named,identity_only,fits,UNKNOWN,NONE,"Identity-only composition root; component owners hold state, authority, and action.",https://en.wikipedia.org/wiki/Member_states_of_the_United_Nations#Former_members
sovereign.ecuador,Ecuador,instance,type.sovereign_system.default,SovereignSystem,sovereign_regional,true,1,none,MECHANICAL_OR_ADAPTER,named,identity_only,fits,UNKNOWN,NONE,"Identity-only composition root; component owners hold state, authority, and action.",https://en.wikipedia.org/wiki/Member_states_of_the_United_Nations
sovereign.egypt,Egypt,instance,type.sovereign_system.default,SovereignSystem,sovereign_regional,true,1,none,MECHANICAL_OR_ADAPTER,named,identity_only,fits,UNKNOWN,NONE,"Identity-only composition root; component owners hold state, authority, and action.",https://en.wikipedia.org/wiki/Member_states_of_the_United_Nations
sovereign.el_salvador,El Salvador,instance,type.sovereign_system.default,SovereignSystem,sovereign_regional,true,1,none,MECHANICAL_OR_ADAPTER,named,identity_only,fits,UNKNOWN,NONE,"Identity-only composition root; component owners hold state, authority, and action.",https://en.wikipedia.org/wiki/Member_states_of_the_United_Nations
sovereign.equatorial_guinea,Equatorial Guinea,instance,type.sovereign_system.default,SovereignSystem,sovereign_regional,true,1,none,MECHANICAL_OR_ADAPTER,named,identity_only,fits,UNKNOWN,NONE,"Identity-only composition root; component owners hold state, authority, and action.",https://en.wikipedia.org/wiki/Member_states_of_the_United_Nations
sovereign.eswatini,Swaziland,instance,type.sovereign_system.default,SovereignSystem,sovereign_regional,true,1,none,MECHANICAL_OR_ADAPTER,named,identity_only,fits,UNKNOWN,NONE,"Identity-only composition root; component owners hold state, authority, and action.",https://en.wikipedia.org/wiki/Member_states_of_the_United_Nations
sovereign.ethiopia,Ethiopia,instance,type.sovereign_system.default,SovereignSystem,sovereign_regional,true,1,none,MECHANICAL_OR_ADAPTER,named,identity_only,fits,UNKNOWN,NONE,"Identity-only composition root; component owners hold state, authority, and action.",https://en.wikipedia.org/wiki/Member_states_of_the_United_Nations
sovereign.fiji,Fiji,instance,type.sovereign_system.default,SovereignSystem,sovereign_regional,true,1,none,MECHANICAL_OR_ADAPTER,named,identity_only,fits,UNKNOWN,NONE,"Identity-only composition root; component owners hold state, authority, and action.",https://en.wikipedia.org/wiki/Member_states_of_the_United_Nations
sovereign.finland,Finland,instance,type.sovereign_system.default,SovereignSystem,sovereign_regional,true,1,none,MECHANICAL_OR_ADAPTER,named,identity_only,fits,UNKNOWN,NONE,"Identity-only composition root; component owners hold state, authority, and action.",https://en.wikipedia.org/wiki/Member_states_of_the_United_Nations
sovereign.france,France,instance,type.sovereign_system.default,SovereignSystem,sovereign_regional,true,1,none,MECHANICAL_OR_ADAPTER,named,identity_only,fits,UNKNOWN,NONE,Non-owning composition root; internal institutions retain state and action ownership.,04-design-discussion-minimum-simulation-kernel.md:819-837;05-design-discussion-representation-bible.md:678-690;05-design-discussion-representation-bible.md:737-771
sovereign.gabon,Gabon,instance,type.sovereign_system.default,SovereignSystem,sovereign_regional,true,1,none,MECHANICAL_OR_ADAPTER,named,identity_only,fits,UNKNOWN,NONE,"Identity-only composition root; component owners hold state, authority, and action.",https://en.wikipedia.org/wiki/Member_states_of_the_United_Nations
sovereign.gambia,Gambia,instance,type.sovereign_system.default,SovereignSystem,sovereign_regional,true,1,none,MECHANICAL_OR_ADAPTER,named,identity_only,fits,UNKNOWN,NONE,"Identity-only composition root; component owners hold state, authority, and action.",https://en.wikipedia.org/wiki/Member_states_of_the_United_Nations
sovereign.georgia,Georgia,instance,type.sovereign_system.default,SovereignSystem,sovereign_regional,false,1,none,MECHANICAL_OR_ADAPTER,named,identity_only,fits,UNKNOWN,NONE,Composition root only; institutions firms and mechanisms retain ownership and action.,user-request:strategic-resource-regions
sovereign.germany,Germany,instance,type.sovereign_system.default,SovereignSystem,sovereign_regional,true,1,none,MECHANICAL_OR_ADAPTER,named,identity_only,fits,UNKNOWN,NONE,Non-owning composition root; internal institutions retain state and action ownership.,04-design-discussion-minimum-simulation-kernel.md:819-837;05-design-discussion-representation-bible.md:678-690;05-design-discussion-representation-bible.md:737-771
sovereign.ghana,Ghana,instance,type.sovereign_system.default,SovereignSystem,sovereign_regional,true,1,none,MECHANICAL_OR_ADAPTER,named,identity_only,fits,UNKNOWN,NONE,"Identity-only composition root; component owners hold state, authority, and action.",https://en.wikipedia.org/wiki/Member_states_of_the_United_Nations
sovereign.greece,Greece,instance,type.sovereign_system.default,SovereignSystem,sovereign_regional,true,1,none,MECHANICAL_OR_ADAPTER,named,identity_only,fits,UNKNOWN,NONE,"Identity-only composition root; component owners hold state, authority, and action.",https://en.wikipedia.org/wiki/Member_states_of_the_United_Nations
sovereign.grenada,Grenada,instance,type.sovereign_system.default,SovereignSystem,sovereign_regional,true,1,none,MECHANICAL_OR_ADAPTER,named,identity_only,fits,UNKNOWN,NONE,"Identity-only composition root; component owners hold state, authority, and action.",https://en.wikipedia.org/wiki/Member_states_of_the_United_Nations
sovereign.guatemala,Guatemala,instance,type.sovereign_system.default,SovereignSystem,sovereign_regional,true,1,none,MECHANICAL_OR_ADAPTER,named,identity_only,fits,UNKNOWN,NONE,"Identity-only composition root; component owners hold state, authority, and action.",https://en.wikipedia.org/wiki/Member_states_of_the_United_Nations
sovereign.guinea,People's Revolutionary Republic of Guinea,instance,type.sovereign_system.default,SovereignSystem,sovereign_regional,true,1,none,MECHANICAL_OR_ADAPTER,named,identity_only,fits,UNKNOWN,NONE,"Identity-only composition root; component owners hold state, authority, and action.",https://en.wikipedia.org/wiki/Member_states_of_the_United_Nations
sovereign.guinea_bissau,Guinea-Bissau,instance,type.sovereign_system.default,SovereignSystem,sovereign_regional,true,1,none,MECHANICAL_OR_ADAPTER,named,identity_only,fits,UNKNOWN,NONE,"Identity-only composition root; component owners hold state, authority, and action.",https://en.wikipedia.org/wiki/Member_states_of_the_United_Nations
sovereign.guyana,Guyana,instance,type.sovereign_system.default,SovereignSystem,sovereign_regional,true,1,none,MECHANICAL_OR_ADAPTER,named,identity_only,fits,UNKNOWN,NONE,"Identity-only composition root; component owners hold state, authority, and action.",https://en.wikipedia.org/wiki/Member_states_of_the_United_Nations
sovereign.haiti,Haiti,instance,type.sovereign_system.default,SovereignSystem,sovereign_regional,true,1,none,MECHANICAL_OR_ADAPTER,named,identity_only,fits,UNKNOWN,NONE,"Identity-only composition root; component owners hold state, authority, and action.",https://en.wikipedia.org/wiki/Member_states_of_the_United_Nations
sovereign.holy_see,Holy See,instance,type.sovereign_system.default,SovereignSystem,sovereign_regional,true,1,none,MECHANICAL_OR_ADAPTER,named,identity_only,fits,UNKNOWN,NONE,"Identity-only composition root; component owners hold state, authority, and action.",https://en.wikipedia.org/wiki/Holy_See_and_the_United_Nations
sovereign.honduras,Honduras,instance,type.sovereign_system.default,SovereignSystem,sovereign_regional,true,1,none,MECHANICAL_OR_ADAPTER,named,identity_only,fits,UNKNOWN,NONE,"Identity-only composition root; component owners hold state, authority, and action.",https://en.wikipedia.org/wiki/Member_states_of_the_United_Nations
sovereign.hungary,Hungarian People's Republic,instance,type.sovereign_system.default,SovereignSystem,sovereign_regional,true,1,none,MECHANICAL_OR_ADAPTER,named,identity_only,fits,UNKNOWN,NONE,"Identity-only composition root; component owners hold state, authority, and action.",https://en.wikipedia.org/wiki/Member_states_of_the_United_Nations
sovereign.iceland,Iceland,instance,type.sovereign_system.default,SovereignSystem,sovereign_regional,true,1,none,MECHANICAL_OR_ADAPTER,named,identity_only,fits,UNKNOWN,NONE,"Identity-only composition root; component owners hold state, authority, and action.",https://en.wikipedia.org/wiki/Member_states_of_the_United_Nations
sovereign.india,India,instance,type.sovereign_system.default,SovereignSystem,sovereign_regional,true,1,none,MECHANICAL_OR_ADAPTER,named,identity_only,fits,UNKNOWN,NONE,"Identity-only composition root; component owners hold state, authority, and action.",https://en.wikipedia.org/wiki/Member_states_of_the_United_Nations
sovereign.indonesia,Indonesia,instance,type.sovereign_system.default,SovereignSystem,sovereign_regional,true,1,none,MECHANICAL_OR_ADAPTER,named,identity_only,fits,UNKNOWN,NONE,"Identity-only composition root; component owners hold state, authority, and action.",https://en.wikipedia.org/wiki/Member_states_of_the_United_Nations
sovereign.iran,Iran,instance,type.sovereign_system.default,SovereignSystem,sovereign_regional,true,1,none,MECHANICAL_OR_ADAPTER,named,identity_only,fits,UNKNOWN,NONE,"Container and scope only; named principals, IRGC, central bank, oil institutions, and factional networks remain distinct owners.",04-design-discussion-minimum-simulation-kernel.md:1347;05-design-discussion-representation-bible.md:120-123;06-design-discussion-representation-catalog.md:365
sovereign.iraq,Iraq,instance,type.sovereign_system.default,SovereignSystem,sovereign_regional,true,1,none,MECHANICAL_OR_ADAPTER,named,identity_only,fits,UNKNOWN,NONE,"Identity-only composition root; component owners hold state, authority, and action.",https://en.wikipedia.org/wiki/Member_states_of_the_United_Nations
sovereign.ireland,Ireland,instance,type.sovereign_system.default,SovereignSystem,sovereign_regional,true,1,none,MECHANICAL_OR_ADAPTER,named,identity_only,fits,UNKNOWN,NONE,"Identity-only composition root; component owners hold state, authority, and action.",https://en.wikipedia.org/wiki/Member_states_of_the_United_Nations
sovereign.israel,Israel,instance,type.sovereign_system.default,SovereignSystem,sovereign_regional,true,1,none,MECHANICAL_OR_ADAPTER,named,identity_only,fits,UNKNOWN,NONE,"Container and scope only; the prime minister, coalition, cabinet, Bank of Israel, security institutions, and firms remain distinct owners.",04-design-discussion-minimum-simulation-kernel.md:1346;05-design-discussion-representation-bible.md:120-123;06-design-discussion-representation-catalog.md:365
sovereign.italy,Italy,instance,type.sovereign_system.default,SovereignSystem,sovereign_regional,true,1,none,MECHANICAL_OR_ADAPTER,named,identity_only,fits,UNKNOWN,NONE,Non-owning composition root; internal institutions retain state and action ownership.,04-design-discussion-minimum-simulation-kernel.md:819-837;05-design-discussion-representation-bible.md:678-690;05-design-discussion-representation-bible.md:737-771
sovereign.jamaica,Jamaica,instance,type.sovereign_system.default,SovereignSystem,sovereign_regional,true,1,none,MECHANICAL_OR_ADAPTER,named,identity_only,fits,UNKNOWN,NONE,"Identity-only composition root; component owners hold state, authority, and action.",https://en.wikipedia.org/wiki/Member_states_of_the_United_Nations
sovereign.japan,Japan,instance,type.sovereign_system.default,SovereignSystem,sovereign_regional,true,1,none,MECHANICAL_OR_ADAPTER,named,identity_only,fits,UNKNOWN,NONE,"Container and scope only; Cabinet, BOJ, MOF, banks, insurers, and pensions remain separate candidates.",04-design-discussion-minimum-simulation-kernel.md:823;04-design-discussion-minimum-simulation-kernel.md:1350;05-design-discussion-representation-bible.md:120-123;06-design-discussion-representation-catalog.md:365
sovereign.jordan,Jordan,instance,type.sovereign_system.default,SovereignSystem,sovereign_regional,true,1,none,MECHANICAL_OR_ADAPTER,named,identity_only,fits,UNKNOWN,NONE,"Identity-only composition root; component owners hold state, authority, and action.",https://en.wikipedia.org/wiki/Member_states_of_the_United_Nations
sovereign.kenya,Kenya,instance,type.sovereign_system.default,SovereignSystem,sovereign_regional,true,1,none,MECHANICAL_OR_ADAPTER,named,identity_only,fits,UNKNOWN,NONE,"Identity-only composition root; component owners hold state, authority, and action.",https://en.wikipedia.org/wiki/Member_states_of_the_United_Nations
sovereign.kiribati,Kiribati,instance,type.sovereign_system.default,SovereignSystem,sovereign_regional,true,1,none,MECHANICAL_OR_ADAPTER,named,identity_only,fits,UNKNOWN,NONE,"Identity-only composition root; component owners hold state, authority, and action.",https://en.wikipedia.org/wiki/ISO_3166-3
sovereign.kuwait,Kuwait,instance,type.sovereign_system.default,SovereignSystem,sovereign_regional,true,1,none,MECHANICAL_OR_ADAPTER,named,identity_only,fits,UNKNOWN,NONE,"Identity-only composition root; component owners hold state, authority, and action.",https://en.wikipedia.org/wiki/Member_states_of_the_United_Nations
sovereign.laos,Lao People's Democratic Republic,instance,type.sovereign_system.default,SovereignSystem,sovereign_regional,true,1,none,MECHANICAL_OR_ADAPTER,named,identity_only,fits,UNKNOWN,NONE,"Identity-only composition root; component owners hold state, authority, and action.",https://en.wikipedia.org/wiki/Member_states_of_the_United_Nations
sovereign.lebanon,Lebanon,instance,type.sovereign_system.default,SovereignSystem,sovereign_regional,true,1,none,MECHANICAL_OR_ADAPTER,named,identity_only,fits,UNKNOWN,NONE,"Identity-only composition root; component owners hold state, authority, and action.",https://en.wikipedia.org/wiki/Member_states_of_the_United_Nations
sovereign.lesotho,Lesotho,instance,type.sovereign_system.default,SovereignSystem,sovereign_regional,true,1,none,MECHANICAL_OR_ADAPTER,named,identity_only,fits,UNKNOWN,NONE,"Identity-only composition root; component owners hold state, authority, and action.",https://en.wikipedia.org/wiki/Member_states_of_the_United_Nations
sovereign.liberia,Liberia,instance,type.sovereign_system.default,SovereignSystem,sovereign_regional,true,1,none,MECHANICAL_OR_ADAPTER,named,identity_only,fits,UNKNOWN,NONE,"Identity-only composition root; component owners hold state, authority, and action.",https://en.wikipedia.org/wiki/Member_states_of_the_United_Nations
sovereign.libya,Socialist People's Libyan Arab Jamahiriya,instance,type.sovereign_system.default,SovereignSystem,sovereign_regional,true,1,none,MECHANICAL_OR_ADAPTER,named,identity_only,fits,UNKNOWN,NONE,"Identity-only composition root; component owners hold state, authority, and action.",https://en.wikipedia.org/wiki/Member_states_of_the_United_Nations
sovereign.liechtenstein,Liechtenstein,instance,type.sovereign_system.default,SovereignSystem,sovereign_regional,true,1,none,MECHANICAL_OR_ADAPTER,named,identity_only,fits,UNKNOWN,NONE,"Identity-only composition root; component owners hold state, authority, and action.",https://en.wikipedia.org/wiki/Liechtenstein
sovereign.luxembourg,Luxembourg,instance,type.sovereign_system.default,SovereignSystem,sovereign_regional,true,1,none,MECHANICAL_OR_ADAPTER,named,identity_only,fits,UNKNOWN,NONE,"Identity-only composition root; component owners hold state, authority, and action.",https://en.wikipedia.org/wiki/Member_states_of_the_United_Nations
sovereign.madagascar,Democratic Republic of Madagascar,instance,type.sovereign_system.default,SovereignSystem,sovereign_regional,true,1,none,MECHANICAL_OR_ADAPTER,named,identity_only,fits,UNKNOWN,NONE,"Identity-only composition root; component owners hold state, authority, and action.",https://en.wikipedia.org/wiki/Member_states_of_the_United_Nations
sovereign.malawi,Malawi,instance,type.sovereign_system.default,SovereignSystem,sovereign_regional,true,1,none,MECHANICAL_OR_ADAPTER,named,identity_only,fits,UNKNOWN,NONE,"Identity-only composition root; component owners hold state, authority, and action.",https://en.wikipedia.org/wiki/Member_states_of_the_United_Nations
sovereign.malaysia,Malaysia,instance,type.sovereign_system.default,SovereignSystem,sovereign_regional,true,1,none,MECHANICAL_OR_ADAPTER,named,identity_only,fits,UNKNOWN,NONE,"Identity-only composition root; component owners hold state, authority, and action.",https://en.wikipedia.org/wiki/Member_states_of_the_United_Nations
sovereign.maldives,Maldives,instance,type.sovereign_system.default,SovereignSystem,sovereign_regional,true,1,none,MECHANICAL_OR_ADAPTER,named,identity_only,fits,UNKNOWN,NONE,"Identity-only composition root; component owners hold state, authority, and action.",https://en.wikipedia.org/wiki/Member_states_of_the_United_Nations
sovereign.mali,Mali,instance,type.sovereign_system.default,SovereignSystem,sovereign_regional,true,1,none,MECHANICAL_OR_ADAPTER,named,identity_only,fits,UNKNOWN,NONE,"Identity-only composition root; component owners hold state, authority, and action.",https://en.wikipedia.org/wiki/Member_states_of_the_United_Nations
sovereign.malta,Malta,instance,type.sovereign_system.default,SovereignSystem,sovereign_regional,true,1,none,MECHANICAL_OR_ADAPTER,named,identity_only,fits,UNKNOWN,NONE,"Identity-only composition root; component owners hold state, authority, and action.",https://en.wikipedia.org/wiki/Member_states_of_the_United_Nations
sovereign.mauritania,Mauritania,instance,type.sovereign_system.default,SovereignSystem,sovereign_regional,true,1,none,MECHANICAL_OR_ADAPTER,named,identity_only,fits,UNKNOWN,NONE,"Identity-only composition root; component owners hold state, authority, and action.",https://en.wikipedia.org/wiki/Member_states_of_the_United_Nations
sovereign.mauritius,Mauritius,instance,type.sovereign_system.default,SovereignSystem,sovereign_regional,true,1,none,MECHANICAL_OR_ADAPTER,named,identity_only,fits,UNKNOWN,NONE,"Identity-only composition root; component owners hold state, authority, and action.",https://en.wikipedia.org/wiki/Member_states_of_the_United_Nations
sovereign.mexico,Mexico,instance,type.sovereign_system.default,SovereignSystem,sovereign_regional,true,1,none,MECHANICAL_OR_ADAPTER,named,identity_only,fits,UNKNOWN,NONE,"Identity-only composition root; component owners hold state, authority, and action.",https://en.wikipedia.org/wiki/Member_states_of_the_United_Nations
sovereign.monaco,Monaco,instance,type.sovereign_system.default,SovereignSystem,sovereign_regional,true,1,none,MECHANICAL_OR_ADAPTER,named,identity_only,fits,UNKNOWN,NONE,"Identity-only composition root; component owners hold state, authority, and action.",https://en.wikipedia.org/wiki/Monaco
sovereign.mongolia,Mongolian People's Republic,instance,type.sovereign_system.default,SovereignSystem,sovereign_regional,true,1,none,MECHANICAL_OR_ADAPTER,named,identity_only,fits,UNKNOWN,NONE,"Identity-only composition root; component owners hold state, authority, and action.",https://en.wikipedia.org/wiki/Member_states_of_the_United_Nations
sovereign.morocco,Morocco,instance,type.sovereign_system.default,SovereignSystem,sovereign_regional,true,1,none,MECHANICAL_OR_ADAPTER,named,identity_only,fits,UNKNOWN,NONE,"Identity-only composition root; component owners hold state, authority, and action.",https://en.wikipedia.org/wiki/Member_states_of_the_United_Nations
sovereign.mozambique,People's Republic of Mozambique,instance,type.sovereign_system.default,SovereignSystem,sovereign_regional,true,1,none,MECHANICAL_OR_ADAPTER,named,identity_only,fits,UNKNOWN,NONE,"Identity-only composition root; component owners hold state, authority, and action.",https://en.wikipedia.org/wiki/Member_states_of_the_United_Nations
sovereign.myanmar,Socialist Republic of the Union of Burma,instance,type.sovereign_system.default,SovereignSystem,sovereign_regional,true,1,none,MECHANICAL_OR_ADAPTER,named,identity_only,fits,UNKNOWN,NONE,"Identity-only composition root; component owners hold state, authority, and action.",https://en.wikipedia.org/wiki/Member_states_of_the_United_Nations
sovereign.nauru,Nauru,instance,type.sovereign_system.default,SovereignSystem,sovereign_regional,true,1,none,MECHANICAL_OR_ADAPTER,named,identity_only,fits,UNKNOWN,NONE,"Identity-only composition root; component owners hold state, authority, and action.",https://en.wikipedia.org/wiki/Nauru
sovereign.nepal,Nepal,instance,type.sovereign_system.default,SovereignSystem,sovereign_regional,true,1,none,MECHANICAL_OR_ADAPTER,named,identity_only,fits,UNKNOWN,NONE,"Identity-only composition root; component owners hold state, authority, and action.",https://en.wikipedia.org/wiki/Member_states_of_the_United_Nations
sovereign.netherlands,Netherlands,instance,type.sovereign_system.default,SovereignSystem,sovereign_regional,true,1,none,MECHANICAL_OR_ADAPTER,named,identity_only,fits,UNKNOWN,NONE,"Identity-only composition root; component owners hold state, authority, and action.",https://en.wikipedia.org/wiki/Member_states_of_the_United_Nations
sovereign.new_zealand,New Zealand,instance,type.sovereign_system.default,SovereignSystem,sovereign_regional,true,1,none,MECHANICAL_OR_ADAPTER,named,identity_only,fits,UNKNOWN,NONE,"Identity-only composition root; component owners hold state, authority, and action.",https://en.wikipedia.org/wiki/Member_states_of_the_United_Nations
sovereign.nicaragua,Nicaragua,instance,type.sovereign_system.default,SovereignSystem,sovereign_regional,true,1,none,MECHANICAL_OR_ADAPTER,named,identity_only,fits,UNKNOWN,NONE,"Identity-only composition root; component owners hold state, authority, and action.",https://en.wikipedia.org/wiki/Member_states_of_the_United_Nations
sovereign.niger,Niger,instance,type.sovereign_system.default,SovereignSystem,sovereign_regional,true,1,none,MECHANICAL_OR_ADAPTER,named,identity_only,fits,UNKNOWN,NONE,"Identity-only composition root; component owners hold state, authority, and action.",https://en.wikipedia.org/wiki/Member_states_of_the_United_Nations
sovereign.nigeria,Nigeria,instance,type.sovereign_system.default,SovereignSystem,sovereign_regional,true,1,none,MECHANICAL_OR_ADAPTER,named,identity_only,fits,UNKNOWN,NONE,"Identity-only composition root; component owners hold state, authority, and action.",https://en.wikipedia.org/wiki/Member_states_of_the_United_Nations
sovereign.north_korea,Democratic People's Republic of Korea,instance,type.sovereign_system.default,SovereignSystem,sovereign_regional,true,1,none,MECHANICAL_OR_ADAPTER,named,identity_only,fits,UNKNOWN,NONE,"Identity-only composition root; component owners hold state, authority, and action.",https://en.wikipedia.org/wiki/North_Korea_and_the_United_Nations
sovereign.north_yemen,Yemen Arab Republic,instance,type.sovereign_system.default,SovereignSystem,sovereign_regional,true,1,none,MECHANICAL_OR_ADAPTER,named,identity_only,fits,UNKNOWN,NONE,"Identity-only composition root; component owners hold state, authority, and action.",https://en.wikipedia.org/wiki/Member_states_of_the_United_Nations
sovereign.norway,Norway,instance,type.sovereign_system.default,SovereignSystem,sovereign_regional,true,1,none,MECHANICAL_OR_ADAPTER,named,identity_only,fits,UNKNOWN,NONE,"Identity-only composition root; component owners hold state, authority, and action.",https://en.wikipedia.org/wiki/Member_states_of_the_United_Nations
sovereign.oman,Oman,instance,type.sovereign_system.default,SovereignSystem,sovereign_regional,true,1,none,MECHANICAL_OR_ADAPTER,named,identity_only,fits,UNKNOWN,NONE,"Identity-only composition root; component owners hold state, authority, and action.",https://en.wikipedia.org/wiki/Member_states_of_the_United_Nations
sovereign.pakistan,Pakistan,instance,type.sovereign_system.default,SovereignSystem,sovereign_regional,true,1,none,MECHANICAL_OR_ADAPTER,named,identity_only,fits,UNKNOWN,NONE,"Identity-only composition root; component owners hold state, authority, and action.",https://en.wikipedia.org/wiki/Member_states_of_the_United_Nations
sovereign.panama,Panama,instance,type.sovereign_system.default,SovereignSystem,sovereign_regional,true,1,none,MECHANICAL_OR_ADAPTER,named,identity_only,fits,UNKNOWN,NONE,"Identity-only composition root; component owners hold state, authority, and action.",https://en.wikipedia.org/wiki/Member_states_of_the_United_Nations
sovereign.papua_new_guinea,Papua New Guinea,instance,type.sovereign_system.default,SovereignSystem,sovereign_regional,true,1,none,MECHANICAL_OR_ADAPTER,named,identity_only,fits,UNKNOWN,NONE,"Identity-only composition root; component owners hold state, authority, and action.",https://en.wikipedia.org/wiki/Member_states_of_the_United_Nations
sovereign.paraguay,Paraguay,instance,type.sovereign_system.default,SovereignSystem,sovereign_regional,true,1,none,MECHANICAL_OR_ADAPTER,named,identity_only,fits,UNKNOWN,NONE,"Identity-only composition root; component owners hold state, authority, and action.",https://en.wikipedia.org/wiki/Member_states_of_the_United_Nations
sovereign.peru,Peru,instance,type.sovereign_system.default,SovereignSystem,sovereign_regional,true,1,none,MECHANICAL_OR_ADAPTER,named,identity_only,fits,UNKNOWN,NONE,"Identity-only composition root; component owners hold state, authority, and action.",https://en.wikipedia.org/wiki/Member_states_of_the_United_Nations
sovereign.philippines,Philippines,instance,type.sovereign_system.default,SovereignSystem,sovereign_regional,true,1,none,MECHANICAL_OR_ADAPTER,named,identity_only,fits,UNKNOWN,NONE,"Identity-only composition root; component owners hold state, authority, and action.",https://en.wikipedia.org/wiki/Member_states_of_the_United_Nations
sovereign.poland,Polish People's Republic,instance,type.sovereign_system.default,SovereignSystem,sovereign_regional,true,1,none,MECHANICAL_OR_ADAPTER,named,identity_only,fits,UNKNOWN,NONE,"Identity-only composition root; component owners hold state, authority, and action.",https://en.wikipedia.org/wiki/Member_states_of_the_United_Nations
sovereign.portugal,Portugal,instance,type.sovereign_system.default,SovereignSystem,sovereign_regional,true,1,none,MECHANICAL_OR_ADAPTER,named,identity_only,fits,UNKNOWN,NONE,"Identity-only composition root; component owners hold state, authority, and action.",https://en.wikipedia.org/wiki/Member_states_of_the_United_Nations
sovereign.qatar,Qatar,instance,type.sovereign_system.default,SovereignSystem,sovereign_regional,true,1,none,MECHANICAL_OR_ADAPTER,named,identity_only,fits,UNKNOWN,NONE,"Container and scope only; ruling principals, energy companies, central bank, and sovereign funds remain separate owners.",04-design-discussion-minimum-simulation-kernel.md:1353;05-design-discussion-representation-bible.md:120-123;06-design-discussion-representation-catalog.md:365
sovereign.romania,Socialist Republic of Romania,instance,type.sovereign_system.default,SovereignSystem,sovereign_regional,true,1,none,MECHANICAL_OR_ADAPTER,named,identity_only,fits,UNKNOWN,NONE,"Identity-only composition root; component owners hold state, authority, and action.",https://en.wikipedia.org/wiki/Member_states_of_the_United_Nations
sovereign.russia,Russia,instance,type.sovereign_system.default,SovereignSystem,sovereign_regional,false,1,none,MECHANICAL_OR_ADAPTER,named,identity_only,fits,UNKNOWN,NONE,"Container and scope only; presidency, central bank, security institutions, energy firms, and elite networks remain separate owners.",04-design-discussion-minimum-simulation-kernel.md:1352;05-design-discussion-representation-bible.md:120-123;06-design-discussion-representation-catalog.md:365
sovereign.rwanda,Rwanda,instance,type.sovereign_system.default,SovereignSystem,sovereign_regional,true,1,none,MECHANICAL_OR_ADAPTER,named,identity_only,fits,UNKNOWN,NONE,"Identity-only composition root; component owners hold state, authority, and action.",https://en.wikipedia.org/wiki/Member_states_of_the_United_Nations
sovereign.sahrawi_arab_democratic_republic,Sahrawi Arab Democratic Republic,instance,type.sovereign_system.default,SovereignSystem,sovereign_regional,false,1,none,MECHANICAL_OR_ADAPTER,named,identity_only,fits,UNKNOWN,NONE,"Identity-only composition root; component owners hold state, authority, and action.",https://en.wikipedia.org/wiki/Sahrawi_Arab_Democratic_Republic
sovereign.saint_lucia,Saint Lucia,instance,type.sovereign_system.default,SovereignSystem,sovereign_regional,true,1,none,MECHANICAL_OR_ADAPTER,named,identity_only,fits,UNKNOWN,NONE,"Identity-only composition root; component owners hold state, authority, and action.",https://en.wikipedia.org/wiki/Saint_Lucia
sovereign.samoa,Western Samoa,instance,type.sovereign_system.default,SovereignSystem,sovereign_regional,true,1,none,MECHANICAL_OR_ADAPTER,named,identity_only,fits,UNKNOWN,NONE,"Identity-only composition root; component owners hold state, authority, and action.",https://en.wikipedia.org/wiki/Member_states_of_the_United_Nations
sovereign.san_marino,San Marino,instance,type.sovereign_system.default,SovereignSystem,sovereign_regional,true,1,none,MECHANICAL_OR_ADAPTER,named,identity_only,fits,UNKNOWN,NONE,"Identity-only composition root; component owners hold state, authority, and action.",https://en.wikipedia.org/wiki/San_Marino
sovereign.sao_tome_and_principe,Sao Tome and Principe,instance,type.sovereign_system.default,SovereignSystem,sovereign_regional,true,1,none,MECHANICAL_OR_ADAPTER,named,identity_only,fits,UNKNOWN,NONE,"Identity-only composition root; component owners hold state, authority, and action.",https://en.wikipedia.org/wiki/Member_states_of_the_United_Nations
sovereign.saudi_arabia,Saudi Arabia,instance,type.sovereign_system.default,SovereignSystem,sovereign_regional,true,1,none,MECHANICAL_OR_ADAPTER,named,identity_only,fits,UNKNOWN,NONE,"Container and scope only: the Crown, ministry, Aramco, SAMA, PIF, funds, and security institutions retain action and state ownership.",04-design-discussion-minimum-simulation-kernel.md:1345;05-design-discussion-representation-bible.md:120-123;06-design-discussion-representation-catalog.md:365
sovereign.senegal,Senegal,instance,type.sovereign_system.default,SovereignSystem,sovereign_regional,true,1,none,MECHANICAL_OR_ADAPTER,named,identity_only,fits,UNKNOWN,NONE,"Identity-only composition root; component owners hold state, authority, and action.",https://en.wikipedia.org/wiki/Member_states_of_the_United_Nations
sovereign.seychelles,Seychelles,instance,type.sovereign_system.default,SovereignSystem,sovereign_regional,true,1,none,MECHANICAL_OR_ADAPTER,named,identity_only,fits,UNKNOWN,NONE,"Identity-only composition root; component owners hold state, authority, and action.",https://en.wikipedia.org/wiki/Member_states_of_the_United_Nations
sovereign.sierra_leone,Sierra Leone,instance,type.sovereign_system.default,SovereignSystem,sovereign_regional,true,1,none,MECHANICAL_OR_ADAPTER,named,identity_only,fits,UNKNOWN,NONE,"Identity-only composition root; component owners hold state, authority, and action.",https://en.wikipedia.org/wiki/Member_states_of_the_United_Nations
sovereign.singapore,Singapore,instance,type.sovereign_system.default,SovereignSystem,sovereign_regional,true,1,none,MECHANICAL_OR_ADAPTER,named,identity_only,fits,UNKNOWN,NONE,Non-owning composition root; internal institutions retain state and action ownership.,04-design-discussion-minimum-simulation-kernel.md:819-837;05-design-discussion-representation-bible.md:678-690;05-design-discussion-representation-bible.md:737-771
sovereign.solomon_islands,Solomon Islands,instance,type.sovereign_system.default,SovereignSystem,sovereign_regional,true,1,none,MECHANICAL_OR_ADAPTER,named,identity_only,fits,UNKNOWN,NONE,"Identity-only composition root; component owners hold state, authority, and action.",https://en.wikipedia.org/wiki/Member_states_of_the_United_Nations
sovereign.somalia,Somali Democratic Republic,instance,type.sovereign_system.default,SovereignSystem,sovereign_regional,true,1,none,MECHANICAL_OR_ADAPTER,named,identity_only,fits,UNKNOWN,NONE,"Identity-only composition root; component owners hold state, authority, and action.",https://en.wikipedia.org/wiki/Member_states_of_the_United_Nations
sovereign.south_africa,South Africa,instance,type.sovereign_system.default,SovereignSystem,sovereign_regional,true,1,none,MECHANICAL_OR_ADAPTER,named,identity_only,fits,UNKNOWN,NONE,"Identity-only composition root; component owners hold state, authority, and action.",https://en.wikipedia.org/wiki/Member_states_of_the_United_Nations
sovereign.south_korea,Republic of Korea,instance,type.sovereign_system.default,SovereignSystem,sovereign_regional,true,1,none,MECHANICAL_OR_ADAPTER,named,identity_only,fits,UNKNOWN,NONE,"Identity-only composition root; component owners hold state, authority, and action.",https://en.wikipedia.org/wiki/South_Korea_and_the_United_Nations
sovereign.south_yemen,People's Democratic Republic of Yemen,instance,type.sovereign_system.default,SovereignSystem,sovereign_regional,true,1,none,MECHANICAL_OR_ADAPTER,named,identity_only,fits,UNKNOWN,NONE,"Identity-only composition root; component owners hold state, authority, and action.",https://en.wikipedia.org/wiki/Member_states_of_the_United_Nations#Former_members
sovereign.spain,Spain,instance,type.sovereign_system.default,SovereignSystem,sovereign_regional,true,1,none,MECHANICAL_OR_ADAPTER,named,identity_only,fits,UNKNOWN,NONE,"Identity-only composition root; component owners hold state, authority, and action.",https://en.wikipedia.org/wiki/Member_states_of_the_United_Nations
sovereign.sri_lanka,Sri Lanka,instance,type.sovereign_system.default,SovereignSystem,sovereign_regional,true,1,none,MECHANICAL_OR_ADAPTER,named,identity_only,fits,UNKNOWN,NONE,"Identity-only composition root; component owners hold state, authority, and action.",https://en.wikipedia.org/wiki/Member_states_of_the_United_Nations
sovereign.sudan,Sudan,instance,type.sovereign_system.default,SovereignSystem,sovereign_regional,true,1,none,MECHANICAL_OR_ADAPTER,named,identity_only,fits,UNKNOWN,NONE,"Identity-only composition root; component owners hold state, authority, and action.",https://en.wikipedia.org/wiki/Member_states_of_the_United_Nations
sovereign.suriname,Suriname,instance,type.sovereign_system.default,SovereignSystem,sovereign_regional,true,1,none,MECHANICAL_OR_ADAPTER,named,identity_only,fits,UNKNOWN,NONE,"Identity-only composition root; component owners hold state, authority, and action.",https://en.wikipedia.org/wiki/Member_states_of_the_United_Nations
sovereign.sweden,Sweden,instance,type.sovereign_system.default,SovereignSystem,sovereign_regional,true,1,none,MECHANICAL_OR_ADAPTER,named,identity_only,fits,UNKNOWN,NONE,"Identity-only composition root; component owners hold state, authority, and action.",https://en.wikipedia.org/wiki/Member_states_of_the_United_Nations
sovereign.switzerland,Switzerland,instance,type.sovereign_system.default,SovereignSystem,sovereign_regional,true,1,none,MECHANICAL_OR_ADAPTER,named,identity_only,fits,UNKNOWN,NONE,"Identity-only composition root; component owners hold state, authority, and action.",https://en.wikipedia.org/wiki/Switzerland_and_the_United_Nations
sovereign.syria,Syrian Arab Republic,instance,type.sovereign_system.default,SovereignSystem,sovereign_regional,true,1,none,MECHANICAL_OR_ADAPTER,named,identity_only,fits,UNKNOWN,NONE,"Identity-only composition root; component owners hold state, authority, and action.",https://en.wikipedia.org/wiki/Member_states_of_the_United_Nations
sovereign.taiwan,Republic of China,instance,type.sovereign_system.default,SovereignSystem,sovereign_regional,false,1,none,MECHANICAL_OR_ADAPTER,named,identity_only,fits,UNKNOWN,NONE,"Identity-only composition root; component owners hold state, authority, and action.",https://en.wikipedia.org/wiki/Taiwan_Relations_Act
sovereign.tanzania,United Republic of Tanzania,instance,type.sovereign_system.default,SovereignSystem,sovereign_regional,true,1,none,MECHANICAL_OR_ADAPTER,named,identity_only,fits,UNKNOWN,NONE,"Identity-only composition root; component owners hold state, authority, and action.",https://en.wikipedia.org/wiki/Member_states_of_the_United_Nations
sovereign.thailand,Thailand,instance,type.sovereign_system.default,SovereignSystem,sovereign_regional,true,1,none,MECHANICAL_OR_ADAPTER,named,identity_only,fits,UNKNOWN,NONE,"Identity-only composition root; component owners hold state, authority, and action.",https://en.wikipedia.org/wiki/Member_states_of_the_United_Nations
sovereign.togo,Togo,instance,type.sovereign_system.default,SovereignSystem,sovereign_regional,true,1,none,MECHANICAL_OR_ADAPTER,named,identity_only,fits,UNKNOWN,NONE,"Identity-only composition root; component owners hold state, authority, and action.",https://en.wikipedia.org/wiki/Member_states_of_the_United_Nations
sovereign.tonga,Tonga,instance,type.sovereign_system.default,SovereignSystem,sovereign_regional,true,1,none,MECHANICAL_OR_ADAPTER,named,identity_only,fits,UNKNOWN,NONE,"Identity-only composition root; component owners hold state, authority, and action.",https://en.wikipedia.org/wiki/Tonga
sovereign.transkei,Republic of Transkei,instance,type.sovereign_system.default,SovereignSystem,sovereign_regional,false,1,none,MECHANICAL_OR_ADAPTER,named,identity_only,fits,UNKNOWN,NONE,"Identity-only composition root; component owners hold state, authority, and action.",https://en.wikipedia.org/wiki/Transkei
sovereign.trinidad_and_tobago,Trinidad and Tobago,instance,type.sovereign_system.default,SovereignSystem,sovereign_regional,true,1,none,MECHANICAL_OR_ADAPTER,named,identity_only,fits,UNKNOWN,NONE,"Identity-only composition root; component owners hold state, authority, and action.",https://en.wikipedia.org/wiki/Member_states_of_the_United_Nations
sovereign.tunisia,Tunisia,instance,type.sovereign_system.default,SovereignSystem,sovereign_regional,true,1,none,MECHANICAL_OR_ADAPTER,named,identity_only,fits,UNKNOWN,NONE,"Identity-only composition root; component owners hold state, authority, and action.",https://en.wikipedia.org/wiki/Member_states_of_the_United_Nations
sovereign.turkey,Turkey,instance,type.sovereign_system.default,SovereignSystem,sovereign_regional,true,1,none,MECHANICAL_OR_ADAPTER,named,identity_only,fits,UNKNOWN,NONE,"Identity-only composition root; component owners hold state, authority, and action.",https://en.wikipedia.org/wiki/Member_states_of_the_United_Nations
sovereign.tuvalu,Tuvalu,instance,type.sovereign_system.default,SovereignSystem,sovereign_regional,true,1,none,MECHANICAL_OR_ADAPTER,named,identity_only,fits,UNKNOWN,NONE,"Identity-only composition root; component owners hold state, authority, and action.",https://en.wikipedia.org/wiki/Tuvalu
sovereign.uae,United Arab Emirates,instance,type.sovereign_system.default,SovereignSystem,sovereign_regional,true,1,none,MECHANICAL_OR_ADAPTER,named,identity_only,fits,UNKNOWN,NONE,"Container and scope only; ruling principals, energy companies, central bank, and sovereign funds remain separate owners.",04-design-discussion-minimum-simulation-kernel.md:1353;05-design-discussion-representation-bible.md:120-123;06-design-discussion-representation-catalog.md:365
sovereign.uganda,Uganda,instance,type.sovereign_system.default,SovereignSystem,sovereign_regional,true,1,none,MECHANICAL_OR_ADAPTER,named,identity_only,fits,UNKNOWN,NONE,"Identity-only composition root; component owners hold state, authority, and action.",https://en.wikipedia.org/wiki/Member_states_of_the_United_Nations
sovereign.ukrainian_ssr,Ukrainian Soviet Socialist Republic,instance,type.sovereign_system.default,SovereignSystem,sovereign_regional,false,1,none,MECHANICAL_OR_ADAPTER,named,identity_only,fits,UNKNOWN,NONE,"Identity-only composition root; component owners hold state, authority, and action.",https://en.wikipedia.org/wiki/Ukrainian_Soviet_Socialist_Republic
sovereign.united_kingdom,United Kingdom,instance,type.sovereign_system.default,SovereignSystem,sovereign_regional,true,1,none,MECHANICAL_OR_ADAPTER,named,identity_only,fits,UNKNOWN,NONE,"Container and scope only; government, Bank of England, DMO, pensions, and parties remain separate owners.",04-design-discussion-minimum-simulation-kernel.md:1351;05-design-discussion-representation-bible.md:120-123;06-design-discussion-representation-catalog.md:365
sovereign.united_states,United States,instance,type.sovereign_system.default,SovereignSystem,sovereign_regional,true,1,none,MECHANICAL_OR_ADAPTER,named,identity_only,fits,UNKNOWN,NONE,"Identity-only composition root; component owners hold state, authority, and action.",https://en.wikipedia.org/wiki/Member_states_of_the_United_Nations
sovereign.uruguay,Uruguay,instance,type.sovereign_system.default,SovereignSystem,sovereign_regional,true,1,none,MECHANICAL_OR_ADAPTER,named,identity_only,fits,UNKNOWN,NONE,"Identity-only composition root; component owners hold state, authority, and action.",https://en.wikipedia.org/wiki/Member_states_of_the_United_Nations
sovereign.ussr,Union of Soviet Socialist Republics,instance,type.sovereign_system.default,SovereignSystem,sovereign_regional,true,1,none,MECHANICAL_OR_ADAPTER,named,identity_only,fits,UNKNOWN,NONE,"Identity-only composition root; component owners hold state, authority, and action.",https://en.wikipedia.org/wiki/Member_states_of_the_United_Nations
sovereign.venezuela,Venezuela,instance,type.sovereign_system.default,SovereignSystem,sovereign_regional,true,1,none,MECHANICAL_OR_ADAPTER,named,identity_only,fits,UNKNOWN,NONE,"Identity-only composition root; component owners hold state, authority, and action.",https://en.wikipedia.org/wiki/Member_states_of_the_United_Nations
sovereign.vietnam,Socialist Republic of Vietnam,instance,type.sovereign_system.default,SovereignSystem,sovereign_regional,true,1,none,MECHANICAL_OR_ADAPTER,named,identity_only,fits,UNKNOWN,NONE,"Identity-only composition root; component owners hold state, authority, and action.",https://en.wikipedia.org/wiki/Member_states_of_the_United_Nations
sovereign.yugoslavia,Socialist Federal Republic of Yugoslavia,instance,type.sovereign_system.default,SovereignSystem,sovereign_regional,true,1,none,MECHANICAL_OR_ADAPTER,named,identity_only,fits,UNKNOWN,NONE,"Identity-only composition root; component owners hold state, authority, and action.",https://en.wikipedia.org/wiki/Member_states_of_the_United_Nations#Former_members
sovereign.zambia,Zambia,instance,type.sovereign_system.default,SovereignSystem,sovereign_regional,true,1,none,MECHANICAL_OR_ADAPTER,named,identity_only,fits,UNKNOWN,NONE,"Identity-only composition root; component owners hold state, authority, and action.",https://en.wikipedia.org/wiki/Member_states_of_the_United_Nations
sovereign.zimbabwe_rhodesia,Zimbabwe Rhodesia,instance,type.sovereign_system.default,SovereignSystem,sovereign_regional,false,1,none,MECHANICAL_OR_ADAPTER,named,identity_only,fits,UNKNOWN,NONE,"Identity-only composition root; component owners hold state, authority, and action.",https://en.wikipedia.org/wiki/Zimbabwe_Rhodesia
staff.us.federal_reserve.communications,Division of Communications,instance,type.staff_unit.default,StaffUnit,Fed,true,1,participant_cognition,PARTICIPANT_DISTRIBUTION,sketched,probe_complete,fits,UNKNOWN,NONE,The MVP retains bounded access methods and one capacity unit; publication work remains Phase 5.,12-structure-outline-bernankey-mvp-cycle.md:397-415
staff.us.federal_reserve.financial_stability,Division of Financial Stability,instance,type.staff_unit.default,StaffUnit,Fed,false,1,participant_cognition,PARTICIPANT_DISTRIBUTION,named,identity_only,fits,UNKNOWN,NONE,Director UNKNOWN.,06-design-discussion-representation-catalog.md:246
staff.us.federal_reserve.international,Division of International Finance,instance,type.staff_unit.default,StaffUnit,Fed,true,1,participant_cognition,PARTICIPANT_DISTRIBUTION,sketched,probe_complete,fits,UNKNOWN,NONE,"Initialized only with bounded oil-market evidence, one follow-up task, and one displaced deliverable for the 1979 opening.",doc:mandate.m4-proving-lens
staff.us.federal_reserve.legal,Division of Legal,instance,type.staff_unit.default,StaffUnit,Fed,false,1,participant_cognition,PARTICIPANT_DISTRIBUTION,named,identity_only,fits,UNKNOWN,NONE,Director UNKNOWN.,06-design-discussion-representation-catalog.md:246
staff.us.federal_reserve.markets,Division of Markets,instance,type.staff_unit.default,StaffUnit,Fed,true,1,participant_cognition,PARTICIPANT_DISTRIBUTION,sketched,probe_complete,fits,UNKNOWN,NONE,Owns the selected request capacity confidential evidence assessment and foreign-demand displacement.,12-structure-outline-bernankey-mvp-cycle.md:388-457
staff.us.federal_reserve.monetary_affairs,Division of Monetary Affairs,instance,type.staff_unit.default,StaffUnit,Fed,true,1,participant_cognition,PARTICIPANT_DISTRIBUTION,sketched,probe_complete,fits,UNKNOWN,NONE,The MVP retains bounded policy methods and authors the explicit dissent inside the selected assessment.,12-structure-outline-bernankey-mvp-cycle.md:388-457
staff.us.federal_reserve.ny_markets_group,New York Fed Markets Group,instance,type.staff_unit.default,StaffUnit,Fed,false,1,participant_cognition,PARTICIPANT_DISTRIBUTION,named,typed,fits,UNKNOWN,NONE,Owns SOMA execution; exact desk topology UNKNOWN.,06-design-discussion-representation-catalog.md:261;07-design-discussion-burrow-composition-probe.md:144
staff.us.federal_reserve.research,Division of Research,instance,type.staff_unit.default,StaffUnit,Fed,false,1,participant_cognition,PARTICIPANT_DISTRIBUTION,named,identity_only,fits,UNKNOWN,NONE,Director UNKNOWN.,06-design-discussion-representation-catalog.md:246
staff.us.federal_reserve.supervision,Division of Supervision,instance,type.staff_unit.default,StaffUnit,Fed,false,1,participant_cognition,PARTICIPANT_DISTRIBUTION,named,identity_only,fits,UNKNOWN,NONE,Director UNKNOWN.,06-design-discussion-representation-catalog.md:246
staff.us.treasury.debt_management,Office of Debt Management,instance,type.staff_unit.default,StaffUnit,Treasury,false,1,participant_cognition,PARTICIPANT_DISTRIBUTION,named,identity_only,fits,UNKNOWN,NONE,Exact office topology UNKNOWN.,06-design-discussion-representation-catalog.md:262
staff.us.treasury.ofr,Office of Financial Research,instance,type.staff_unit.default,StaffUnit,Treasury,false,1,participant_cognition,PARTICIPANT_DISTRIBUTION,named,identity_only,fits,UNKNOWN,NONE,Exact remit and topology UNKNOWN.,06-design-discussion-representation-catalog.md:262
stateful.us.treasury.duration_supply,Treasury Duration Supply Process,instance,type.stateful_external_process.default,StatefulExternalProcess,Treasury,false,1,none,MECHANICAL_OR_ADAPTER,sketched,identity_only,fits,UNKNOWN,NONE,Mechanism ownership/solver provisional; supplies maturity buckets.,04-design-discussion-minimum-simulation-kernel.md:173-184;04-design-discussion-minimum-simulation-kernel.md:717
system.gb.petroleum.operations,United Kingdom petroleum operations,instance,type.mechanical.resource_operation,MechanicalSystem,sovereign_regional,true,2,none,MECHANICAL_OR_ADAPTER,researched,probe_complete,fits,UNKNOWN,NONE,"Role component owning capacity, output, terminals, and inventory.",doc:mandate.m4-proving-lens
system.gb.petroleum.policy,United Kingdom petroleum policy authority,instance,type.mechanical_system.default,MechanicalSystem,sovereign_regional,true,2,none,MECHANICAL_OR_ADAPTER,researched,probe_complete,fits,UNKNOWN,NONE,Role component owning production posture; institutions hold it through HOLDS_ROLE.,https://cdn.ca9.uscourts.gov/datastore/library/2013/02/26/California_crude-oil.pdf
system.iq.petroleum.operations,Iraq petroleum operations,instance,type.mechanical.resource_operation,MechanicalSystem,sovereign_regional,true,2,none,MECHANICAL_OR_ADAPTER,researched,probe_complete,fits,UNKNOWN,NONE,"Role component owning capacity, output, terminals, and inventory.",doc:mandate.m4-proving-lens
system.iq.petroleum.policy,Iraq petroleum policy authority,instance,type.mechanical_system.default,MechanicalSystem,sovereign_regional,true,2,none,MECHANICAL_OR_ADAPTER,researched,probe_complete,fits,UNKNOWN,NONE,Role component owning production posture; institutions hold it through HOLDS_ROLE.,https://cdn.ca9.uscourts.gov/datastore/library/2013/02/26/California_crude-oil.pdf
system.ir.petroleum.operations,Iran petroleum operations,instance,type.mechanical.resource_operation,MechanicalSystem,sovereign_regional,true,2,none,MECHANICAL_OR_ADAPTER,researched,probe_complete,fits,UNKNOWN,NONE,"Role component owning capacity, output, terminals, and inventory.",https://www.cia.gov/readingroom/node/1923739
system.ir.petroleum.policy,Iran petroleum policy authority,instance,type.mechanical_system.default,MechanicalSystem,sovereign_regional,true,2,none,MECHANICAL_OR_ADAPTER,researched,probe_complete,fits,UNKNOWN,NONE,Role component owning production posture; institutions hold it through HOLDS_ROLE.,https://cdn.ca9.uscourts.gov/datastore/library/2013/02/26/California_crude-oil.pdf
system.jp.petroleum.operations,Japan petroleum operations,instance,type.mechanical.resource_operation,MechanicalSystem,sovereign_regional,true,2,none,MECHANICAL_OR_ADAPTER,researched,probe_complete,fits,UNKNOWN,NONE,"Role component owning capacity, output, terminals, and inventory.",doc:mandate.m4-proving-lens
system.jp.petroleum.policy,Japan petroleum policy authority,instance,type.mechanical_system.default,MechanicalSystem,sovereign_regional,true,2,none,MECHANICAL_OR_ADAPTER,researched,probe_complete,fits,UNKNOWN,NONE,Role component owning production posture; institutions hold it through HOLDS_ROLE.,doc:mandate.m4-proving-lens
system.kw.petroleum.operations,Kuwait petroleum operations,instance,type.mechanical.resource_operation,MechanicalSystem,sovereign_regional,true,2,none,MECHANICAL_OR_ADAPTER,researched,probe_complete,fits,UNKNOWN,NONE,"Role component owning capacity, output, terminals, and inventory.",https://history.state.gov/historicaldocuments/frus1969-76v37/d249fn5
system.kw.petroleum.policy,Kuwait petroleum policy authority,instance,type.mechanical_system.default,MechanicalSystem,sovereign_regional,true,2,none,MECHANICAL_OR_ADAPTER,researched,probe_complete,fits,UNKNOWN,NONE,Role component owning production posture; institutions hold it through HOLDS_ROLE.,https://cdn.ca9.uscourts.gov/datastore/library/2013/02/26/California_crude-oil.pdf
system.sa.petroleum.operations,Saudi Arabia petroleum operations,instance,type.mechanical.resource_operation,MechanicalSystem,sovereign_regional,true,2,none,MECHANICAL_OR_ADAPTER,researched,probe_complete,fits,UNKNOWN,NONE,"Role component owning capacity, output, terminals, and inventory.",https://www.gao.gov/assets/id-78-32.pdf
system.sa.petroleum.policy,Saudi Arabia petroleum policy authority,instance,type.mechanical_system.default,MechanicalSystem,sovereign_regional,true,2,none,MECHANICAL_OR_ADAPTER,researched,probe_complete,fits,UNKNOWN,NONE,Role component owning production posture; institutions hold it through HOLDS_ROLE.,https://cdn.ca9.uscourts.gov/datastore/library/2013/02/26/California_crude-oil.pdf
system.su.petroleum.operations,Soviet Union petroleum operations,instance,type.mechanical.resource_operation,MechanicalSystem,sovereign_regional,true,2,none,MECHANICAL_OR_ADAPTER,researched,probe_complete,fits,UNKNOWN,NONE,"Role component owning capacity, output, terminals, and inventory.",doc:mandate.m4-proving-lens
system.su.petroleum.policy,Soviet Union petroleum policy authority,instance,type.mechanical_system.default,MechanicalSystem,sovereign_regional,true,2,none,MECHANICAL_OR_ADAPTER,researched,probe_complete,fits,UNKNOWN,NONE,Role component owning production posture; institutions hold it through HOLDS_ROLE.,https://cdn.ca9.uscourts.gov/datastore/library/2013/02/26/California_crude-oil.pdf
system.us.petroleum.operations,United States petroleum operations,instance,type.mechanical.resource_operation,MechanicalSystem,sovereign_regional,true,2,none,MECHANICAL_OR_ADAPTER,researched,probe_complete,fits,UNKNOWN,NONE,"Role component owning capacity, output, terminals, and inventory.",https://www.eia.gov/international/content/analysis/special_topics/Global_Surplus_Crude_Oil_Production_Capacity/full-report.pdf
system.us.petroleum.policy,United States petroleum policy authority,instance,type.mechanical_system.default,MechanicalSystem,sovereign_regional,true,2,none,MECHANICAL_OR_ADAPTER,researched,probe_complete,fits,UNKNOWN,NONE,Role component owning production posture; institutions hold it through HOLDS_ROLE.,https://www.eia.gov/dnav/pet/hist/LeafHandler.ashx?n=PET&s=MCRFPUS2&f=A
system.ve.petroleum.operations,Venezuela petroleum operations,instance,type.mechanical.resource_operation,MechanicalSystem,sovereign_regional,true,2,none,MECHANICAL_OR_ADAPTER,researched,probe_complete,fits,UNKNOWN,NONE,"Role component owning capacity, output, terminals, and inventory.",https://history.state.gov/historicaldocuments/frus1977-80v24/d334
system.ve.petroleum.policy,Venezuela petroleum policy authority,instance,type.mechanical_system.default,MechanicalSystem,sovereign_regional,true,2,none,MECHANICAL_OR_ADAPTER,researched,probe_complete,fits,UNKNOWN,NONE,Role component owning production posture; institutions hold it through HOLDS_ROLE.,https://cdn.ca9.uscourts.gov/datastore/library/2013/02/26/California_crude-oil.pdf
type.facility.emergency_lending,Emergency lending facility,type,NONE,Facility,legal_records,false,1,none,MECHANICAL_OR_ADAPTER,typed,typed,fits,NONE,NONE,"Fallback: standing offer. Legal basis, capacity, duration, eligibility, and counterparty take-up are UNKNOWN until an instance is selected.",task.md:447
type.facility.standing_offer,Authority-gated standing offer,type,NONE,Facility,legal_records,false,1,none,MECHANICAL_OR_ADAPTER,typed,typed,fits,NONE,NONE,"Fallback: operating-institution terms with aggregate take-up flow. Owning institution, authorization, eligibility, and terms are UNKNOWN until an instance is selected.",05-design-discussion-representation-bible.md:182
type.institution.regional_bank,Regional bank,type,NONE,Institution,financial,false,1,participant_cognition,PARTICIPANT_DISTRIBUTION,typed,structural,fits,NONE,NONE,"Permits chartered bank accounts, operations, staff, facilities, records, participant cognition, bank actions, and public/private observations; requires compatible regional-bank cohort fallback and exact named-plus-residual reconciliation.",06-design-discussion-representation-catalog.md:900
type.legal_instrument.agency_rule,Agency rule,type,NONE,LegalInstrument,legal_records,false,1,none,MECHANICAL_OR_ADAPTER,typed,typed,fits,NONE,NONE,Fallback: generic legal regime. Delegated authority source and deadline are UNKNOWN until an instance is selected.,05-design-discussion-representation-bible.md:180
type.legal_instrument.deposit_insurance_condition,Deposit insurance legal condition,type,NONE,LegalInstrument,legal_records,false,1,none,MECHANICAL_OR_ADAPTER,typed,typed,fits,NONE,NONE,"Fallback: generic prudential requirement clause. Governing instrument, account aggregation rule, coverage limit, and period variant are UNKNOWN.",06-design-discussion-representation-catalog.md:364
type.legal_instrument.designation_order,Designation order,type,NONE,LegalInstrument,legal_records,false,1,none,MECHANICAL_OR_ADAPTER,typed,typed,fits,NONE,NONE,"Fallback: generic legal regime. Conferral subject, review, and revocation facts are UNKNOWN until an instance is selected.",05-design-discussion-representation-bible.md:180
type.legal_instrument.designation_regime,Designation regime clause,type,NONE,LegalInstrument,legal_records,false,1,none,MECHANICAL_OR_ADAPTER,typed,typed,fits,NONE,NONE,"Fallback: generic legal regime. Conferral, review, revocation, and resulting eligibility are UNKNOWN until a governing instrument is selected.",05-design-discussion-representation-bible.md:1478
type.legal_instrument.prudential_requirement,Prudential requirement clause,type,NONE,LegalInstrument,legal_records,false,1,none,MECHANICAL_OR_ADAPTER,typed,typed,fits,NONE,NONE,"Fallback: generic legal regime. Bound class, threshold, effective period, and enforcement consequence are UNKNOWN.",05-design-discussion-representation-bible.md:1477
type.legal_instrument.regime,Legal regime,type,NONE,LegalInstrument,legal_records,false,1,none,MECHANICAL_OR_ADAPTER,typed,typed,fits,NONE,NONE,Fallback: fixed authority-graph state without amendment or conformance path. Period-specific clauses are UNKNOWN.,05-design-discussion-representation-bible.md:180
type.legal_instrument.statute,Statute,type,NONE,LegalInstrument,legal_records,false,1,none,MECHANICAL_OR_ADAPTER,typed,typed,fits,NONE,NONE,Fallback: generic legal regime. Enacting body and period applicability are UNKNOWN until an instance is selected.,05-design-discussion-representation-bible.md:180
type.mechanical.bank.regional_aggregate,Regional-bank aggregate boundary mechanism,type,NONE,MechanicalSystem,financial,false,1,none,MECHANICAL_OR_ADAPTER,typed,typed,fits,NONE,NONE,Selectable boundary provider owns aggregate regional-bank interface state; detailed attributes unresolved in prose.,06-design-discussion-representation-catalog.md:900
type.organization_cohort.regional_bank,Regional-bank organization cohort,type,NONE,OrganizationCohort,financial,false,1,cohort_response,ORGANIZATION_COHORT_RESPONSE,typed,structural,fits,NONE,NONE,"Permits aggregate accounts, capacity, staff, response distributions, member-attribution state, and bank boundary interfaces; sector-mechanism fallback.",06-design-discussion-representation-catalog.md:900
type.published_reference.credit_rating,Credit rating,type,NONE,PublishedReference,legal_records,false,1,none,MECHANICAL_OR_ADAPTER,typed,typed,fits,NONE,NONE,"Fallback: scheduled published value. Rating publisher, issue scope, binder, and revision policy are UNKNOWN until an instance is selected.",06-design-discussion-representation-catalog.md:355
type.published_reference.index_membership,Index membership,type,NONE,PublishedReference,legal_records,false,1,none,MECHANICAL_OR_ADAPTER,typed,typed,fits,NONE,NONE,"Fallback: scheduled published value. Publisher, index, member, binder, and effective period are UNKNOWN until an instance is selected.",06-design-discussion-representation-catalog.md:354
type.published_reference.market_index,Market index,type,NONE,PublishedReference,legal_records,false,1,none,MECHANICAL_OR_ADAPTER,typed,typed,fits,NONE,NONE,"Fallback: scheduled published value. Publisher, constituent method, binders, and revision policy are UNKNOWN until an instance is selected.",06-design-discussion-representation-catalog.md:354
type.published_reference.scheduled_value,Scheduled published value or grade,type,NONE,PublishedReference,legal_records,false,1,none,MECHANICAL_OR_ADAPTER,typed,typed,fits,NONE,NONE,"Fallback: exogenous series with no publisher, revision, or binders. Publisher, method, schedule, and declared binders are UNKNOWN until an instance is selected.",05-design-discussion-representation-bible.md:183
type.published_reference.statistical_measurement,Statistical measurement reference,type,NONE,PublishedReference,legal_records,false,1,none,MECHANICAL_OR_ADAPTER,typed,typed,fits,NONE,NONE,"Fallback: scheduled published value. Publisher, sampling method, release schedule, and revision policy are UNKNOWN until an instance is selected.",04-design-discussion-minimum-simulation-kernel.md:938
type.record.analytical_task,AnalyticalTask,type,NONE,Record,legal_records,false,1,none,MECHANICAL_OR_ADAPTER,typed,typed,fits,NONE,NONE,"Fallback: durable institutional record. Owner, assigned work, status, and retention are UNKNOWN until an instance is selected.",06-design-discussion-representation-catalog.md:379
type.record.assessment,Assessment,type,NONE,Record,legal_records,false,1,none,MECHANICAL_OR_ADAPTER,typed,typed,fits,NONE,NONE,"Fallback: durable institutional record. Authoring unit, evidence, decision horizon, conclusion distribution, dissent, and custody are UNKNOWN until an instance is selected.",04-design-discussion-minimum-simulation-kernel.md:1502
type.record.call_report,Call report,type,NONE,Record,legal_records,false,1,none,MECHANICAL_OR_ADAPTER,typed,typed,fits,NONE,NONE,"Fallback: durable institutional record. Filer, receiving authority, reference period, revision history, and retention are UNKNOWN until an instance is selected.",07-design-discussion-burrow-composition-probe.md:221
type.record.case_file,CaseFile,type,NONE,Record,legal_records,false,1,none,MECHANICAL_OR_ADAPTER,typed,typed,fits,NONE,NONE,"Fallback: durable institutional record. Owning institution, subject, status, custody, and retention are UNKNOWN until an instance is selected.",06-design-discussion-representation-catalog.md:379
type.record.chairmanship_program,ChairmanshipProgram,type,NONE,Record,legal_records,false,1,none,MECHANICAL_OR_ADAPTER,typed,typed,fits,NONE,NONE,"Fallback: durable institutional record. Owner, program scope, status, and retention are UNKNOWN until an instance is selected.",06-design-discussion-representation-catalog.md:379
type.record.durable_institutional_work,Durable institutional record,type,NONE,Record,legal_records,false,1,none,MECHANICAL_OR_ADAPTER,typed,typed,fits,NONE,NONE,"Fallback: parent-institution state without independent identity, transfer, or queued reference. Owner, retention, custody, and subtype fields are UNKNOWN until an instance is selected.",05-design-discussion-representation-bible.md:187
type.record.examination_product,Examination product,type,NONE,Record,legal_records,false,1,none,MECHANICAL_OR_ADAPTER,typed,typed,fits,NONE,NONE,"Fallback: durable institutional record. Supervisor, examined subject, confidentiality, findings, and custody are UNKNOWN until an instance is selected.",07-design-discussion-burrow-composition-probe.md:126
type.record.institutional_project,InstitutionalProject,type,NONE,Record,legal_records,false,1,none,MECHANICAL_OR_ADAPTER,typed,typed,fits,NONE,NONE,"Fallback: durable institutional record. Owner, project scope, status, and retention are UNKNOWN until an instance is selected.",06-design-discussion-representation-catalog.md:379
type.record.legacy_dossier,LegacyDossier,type,NONE,Record,legal_records,false,1,none,MECHANICAL_OR_ADAPTER,typed,typed,fits,NONE,NONE,"Fallback: durable institutional record. Owning institution, contents, transfer history, and retention are UNKNOWN until an instance is selected.",06-design-discussion-representation-catalog.md:379
type.record.legal_interpretation,Legal interpretation,type,NONE,Record,legal_records,false,1,none,MECHANICAL_OR_ADAPTER,typed,typed,fits,NONE,NONE,"Fallback: durable institutional record. Author, applicable instrument, confidence, and custody are UNKNOWN until an instance is selected.",05-design-discussion-representation-bible.md:1489
type.record.policy_package,PolicyPackage,type,NONE,Record,legal_records,false,1,none,MECHANICAL_OR_ADAPTER,typed,typed,fits,NONE,NONE,"Fallback: durable institutional record. Proposer, alternatives, activation state, authority path, and retention are UNKNOWN until an instance is selected.",06-design-discussion-representation-catalog.md:379
type.record.resolution_proceeding,ResolutionProceeding,type,NONE,Record,legal_records,false,1,none,MECHANICAL_OR_ADAPTER,typed,typed,fits,NONE,NONE,"Fallback: durable institutional record. Responsible authority, statutory transitions, control state, and retention are UNKNOWN until an instance is selected.",06-design-discussion-representation-catalog.md:379
type.scheduled_process.auction_calendar,Auction calendar,type,NONE,ScheduledProcess,legal_records,false,1,none,MECHANICAL_OR_ADAPTER,typed,typed,fits,NONE,NONE,"Fallback: published calendar. Owning issuer, horizon, occurrence parameters, and disruptions are UNKNOWN until an instance is selected.",06-design-discussion-representation-catalog.md:377
type.scheduled_process.blackout_window,Blackout period,type,NONE,ScheduledProcess,legal_records,false,1,none,MECHANICAL_OR_ADAPTER,typed,typed,fits,NONE,NONE,"Fallback: published calendar. Governing occurrence, derived eligibility gate, and disruption rules are UNKNOWN until an instance is selected.",06-design-discussion-representation-catalog.md:377
type.scheduled_process.call_report_calendar,Call report calendar,type,NONE,ScheduledProcess,legal_records,false,1,none,MECHANICAL_OR_ADAPTER,typed,typed,fits,NONE,NONE,"Fallback: published calendar. Owning institution, reporting cadence, reference period, and release lag are UNKNOWN until an instance is selected.",07-design-discussion-burrow-composition-probe.md:221
type.scheduled_process.published_calendar,Published calendar,type,NONE,ScheduledProcess,legal_records,false,1,none,MECHANICAL_OR_ADAPTER,typed,typed,fits,NONE,NONE,"Fallback: direct scheduled-event queue occurrences without announcement or derived windows. Owner, recurrence, and notification rules are UNKNOWN until an instance is selected.",05-design-discussion-representation-bible.md:186
type.scheduled_process.statistical_release_calendar,Statistical release calendar,type,NONE,ScheduledProcess,legal_records,false,1,none,MECHANICAL_OR_ADAPTER,typed,typed,fits,NONE,NONE,"Fallback: published calendar. Owning publisher, release horizon, revisions, and delays are UNKNOWN until an instance is selected.",06-design-discussion-representation-catalog.md:377
