item_kind,catalog_id,artifact_key,blocker_code,required_evidence,provenance
action_domain,body.il.cabinet,policy_stance,owner_or_content,Resolved owner and source-backed action contract.,04-design-discussion-minimum-simulation-kernel.md:819-837;05-design-discussion-representation-bible.md:678-690;05-design-discussion-representation-bible.md:737-771
action_domain,body.il.cabinet,trade,owner_or_content,Resolved owner and source-backed action contract.,04-design-discussion-minimum-simulation-kernel.md:819-837;05-design-discussion-representation-bible.md:678-690;05-design-discussion-representation-bible.md:737-771
action_domain,cohort.eu.exposed_banks,dollar_funding,owner_or_content,Resolved owner and source-backed action contract.,04-design-discussion-minimum-simulation-kernel.md:819-837;05-design-discussion-representation-bible.md:678-690;05-design-discussion-representation-bible.md:737-771
action_domain,cohort.eu.exposed_banks,financial_stress,owner_or_content,Resolved owner and source-backed action contract.,04-design-discussion-minimum-simulation-kernel.md:819-837;05-design-discussion-representation-bible.md:678-690;05-design-discussion-representation-bible.md:737-771
action_domain,cohort.jp.insurers,reserves,owner_or_content,Resolved owner and source-backed action contract.,04-design-discussion-minimum-simulation-kernel.md:819-837;05-design-discussion-representation-bible.md:678-690;05-design-discussion-representation-bible.md:737-771
action_domain,cohort.ru.energy_firms,commodities,owner_or_content,Resolved owner and source-backed action contract.,04-design-discussion-minimum-simulation-kernel.md:819-837;05-design-discussion-representation-bible.md:678-690;05-design-discussion-representation-bible.md:737-771
action_domain,institution.ae.central_bank,currency,owner_or_content,Resolved owner and source-backed action contract.,04-design-discussion-minimum-simulation-kernel.md:819-837;05-design-discussion-representation-bible.md:678-690;05-design-discussion-representation-bible.md:737-771
entity_scope,adapter.real.us.construction_inputs,adapter.real.us.construction_inputs->UNKNOWN,scope,Resolved typed scope endpoint.,06-design-discussion-representation-catalog.md:520
entity_scope,adapter.real.us.food_baskets,adapter.real.us.food_baskets->UNKNOWN,scope,Resolved typed scope endpoint.,06-design-discussion-representation-catalog.md:521
entity_scope,cohort.us.bank.regional_cre_concentrated,cohort.us.bank.regional_cre_concentrated->UNKNOWN,scope,Resolved typed scope endpoint.,06-design-discussion-representation-catalog.md:914; intended subject: region.us
entity_scope,inst.us.bank.burrow,inst.us.bank.burrow->UNKNOWN,scope,Resolved typed scope endpoint.,06-design-discussion-representation-catalog.md:819; intended subject: region.us.home_district
entity_scope,mechanism.measurement.us.consumer_prices,mechanism.measurement.us.consumer_prices->UNKNOWN,scope,Resolved typed scope endpoint.,06-design-discussion-representation-catalog.md:523
entity_scope,region.sa.aggregate,region.sa.aggregate->adapter.external_region.latin_america,scope,Resolved typed scope endpoint.,06-design-discussion-representation-catalog.md:510
identity_only,agreement.central_bank.swap_lines,NONE,research_content,Typed structural and initialization contract.,Early-2006 profile planning index.
identity_only,agreement.foreign.information_sharing,NONE,research_content,Typed structural and initialization contract.,Early-2006 profile planning index.
identity_only,agreement.foreign.liquidity_support,NONE,research_content,Typed structural and initialization contract.,Early-2006 profile planning index.
identity_only,agreement.foreign.regulatory_memoranda,NONE,research_content,Typed structural and initialization contract.,Early-2006 profile planning index.
identity_only,agreement.foreign.sanctions_coordination,NONE,research_content,Typed structural and initialization contract.,Early-2006 profile planning index.
identity_only,agreement.us.federal_reserve.swap_lines,NONE,research_content,Typed structural and initialization contract.,Early-2006 profile planning index.
identity_only,auth.us.primary_dealer_designation,NONE,research_content,Typed structural and initialization contract.,Early-2006 profile planning index.
identity_only,body.jp.cabinet,NONE,research_content,Typed structural and initialization contract.,Early-2006 profile planning index.
identity_only,body.opec,NONE,research_content,Typed structural and initialization contract.,Early-2006 profile planning index.
identity_only,body.us.federal_reserve.reserve_bank_boards,NONE,research_content,Typed structural and initialization contract.,Early-2006 profile planning index.
identity_only,coalition.il.governing_parties,NONE,research_content,Typed structural and initialization contract.,Early-2006 profile planning index.
identity_only,coalition.ir.factional_networks,NONE,research_content,Typed structural and initialization contract.,Early-2006 profile planning index.
identity_only,coalition.ru.elite_networks,NONE,research_content,Typed structural and initialization contract.,Early-2006 profile planning index.
identity_only,coalition.uk.parties,NONE,research_content,Typed structural and initialization contract.,Early-2006 profile planning index.
identity_only,cohort.foreign.central_banks,NONE,research_content,Typed structural and initialization contract.,Early-2006 profile planning index.
identity_only,cohort.foreign.finance_ministries,NONE,research_content,Typed structural and initialization contract.,Early-2006 profile planning index.
identity_only,cohort.foreign.sovereign_funds,NONE,research_content,Typed structural and initialization contract.,Early-2006 profile planning index.
identity_only,cohort.foreign.state_banks,NONE,research_content,Typed structural and initialization contract.,Early-2006 profile planning index.
identity_only,facility.central_bank.swap_lines,NONE,research_content,Typed structural and initialization contract.,Early-2006 profile planning index.
identity_only,facility.fima_repo,NONE,research_content,Typed structural and initialization contract.,Early-2006 profile planning index.
identity_only,facility.us.federal_reserve.fima_repo,NONE,research_content,Typed structural and initialization contract.,Early-2006 profile planning index.
identity_only,facility.us.federal_reserve.rrp,NONE,research_content,Typed structural and initialization contract.,Early-2006 profile planning index.
identity_only,facility.us.federal_reserve.section_13_3,NONE,research_content,Typed structural and initialization contract.,Early-2006 profile planning index.
identity_only,federated.euro_area,NONE,research_content,Typed structural and initialization contract.,Early-2006 profile planning index.
identity_only,generator.chokepoint_blockage,NONE,research_content,Typed structural and initialization contract.,Early-2006 profile planning index.
identity_only,generator.cyber,NONE,research_content,Typed structural and initialization contract.,Early-2006 profile planning index.
identity_only,generator.drought,NONE,research_content,Typed structural and initialization contract.,Early-2006 profile planning index.
identity_only,generator.gaffe_leak,NONE,research_content,Typed structural and initialization contract.,Early-2006 profile planning index.
identity_only,generator.geological,NONE,research_content,Typed structural and initialization contract.,Early-2006 profile planning index.
identity_only,generator.outbreak,NONE,research_content,Typed structural and initialization contract.,Early-2006 profile planning index.
identity_only,generator.statistical_release_failure,NONE,research_content,Typed structural and initialization contract.,Early-2006 profile planning index.
identity_only,generator.technological_breakthrough,NONE,research_content,Typed structural and initialization contract.,Early-2006 profile planning index.
identity_only,generator.weather,NONE,research_content,Typed structural and initialization contract.,Early-2006 profile planning index.
identity_only,generator.wildfire,NONE,research_content,Typed structural and initialization contract.,Early-2006 profile planning index.
identity_only,household.us.cohorts,NONE,research_content,Typed structural and initialization contract.,Early-2006 profile planning index.
identity_only,inst.us.cme,NONE,research_content,Typed structural and initialization contract.,Early-2006 profile planning index.
identity_only,inst.us.federal_reserve.reserve_banks_other,NONE,research_content,Typed structural and initialization contract.,Early-2006 profile planning index.
identity_only,inst.us.systemically_important_banks,NONE,research_content,Typed structural and initialization contract.,Early-2006 profile planning index.
identity_only,institution.bis,NONE,research_content,Typed structural and initialization contract.,Early-2006 profile planning index.
identity_only,institution.imf,NONE,research_content,Typed structural and initialization contract.,Early-2006 profile planning index.
identity_only,institution.us.american.bankers.association,NONE,research_content,Typed structural and initialization contract.,Early-2006 profile planning index.
identity_only,institution.us.bank.policy.institute,NONE,research_content,Typed structural and initialization contract.,Early-2006 profile planning index.
identity_only,institution.us.chamber.of.commerce,NONE,research_content,Typed structural and initialization contract.,Early-2006 profile planning index.
identity_only,institution.us.community.reinvestment.advocates,NONE,research_content,Typed structural and initialization contract.,Early-2006 profile planning index.
identity_only,institution.us.consumer.finance.advocates,NONE,research_content,Typed structural and initialization contract.,Early-2006 profile planning index.
identity_only,institution.us.farm.bureau.analogue,NONE,research_content,Typed structural and initialization contract.,Early-2006 profile planning index.
identity_only,institution.us.homebuilders,NONE,research_content,Typed structural and initialization contract.,Early-2006 profile planning index.
identity_only,institution.us.independent.community.bankers,NONE,research_content,Typed structural and initialization contract.,Early-2006 profile planning index.
identity_only,institution.us.investment.company.institute.analogue,NONE,research_content,Typed structural and initialization contract.,Early-2006 profile planning index.
identity_only,institution.us.labor.federation,NONE,research_content,Typed structural and initialization contract.,Early-2006 profile planning index.
identity_only,institution.us.managed.funds.association,NONE,research_content,Typed structural and initialization contract.,Early-2006 profile planning index.
identity_only,institution.us.member.unions,NONE,research_content,Typed structural and initialization contract.,Early-2006 profile planning index.
identity_only,institution.us.mortgage.bankers,NONE,research_content,Typed structural and initialization contract.,Early-2006 profile planning index.
identity_only,institution.us.policy.institutes,NONE,research_content,Typed structural and initialization contract.,Early-2006 profile planning index.
identity_only,institution.us.realtors,NONE,research_content,Typed structural and initialization contract.,Early-2006 profile planning index.
identity_only,institution.us.retiree.association.aarp.analogue,NONE,research_content,Typed structural and initialization contract.,Early-2006 profile planning index.
identity_only,institution.us.securities.industry.association,NONE,research_content,Typed structural and initialization contract.,Early-2006 profile planning index.
identity_only,institution.us.small.business.federation,NONE,research_content,Typed structural and initialization contract.,Early-2006 profile planning index.
identity_only,institution.us.think.tanks,NONE,research_content,Typed structural and initialization contract.,Early-2006 profile planning index.
identity_only,instrument.cross_border.capital_controls,NONE,research_content,Typed structural and initialization contract.,Early-2006 profile planning index.
identity_only,legal.us.dodd_frank,NONE,research_content,Typed structural and initialization contract.,Early-2006 profile planning index.
identity_only,mechanism.us.chips,NONE,research_content,Typed structural and initialization contract.,Early-2006 profile planning index.
identity_only,mechanism.us.fedwire.funds,NONE,research_content,Typed structural and initialization contract.,Early-2006 profile planning index.
identity_only,mechanism.us.fedwire.securities,NONE,research_content,Typed structural and initialization contract.,Early-2006 profile planning index.
identity_only,mechanism.us.nss,NONE,research_content,Typed structural and initialization contract.,Early-2006 profile planning index.
identity_only,office.us.federal_reserve.division_director,NONE,research_content,Typed structural and initialization contract.,Early-2006 profile planning index.
identity_only,office.us.federal_reserve.ny_president,NONE,research_content,Typed structural and initialization contract.,Early-2006 profile planning index.
identity_only,office.us.federal_reserve.reserve_bank_president,NONE,research_content,Typed structural and initialization contract.,Early-2006 profile planning index.
identity_only,office.us.federal_reserve.vice_chair,NONE,research_content,Typed structural and initialization contract.,Early-2006 profile planning index.
identity_only,office.us.federal_reserve.vice_chair_supervision,NONE,research_content,Typed structural and initialization contract.,Early-2006 profile planning index.
identity_only,office.us.treasury.secretary,NONE,research_content,Typed structural and initialization contract.,Early-2006 profile planning index.
identity_only,organization.us.agricultural.producers,NONE,research_content,Typed structural and initialization contract.,Early-2006 profile planning index.
identity_only,organization.us.all.banks,NONE,research_content,Typed structural and initialization contract.,Early-2006 profile planning index.
identity_only,organization.us.asset.managers,NONE,research_content,Typed structural and initialization contract.,Early-2006 profile planning index.
identity_only,organization.us.business.generally,NONE,research_content,Typed structural and initialization contract.,Early-2006 profile planning index.
identity_only,organization.us.community.banks.credit.unions,NONE,research_content,Typed structural and initialization contract.,Early-2006 profile planning index.
identity_only,organization.us.dealers.market.makers,NONE,research_content,Typed structural and initialization contract.,Early-2006 profile planning index.
identity_only,organization.us.endowments,NONE,research_content,Typed structural and initialization contract.,Early-2006 profile planning index.
identity_only,organization.us.hedge.funds,NONE,research_content,Typed structural and initialization contract.,Early-2006 profile planning index.
identity_only,organization.us.homebuilders,NONE,research_content,Typed structural and initialization contract.,Early-2006 profile planning index.
identity_only,organization.us.insurers,NONE,research_content,Typed structural and initialization contract.,Early-2006 profile planning index.
identity_only,organization.us.large.banks,NONE,research_content,Typed structural and initialization contract.,Early-2006 profile planning index.
identity_only,organization.us.money.market.fund.complexes,NONE,research_content,Typed structural and initialization contract.,Early-2006 profile planning index.
identity_only,organization.us.money.market.mutual.funds,NONE,research_content,Typed structural and initialization contract.,Early-2006 profile planning index.
identity_only,organization.us.mortgage.originators,NONE,research_content,Typed structural and initialization contract.,Early-2006 profile planning index.
identity_only,organization.us.municipalities.by.rating.market.access,NONE,research_content,Typed structural and initialization contract.,Early-2006 profile planning index.
identity_only,organization.us.nonprimary.broker.dealers,NONE,research_content,Typed structural and initialization contract.,Early-2006 profile planning index.
identity_only,organization.us.nonprofits,NONE,research_content,Typed structural and initialization contract.,Early-2006 profile planning index.
identity_only,organization.us.payroll.intermediaries,NONE,research_content,Typed structural and initialization contract.,Early-2006 profile planning index.
identity_only,organization.us.pensions,NONE,research_content,Typed structural and initialization contract.,Early-2006 profile planning index.
identity_only,organization.us.real.estate.agents,NONE,research_content,Typed structural and initialization contract.,Early-2006 profile planning index.
identity_only,organization.us.regional.insurers,NONE,research_content,Typed structural and initialization contract.,Early-2006 profile planning index.
identity_only,organization.us.small.businesses,NONE,research_content,Typed structural and initialization contract.,Early-2006 profile planning index.
identity_only,organization.us.small.firms,NONE,research_content,Typed structural and initialization contract.,Early-2006 profile planning index.
identity_only,organization.us.small.hedge.funds,NONE,research_content,Typed structural and initialization contract.,Early-2006 profile planning index.
identity_only,person.cn.pboc_governor,NONE,research_content,Typed structural and initialization contract.,Early-2006 profile planning index.
identity_only,person.cn.safe_head,NONE,research_content,Typed structural and initialization contract.,Early-2006 profile planning index.
identity_only,person.cn.xi,NONE,research_content,Typed structural and initialization contract.,Early-2006 profile planning index.
identity_only,person.eu.ecb_president,NONE,research_content,Typed structural and initialization contract.,Early-2006 profile planning index.
identity_only,person.il.boi_governor,NONE,research_content,Typed structural and initialization contract.,Early-2006 profile planning index.
identity_only,person.il.prime_minister,NONE,research_content,Typed structural and initialization contract.,Early-2006 profile planning index.
identity_only,person.ir.central_bank_head,NONE,research_content,Typed structural and initialization contract.,Early-2006 profile planning index.
identity_only,person.ir.irgc_head,NONE,research_content,Typed structural and initialization contract.,Early-2006 profile planning index.
identity_only,person.ir.president,NONE,research_content,Typed structural and initialization contract.,Early-2006 profile planning index.
identity_only,person.ir.supreme_leader,NONE,research_content,Typed structural and initialization contract.,Early-2006 profile planning index.
identity_only,person.jp.boj_governor,NONE,research_content,Typed structural and initialization contract.,Early-2006 profile planning index.
identity_only,person.jp.mof_international_affairs_vice_minister,NONE,research_content,Typed structural and initialization contract.,Early-2006 profile planning index.
identity_only,person.sa.aramco_ceo,NONE,research_content,Typed structural and initialization contract.,Early-2006 profile planning index.
identity_only,person.sa.crown,NONE,research_content,Typed structural and initialization contract.,Early-2006 profile planning index.
identity_only,person.sa.pif_head,NONE,research_content,Typed structural and initialization contract.,Early-2006 profile planning index.
identity_only,person.sa.sama_governor,NONE,research_content,Typed structural and initialization contract.,Early-2006 profile planning index.
identity_only,person.uk.boe_governor,NONE,research_content,Typed structural and initialization contract.,Early-2006 profile planning index.
identity_only,person.uk.dmo_chief,NONE,research_content,Typed structural and initialization contract.,Early-2006 profile planning index.
identity_only,person.us.primary_dealer.rates_head,NONE,research_content,Typed structural and initialization contract.,Early-2006 profile planning index.
identity_only,person.us.treasury.secretary,NONE,research_content,Typed structural and initialization contract.,Early-2006 profile planning index.
identity_only,pop.us.affluent.homeowners,NONE,research_content,Typed structural and initialization contract.,Early-2006 profile planning index.
identity_only,pop.us.college.students,NONE,research_content,Typed structural and initialization contract.,Early-2006 profile planning index.
identity_only,pop.us.fixed.rate.homeowners.by.mortgage.vintage,NONE,research_content,Typed structural and initialization contract.,Early-2006 profile planning index.
identity_only,pop.us.fixed.rate.owners.low.mortgage.vintages,NONE,research_content,Typed structural and initialization contract.,Early-2006 profile planning index.
identity_only,pop.us.high.income.finance.professionals,NONE,research_content,Typed structural and initialization contract.,Early-2006 profile planning index.
identity_only,pop.us.high.income.professionals,NONE,research_content,Typed structural and initialization contract.,Early-2006 profile planning index.
identity_only,pop.us.leftist.male.college.students.georgia.tech,NONE,research_content,Typed structural and initialization contract.,Early-2006 profile planning index.
identity_only,pop.us.low.income.service.workers,NONE,research_content,Typed structural and initialization contract.,Early-2006 profile planning index.
identity_only,pop.us.low.income.underserved.borrowers,NONE,research_content,Typed structural and initialization contract.,Early-2006 profile planning index.
identity_only,pop.us.near.retirees,NONE,research_content,Typed structural and initialization contract.,Early-2006 profile planning index.
identity_only,pop.us.parents.paying.childcare,NONE,research_content,Typed structural and initialization contract.,Early-2006 profile planning index.
identity_only,pop.us.renters.supply.constrained.metros,NONE,research_content,Typed structural and initialization contract.,Early-2006 profile planning index.
identity_only,pop.us.retail.traders,NONE,research_content,Typed structural and initialization contract.,Early-2006 profile planning index.
identity_only,pop.us.retirees,NONE,research_content,Typed structural and initialization contract.,Early-2006 profile planning index.
identity_only,pop.us.small.business.owners,NONE,research_content,Typed structural and initialization contract.,Early-2006 profile planning index.
identity_only,pop.us.strategic.production.workers.fab.technicians,NONE,research_content,Typed structural and initialization contract.,Early-2006 profile planning index.
identity_only,pop.us.suburban.parents.childcare.costs,NONE,research_content,Typed structural and initialization contract.,Early-2006 profile planning index.
identity_only,pop.us.uninsured.depositors,NONE,research_content,Typed structural and initialization contract.,Early-2006 profile planning index.
identity_only,pop.us.workers.by.sector,NONE,research_content,Typed structural and initialization contract.,Early-2006 profile planning index.
identity_only,pop.us.young.renters,NONE,research_content,Typed structural and initialization contract.,Early-2006 profile planning index.
identity_only,population.us.person.cells,NONE,research_content,Typed structural and initialization contract.,Early-2006 profile planning index.
identity_only,process.climate_agriculture.regional,NONE,research_content,Typed structural and initialization contract.,Early-2006 profile planning index.
identity_only,process.epidemic,NONE,research_content,Typed structural and initialization contract.,Early-2006 profile planning index.
identity_only,process.war,NONE,research_content,Typed structural and initialization contract.,Early-2006 profile planning index.
identity_only,record.us.federal_reserve.analytical_task,NONE,research_content,Typed structural and initialization contract.,Early-2006 profile planning index.
identity_only,record.us.federal_reserve.assessment,NONE,research_content,Typed structural and initialization contract.,Early-2006 profile planning index.
identity_only,record.us.federal_reserve.case_file,NONE,research_content,Typed structural and initialization contract.,Early-2006 profile planning index.
identity_only,record.us.federal_reserve.chairmanship_program,NONE,research_content,Typed structural and initialization contract.,Early-2006 profile planning index.
identity_only,record.us.federal_reserve.discount_rate,NONE,research_content,Typed structural and initialization contract.,Early-2006 profile planning index.
identity_only,record.us.federal_reserve.institutional_project,NONE,research_content,Typed structural and initialization contract.,Early-2006 profile planning index.
identity_only,record.us.federal_reserve.iorb,NONE,research_content,Typed structural and initialization contract.,Early-2006 profile planning index.
identity_only,record.us.federal_reserve.legacy_dossier,NONE,research_content,Typed structural and initialization contract.,Early-2006 profile planning index.
identity_only,record.us.federal_reserve.target_range,NONE,research_content,Typed structural and initialization contract.,Early-2006 profile planning index.
identity_only,record.us.treasury.esf,NONE,research_content,Typed structural and initialization contract.,Early-2006 profile planning index.
identity_only,record.us.treasury.indemnification_13_3,NONE,research_content,Typed structural and initialization contract.,Early-2006 profile planning index.
identity_only,reference.unknown.move_index,NONE,research_content,Typed structural and initialization contract.,Early-2006 profile planning index.
identity_only,reference.unknown.vix,NONE,research_content,Typed structural and initialization contract.,Early-2006 profile planning index.
identity_only,reference.us.consumer_price_index,NONE,research_content,Typed structural and initialization contract.,Early-2006 profile planning index.
identity_only,reference.us.federal_reserve.effr,NONE,research_content,Typed structural and initialization contract.,Early-2006 profile planning index.
identity_only,reference.us.federal_reserve.obfr,NONE,research_content,Typed structural and initialization contract.,Early-2006 profile planning index.
identity_only,reference.us.personal_consumption_expenditures,NONE,research_content,Typed structural and initialization contract.,Early-2006 profile planning index.
identity_only,region.cn.aggregate,NONE,research_content,Typed structural and initialization contract.,Early-2006 profile planning index.
identity_only,region.cn.provinces,NONE,research_content,Typed structural and initialization contract.,Early-2006 profile planning index.
identity_only,region.hormuz,NONE,research_content,Typed structural and initialization contract.,Early-2006 profile planning index.
identity_only,region.middle_east.gulf,NONE,research_content,Typed structural and initialization contract.,Early-2006 profile planning index.
identity_only,region.panama,NONE,research_content,Typed structural and initialization contract.,Early-2006 profile planning index.
identity_only,region.suez,NONE,research_content,Typed structural and initialization contract.,Early-2006 profile planning index.
identity_only,region.taiwan_strait,NONE,research_content,Typed structural and initialization contract.,Early-2006 profile planning index.
identity_only,region.us.aggregate,NONE,research_content,Typed structural and initialization contract.,Early-2006 profile planning index.
identity_only,region.us.census_divisions,NONE,research_content,Typed structural and initialization contract.,Early-2006 profile planning index.
identity_only,region.us.federal_reserve_districts,NONE,research_content,Typed structural and initialization contract.,Early-2006 profile planning index.
identity_only,region.us.metros,NONE,research_content,Typed structural and initialization contract.,Early-2006 profile planning index.
identity_only,region.us.states,NONE,research_content,Typed structural and initialization contract.,Early-2006 profile planning index.
identity_only,scheduled_process.unknown.call_report_calendar,NONE,research_content,Typed structural and initialization contract.,Early-2006 profile planning index.
identity_only,sovereign.china,NONE,research_content,Typed structural and initialization contract.,Early-2006 profile planning index.
identity_only,sovereign.france,NONE,research_content,Typed structural and initialization contract.,Early-2006 profile planning index.
identity_only,sovereign.germany,NONE,research_content,Typed structural and initialization contract.,Early-2006 profile planning index.
identity_only,sovereign.iran,NONE,research_content,Typed structural and initialization contract.,Early-2006 profile planning index.
identity_only,sovereign.israel,NONE,research_content,Typed structural and initialization contract.,Early-2006 profile planning index.
identity_only,sovereign.italy,NONE,research_content,Typed structural and initialization contract.,Early-2006 profile planning index.
identity_only,sovereign.japan,NONE,research_content,Typed structural and initialization contract.,Early-2006 profile planning index.
identity_only,sovereign.qatar,NONE,research_content,Typed structural and initialization contract.,Early-2006 profile planning index.
identity_only,sovereign.russia,NONE,research_content,Typed structural and initialization contract.,Early-2006 profile planning index.
identity_only,sovereign.saudi_arabia,NONE,research_content,Typed structural and initialization contract.,Early-2006 profile planning index.
identity_only,sovereign.singapore,NONE,research_content,Typed structural and initialization contract.,Early-2006 profile planning index.
identity_only,sovereign.uae,NONE,research_content,Typed structural and initialization contract.,Early-2006 profile planning index.
identity_only,sovereign.united_kingdom,NONE,research_content,Typed structural and initialization contract.,Early-2006 profile planning index.
identity_only,staff.us.federal_reserve.communications,NONE,research_content,Typed structural and initialization contract.,Early-2006 profile planning index.
identity_only,staff.us.federal_reserve.financial_stability,NONE,research_content,Typed structural and initialization contract.,Early-2006 profile planning index.
identity_only,staff.us.federal_reserve.international,NONE,research_content,Typed structural and initialization contract.,Early-2006 profile planning index.
identity_only,staff.us.federal_reserve.legal,NONE,research_content,Typed structural and initialization contract.,Early-2006 profile planning index.
identity_only,staff.us.federal_reserve.markets,NONE,research_content,Typed structural and initialization contract.,Early-2006 profile planning index.
identity_only,staff.us.federal_reserve.monetary_affairs,NONE,research_content,Typed structural and initialization contract.,Early-2006 profile planning index.
identity_only,staff.us.federal_reserve.research,NONE,research_content,Typed structural and initialization contract.,Early-2006 profile planning index.
identity_only,staff.us.federal_reserve.supervision,NONE,research_content,Typed structural and initialization contract.,Early-2006 profile planning index.
identity_only,staff.us.treasury.debt_management,NONE,research_content,Typed structural and initialization contract.,Early-2006 profile planning index.
identity_only,staff.us.treasury.ofr,NONE,research_content,Typed structural and initialization contract.,Early-2006 profile planning index.
identity_only,stateful.us.treasury.duration_supply,NONE,research_content,Typed structural and initialization contract.,Early-2006 profile planning index.
owned_state,UNKNOWN,state.external_region.aggregated_europe.commodities,state_transition,"Source-backed transition, witness, owner, and conserved unit.",04-design-discussion-minimum-simulation-kernel.md:819-837;05-design-discussion-representation-bible.md:678-690;05-design-discussion-representation-bible.md:737-771
owned_state,UNKNOWN,state.external_region.aggregated_europe.currency,state_transition,"Source-backed transition, witness, owner, and conserved unit.",04-design-discussion-minimum-simulation-kernel.md:819-837;05-design-discussion-representation-bible.md:678-690;05-design-discussion-representation-bible.md:737-771
owned_state,UNKNOWN,state.external_region.aggregated_europe.dollar_funding,state_transition,"Source-backed transition, witness, owner, and conserved unit.",04-design-discussion-minimum-simulation-kernel.md:819-837;05-design-discussion-representation-bible.md:678-690;05-design-discussion-representation-bible.md:737-771
owned_state,UNKNOWN,state.external_region.aggregated_europe.financial_stress,state_transition,"Source-backed transition, witness, owner, and conserved unit.",04-design-discussion-minimum-simulation-kernel.md:819-837;05-design-discussion-representation-bible.md:678-690;05-design-discussion-representation-bible.md:737-771
owned_state,UNKNOWN,state.external_region.aggregated_europe.growth_demand,state_transition,"Source-backed transition, witness, owner, and conserved unit.",04-design-discussion-minimum-simulation-kernel.md:819-837;05-design-discussion-representation-bible.md:678-690;05-design-discussion-representation-bible.md:737-771
owned_state,UNKNOWN,state.external_region.aggregated_europe.policy_stance,state_transition,"Source-backed transition, witness, owner, and conserved unit.",04-design-discussion-minimum-simulation-kernel.md:819-837;05-design-discussion-representation-bible.md:678-690;05-design-discussion-representation-bible.md:737-771
owned_state,UNKNOWN,state.external_region.aggregated_europe.reserves,state_transition,"Source-backed transition, witness, owner, and conserved unit.",04-design-discussion-minimum-simulation-kernel.md:819-837;05-design-discussion-representation-bible.md:678-690;05-design-discussion-representation-bible.md:737-771
owned_state,UNKNOWN,state.external_region.aggregated_europe.trade,state_transition,"Source-backed transition, witness, owner, and conserved unit.",04-design-discussion-minimum-simulation-kernel.md:819-837;05-design-discussion-representation-bible.md:678-690;05-design-discussion-representation-bible.md:737-771
owned_state,UNKNOWN,state.external_region.central_africa.commodities,state_transition,"Source-backed transition, witness, owner, and conserved unit.",04-design-discussion-minimum-simulation-kernel.md:819-837;05-design-discussion-representation-bible.md:678-690;05-design-discussion-representation-bible.md:737-771
owned_state,UNKNOWN,state.external_region.central_africa.currency,state_transition,"Source-backed transition, witness, owner, and conserved unit.",04-design-discussion-minimum-simulation-kernel.md:819-837;05-design-discussion-representation-bible.md:678-690;05-design-discussion-representation-bible.md:737-771
owned_state,UNKNOWN,state.external_region.central_africa.dollar_funding,state_transition,"Source-backed transition, witness, owner, and conserved unit.",04-design-discussion-minimum-simulation-kernel.md:819-837;05-design-discussion-representation-bible.md:678-690;05-design-discussion-representation-bible.md:737-771
owned_state,UNKNOWN,state.external_region.central_africa.financial_stress,state_transition,"Source-backed transition, witness, owner, and conserved unit.",04-design-discussion-minimum-simulation-kernel.md:819-837;05-design-discussion-representation-bible.md:678-690;05-design-discussion-representation-bible.md:737-771
owned_state,UNKNOWN,state.external_region.central_africa.growth_demand,state_transition,"Source-backed transition, witness, owner, and conserved unit.",04-design-discussion-minimum-simulation-kernel.md:819-837;05-design-discussion-representation-bible.md:678-690;05-design-discussion-representation-bible.md:737-771
owned_state,UNKNOWN,state.external_region.central_africa.policy_stance,state_transition,"Source-backed transition, witness, owner, and conserved unit.",04-design-discussion-minimum-simulation-kernel.md:819-837;05-design-discussion-representation-bible.md:678-690;05-design-discussion-representation-bible.md:737-771
owned_state,UNKNOWN,state.external_region.central_africa.reserves,state_transition,"Source-backed transition, witness, owner, and conserved unit.",04-design-discussion-minimum-simulation-kernel.md:819-837;05-design-discussion-representation-bible.md:678-690;05-design-discussion-representation-bible.md:737-771
owned_state,UNKNOWN,state.external_region.central_africa.trade,state_transition,"Source-backed transition, witness, owner, and conserved unit.",04-design-discussion-minimum-simulation-kernel.md:819-837;05-design-discussion-representation-bible.md:678-690;05-design-discussion-representation-bible.md:737-771
owned_state,UNKNOWN,state.external_region.east_asia.commodities,state_transition,"Source-backed transition, witness, owner, and conserved unit.",04-design-discussion-minimum-simulation-kernel.md:819-837;05-design-discussion-representation-bible.md:678-690;05-design-discussion-representation-bible.md:737-771
owned_state,UNKNOWN,state.external_region.east_asia.currency,state_transition,"Source-backed transition, witness, owner, and conserved unit.",04-design-discussion-minimum-simulation-kernel.md:819-837;05-design-discussion-representation-bible.md:678-690;05-design-discussion-representation-bible.md:737-771
owned_state,UNKNOWN,state.external_region.east_asia.dollar_funding,state_transition,"Source-backed transition, witness, owner, and conserved unit.",04-design-discussion-minimum-simulation-kernel.md:819-837;05-design-discussion-representation-bible.md:678-690;05-design-discussion-representation-bible.md:737-771
owned_state,UNKNOWN,state.external_region.east_asia.financial_stress,state_transition,"Source-backed transition, witness, owner, and conserved unit.",04-design-discussion-minimum-simulation-kernel.md:819-837;05-design-discussion-representation-bible.md:678-690;05-design-discussion-representation-bible.md:737-771
owned_state,UNKNOWN,state.external_region.east_asia.growth_demand,state_transition,"Source-backed transition, witness, owner, and conserved unit.",04-design-discussion-minimum-simulation-kernel.md:819-837;05-design-discussion-representation-bible.md:678-690;05-design-discussion-representation-bible.md:737-771
owned_state,UNKNOWN,state.external_region.east_asia.policy_stance,state_transition,"Source-backed transition, witness, owner, and conserved unit.",04-design-discussion-minimum-simulation-kernel.md:819-837;05-design-discussion-representation-bible.md:678-690;05-design-discussion-representation-bible.md:737-771
owned_state,UNKNOWN,state.external_region.east_asia.reserves,state_transition,"Source-backed transition, witness, owner, and conserved unit.",04-design-discussion-minimum-simulation-kernel.md:819-837;05-design-discussion-representation-bible.md:678-690;05-design-discussion-representation-bible.md:737-771
owned_state,UNKNOWN,state.external_region.east_asia.trade,state_transition,"Source-backed transition, witness, owner, and conserved unit.",04-design-discussion-minimum-simulation-kernel.md:819-837;05-design-discussion-representation-bible.md:678-690;05-design-discussion-representation-bible.md:737-771
owned_state,UNKNOWN,state.external_region.eastern_europe.commodities,state_transition,"Source-backed transition, witness, owner, and conserved unit.",04-design-discussion-minimum-simulation-kernel.md:819-837;05-design-discussion-representation-bible.md:678-690;05-design-discussion-representation-bible.md:737-771
owned_state,UNKNOWN,state.external_region.eastern_europe.currency,state_transition,"Source-backed transition, witness, owner, and conserved unit.",04-design-discussion-minimum-simulation-kernel.md:819-837;05-design-discussion-representation-bible.md:678-690;05-design-discussion-representation-bible.md:737-771
owned_state,UNKNOWN,state.external_region.eastern_europe.dollar_funding,state_transition,"Source-backed transition, witness, owner, and conserved unit.",04-design-discussion-minimum-simulation-kernel.md:819-837;05-design-discussion-representation-bible.md:678-690;05-design-discussion-representation-bible.md:737-771
owned_state,UNKNOWN,state.external_region.eastern_europe.financial_stress,state_transition,"Source-backed transition, witness, owner, and conserved unit.",04-design-discussion-minimum-simulation-kernel.md:819-837;05-design-discussion-representation-bible.md:678-690;05-design-discussion-representation-bible.md:737-771
owned_state,UNKNOWN,state.external_region.eastern_europe.growth_demand,state_transition,"Source-backed transition, witness, owner, and conserved unit.",04-design-discussion-minimum-simulation-kernel.md:819-837;05-design-discussion-representation-bible.md:678-690;05-design-discussion-representation-bible.md:737-771
owned_state,UNKNOWN,state.external_region.eastern_europe.policy_stance,state_transition,"Source-backed transition, witness, owner, and conserved unit.",04-design-discussion-minimum-simulation-kernel.md:819-837;05-design-discussion-representation-bible.md:678-690;05-design-discussion-representation-bible.md:737-771
owned_state,UNKNOWN,state.external_region.eastern_europe.reserves,state_transition,"Source-backed transition, witness, owner, and conserved unit.",04-design-discussion-minimum-simulation-kernel.md:819-837;05-design-discussion-representation-bible.md:678-690;05-design-discussion-representation-bible.md:737-771
owned_state,UNKNOWN,state.external_region.eastern_europe.trade,state_transition,"Source-backed transition, witness, owner, and conserved unit.",04-design-discussion-minimum-simulation-kernel.md:819-837;05-design-discussion-representation-bible.md:678-690;05-design-discussion-representation-bible.md:737-771
owned_state,UNKNOWN,state.external_region.gulf.commodities,state_transition,"Source-backed transition, witness, owner, and conserved unit.",04-design-discussion-minimum-simulation-kernel.md:819-837;05-design-discussion-representation-bible.md:678-690;05-design-discussion-representation-bible.md:737-771
owned_state,UNKNOWN,state.external_region.gulf.currency,state_transition,"Source-backed transition, witness, owner, and conserved unit.",04-design-discussion-minimum-simulation-kernel.md:819-837;05-design-discussion-representation-bible.md:678-690;05-design-discussion-representation-bible.md:737-771
owned_state,UNKNOWN,state.external_region.gulf.dollar_funding,state_transition,"Source-backed transition, witness, owner, and conserved unit.",04-design-discussion-minimum-simulation-kernel.md:819-837;05-design-discussion-representation-bible.md:678-690;05-design-discussion-representation-bible.md:737-771
owned_state,UNKNOWN,state.external_region.gulf.financial_stress,state_transition,"Source-backed transition, witness, owner, and conserved unit.",04-design-discussion-minimum-simulation-kernel.md:819-837;05-design-discussion-representation-bible.md:678-690;05-design-discussion-representation-bible.md:737-771
owned_state,UNKNOWN,state.external_region.gulf.growth_demand,state_transition,"Source-backed transition, witness, owner, and conserved unit.",04-design-discussion-minimum-simulation-kernel.md:819-837;05-design-discussion-representation-bible.md:678-690;05-design-discussion-representation-bible.md:737-771
owned_state,UNKNOWN,state.external_region.gulf.policy_stance,state_transition,"Source-backed transition, witness, owner, and conserved unit.",04-design-discussion-minimum-simulation-kernel.md:819-837;05-design-discussion-representation-bible.md:678-690;05-design-discussion-representation-bible.md:737-771
owned_state,UNKNOWN,state.external_region.gulf.reserves,state_transition,"Source-backed transition, witness, owner, and conserved unit.",04-design-discussion-minimum-simulation-kernel.md:819-837;05-design-discussion-representation-bible.md:678-690;05-design-discussion-representation-bible.md:737-771
owned_state,UNKNOWN,state.external_region.gulf.trade,state_transition,"Source-backed transition, witness, owner, and conserved unit.",04-design-discussion-minimum-simulation-kernel.md:819-837;05-design-discussion-representation-bible.md:678-690;05-design-discussion-representation-bible.md:737-771
owned_state,UNKNOWN,state.external_region.latin_america.commodities,state_transition,"Source-backed transition, witness, owner, and conserved unit.",04-design-discussion-minimum-simulation-kernel.md:819-837;05-design-discussion-representation-bible.md:678-690;05-design-discussion-representation-bible.md:737-771
owned_state,UNKNOWN,state.external_region.latin_america.currency,state_transition,"Source-backed transition, witness, owner, and conserved unit.",04-design-discussion-minimum-simulation-kernel.md:819-837;05-design-discussion-representation-bible.md:678-690;05-design-discussion-representation-bible.md:737-771
owned_state,UNKNOWN,state.external_region.latin_america.dollar_funding,state_transition,"Source-backed transition, witness, owner, and conserved unit.",04-design-discussion-minimum-simulation-kernel.md:819-837;05-design-discussion-representation-bible.md:678-690;05-design-discussion-representation-bible.md:737-771
owned_state,UNKNOWN,state.external_region.latin_america.financial_stress,state_transition,"Source-backed transition, witness, owner, and conserved unit.",04-design-discussion-minimum-simulation-kernel.md:819-837;05-design-discussion-representation-bible.md:678-690;05-design-discussion-representation-bible.md:737-771
owned_state,UNKNOWN,state.external_region.latin_america.growth_demand,state_transition,"Source-backed transition, witness, owner, and conserved unit.",04-design-discussion-minimum-simulation-kernel.md:819-837;05-design-discussion-representation-bible.md:678-690;05-design-discussion-representation-bible.md:737-771
owned_state,UNKNOWN,state.external_region.latin_america.policy_stance,state_transition,"Source-backed transition, witness, owner, and conserved unit.",04-design-discussion-minimum-simulation-kernel.md:819-837;05-design-discussion-representation-bible.md:678-690;05-design-discussion-representation-bible.md:737-771
owned_state,UNKNOWN,state.external_region.latin_america.reserves,state_transition,"Source-backed transition, witness, owner, and conserved unit.",04-design-discussion-minimum-simulation-kernel.md:819-837;05-design-discussion-representation-bible.md:678-690;05-design-discussion-representation-bible.md:737-771
owned_state,UNKNOWN,state.external_region.latin_america.trade,state_transition,"Source-backed transition, witness, owner, and conserved unit.",04-design-discussion-minimum-simulation-kernel.md:819-837;05-design-discussion-representation-bible.md:678-690;05-design-discussion-representation-bible.md:737-771
owned_state,UNKNOWN,state.external_region.middle_east.commodities,state_transition,"Source-backed transition, witness, owner, and conserved unit.",04-design-discussion-minimum-simulation-kernel.md:819-837;05-design-discussion-representation-bible.md:678-690;05-design-discussion-representation-bible.md:737-771
owned_state,UNKNOWN,state.external_region.middle_east.currency,state_transition,"Source-backed transition, witness, owner, and conserved unit.",04-design-discussion-minimum-simulation-kernel.md:819-837;05-design-discussion-representation-bible.md:678-690;05-design-discussion-representation-bible.md:737-771
owned_state,UNKNOWN,state.external_region.middle_east.dollar_funding,state_transition,"Source-backed transition, witness, owner, and conserved unit.",04-design-discussion-minimum-simulation-kernel.md:819-837;05-design-discussion-representation-bible.md:678-690;05-design-discussion-representation-bible.md:737-771
owned_state,UNKNOWN,state.external_region.middle_east.financial_stress,state_transition,"Source-backed transition, witness, owner, and conserved unit.",04-design-discussion-minimum-simulation-kernel.md:819-837;05-design-discussion-representation-bible.md:678-690;05-design-discussion-representation-bible.md:737-771
owned_state,UNKNOWN,state.external_region.middle_east.growth_demand,state_transition,"Source-backed transition, witness, owner, and conserved unit.",04-design-discussion-minimum-simulation-kernel.md:819-837;05-design-discussion-representation-bible.md:678-690;05-design-discussion-representation-bible.md:737-771
owned_state,UNKNOWN,state.external_region.middle_east.policy_stance,state_transition,"Source-backed transition, witness, owner, and conserved unit.",04-design-discussion-minimum-simulation-kernel.md:819-837;05-design-discussion-representation-bible.md:678-690;05-design-discussion-representation-bible.md:737-771
owned_state,UNKNOWN,state.external_region.middle_east.reserves,state_transition,"Source-backed transition, witness, owner, and conserved unit.",04-design-discussion-minimum-simulation-kernel.md:819-837;05-design-discussion-representation-bible.md:678-690;05-design-discussion-representation-bible.md:737-771
owned_state,UNKNOWN,state.external_region.middle_east.trade,state_transition,"Source-backed transition, witness, owner, and conserved unit.",04-design-discussion-minimum-simulation-kernel.md:819-837;05-design-discussion-representation-bible.md:678-690;05-design-discussion-representation-bible.md:737-771
owned_state,UNKNOWN,state.external_region.southeast_asia.commodities,state_transition,"Source-backed transition, witness, owner, and conserved unit.",04-design-discussion-minimum-simulation-kernel.md:819-837;05-design-discussion-representation-bible.md:678-690;05-design-discussion-representation-bible.md:737-771
owned_state,UNKNOWN,state.external_region.southeast_asia.currency,state_transition,"Source-backed transition, witness, owner, and conserved unit.",04-design-discussion-minimum-simulation-kernel.md:819-837;05-design-discussion-representation-bible.md:678-690;05-design-discussion-representation-bible.md:737-771
owned_state,UNKNOWN,state.external_region.southeast_asia.dollar_funding,state_transition,"Source-backed transition, witness, owner, and conserved unit.",04-design-discussion-minimum-simulation-kernel.md:819-837;05-design-discussion-representation-bible.md:678-690;05-design-discussion-representation-bible.md:737-771
owned_state,UNKNOWN,state.external_region.southeast_asia.financial_stress,state_transition,"Source-backed transition, witness, owner, and conserved unit.",04-design-discussion-minimum-simulation-kernel.md:819-837;05-design-discussion-representation-bible.md:678-690;05-design-discussion-representation-bible.md:737-771
owned_state,UNKNOWN,state.external_region.southeast_asia.growth_demand,state_transition,"Source-backed transition, witness, owner, and conserved unit.",04-design-discussion-minimum-simulation-kernel.md:819-837;05-design-discussion-representation-bible.md:678-690;05-design-discussion-representation-bible.md:737-771
owned_state,UNKNOWN,state.external_region.southeast_asia.policy_stance,state_transition,"Source-backed transition, witness, owner, and conserved unit.",04-design-discussion-minimum-simulation-kernel.md:819-837;05-design-discussion-representation-bible.md:678-690;05-design-discussion-representation-bible.md:737-771
owned_state,UNKNOWN,state.external_region.southeast_asia.reserves,state_transition,"Source-backed transition, witness, owner, and conserved unit.",04-design-discussion-minimum-simulation-kernel.md:819-837;05-design-discussion-representation-bible.md:678-690;05-design-discussion-representation-bible.md:737-771
owned_state,UNKNOWN,state.external_region.southeast_asia.trade,state_transition,"Source-backed transition, witness, owner, and conserved unit.",04-design-discussion-minimum-simulation-kernel.md:819-837;05-design-discussion-representation-bible.md:678-690;05-design-discussion-representation-bible.md:737-771
owned_state,adapter.input.amazon_basin.feed_grain,account.amazon_feed.external_source,state_transition,"Source-backed transition, witness, owner, and conserved unit.",06-design-discussion-representation-catalog.md:608
owned_state,adapter.input.amazon_basin.feed_grain,inventory.amazon_feed.feed_grain,state_transition,"Source-backed transition, witness, owner, and conserved unit.",06-design-discussion-representation-catalog.md:608
owned_state,adapter.real.us.construction_inputs,account.us_construction.external,state_transition,"Source-backed transition, witness, owner, and conserved unit.",06-design-discussion-representation-catalog.md:618
owned_state,adapter.real.us.construction_inputs,state.us_construction.lumber_allocation,state_transition,"Source-backed transition, witness, owner, and conserved unit.",06-design-discussion-representation-catalog.md:618
owned_state,adapter.real.us.food_baskets,account.us_food.external,state_transition,"Source-backed transition, witness, owner, and conserved unit.",06-design-discussion-representation-catalog.md:619
owned_state,adapter.real.us.food_baskets,state.us_food.pork_allocation,state_transition,"Source-backed transition, witness, owner, and conserved unit.",06-design-discussion-representation-catalog.md:619
owned_state,adapter.real.us.food_baskets,state.us_food.roasted_coffee_allocation,state_transition,"Source-backed transition, witness, owner, and conserved unit.",06-design-discussion-representation-catalog.md:619
owned_state,agreement.us.repo.bilateral,state.repo.contract_terms,state_transition,"Source-backed transition, witness, owner, and conserved unit.",06-design-discussion-representation-catalog.md:335;06-design-discussion-representation-catalog.md:1182
owned_state,agreement.us.repo.bilateral,state.repo.exposure_index,state_transition,"Source-backed transition, witness, owner, and conserved unit.",06-design-discussion-representation-catalog.md:335
owned_state,body.il.cabinet,state.il.cabinet.policy_stance,state_transition,"Source-backed transition, witness, owner, and conserved unit.",04-design-discussion-minimum-simulation-kernel.md:819-837;05-design-discussion-representation-bible.md:678-690;05-design-discussion-representation-bible.md:737-771
owned_state,body.il.cabinet,state.il.cabinet.trade,state_transition,"Source-backed transition, witness, owner, and conserved unit.",04-design-discussion-minimum-simulation-kernel.md:819-837;05-design-discussion-representation-bible.md:678-690;05-design-discussion-representation-bible.md:737-771
owned_state,cohort.eu.exposed_banks,state.eu.exposed_banks.dollar_funding,state_transition,"Source-backed transition, witness, owner, and conserved unit.",04-design-discussion-minimum-simulation-kernel.md:819-837;05-design-discussion-representation-bible.md:678-690;05-design-discussion-representation-bible.md:737-771
owned_state,cohort.eu.exposed_banks,state.eu.exposed_banks.financial_stress,state_transition,"Source-backed transition, witness, owner, and conserved unit.",04-design-discussion-minimum-simulation-kernel.md:819-837;05-design-discussion-representation-bible.md:678-690;05-design-discussion-representation-bible.md:737-771
owned_state,cohort.jp.banks,state.jp.banks.dollar_funding,state_transition,"Source-backed transition, witness, owner, and conserved unit.",04-design-discussion-minimum-simulation-kernel.md:819-837;05-design-discussion-representation-bible.md:678-690;05-design-discussion-representation-bible.md:737-771
owned_state,cohort.jp.banks,state.jp.banks.financial_stress,state_transition,"Source-backed transition, witness, owner, and conserved unit.",04-design-discussion-minimum-simulation-kernel.md:819-837;05-design-discussion-representation-bible.md:678-690;05-design-discussion-representation-bible.md:737-771
owned_state,cohort.jp.insurers,state.jp.insurers.financial_stress,state_transition,"Source-backed transition, witness, owner, and conserved unit.",04-design-discussion-minimum-simulation-kernel.md:819-837;05-design-discussion-representation-bible.md:678-690;05-design-discussion-representation-bible.md:737-771
owned_state,cohort.jp.insurers,state.jp.insurers.reserves,state_transition,"Source-backed transition, witness, owner, and conserved unit.",04-design-discussion-minimum-simulation-kernel.md:819-837;05-design-discussion-representation-bible.md:678-690;05-design-discussion-representation-bible.md:737-771
owned_state,cohort.jp.pensions,state.jp.pensions.financial_stress,state_transition,"Source-backed transition, witness, owner, and conserved unit.",04-design-discussion-minimum-simulation-kernel.md:819-837;05-design-discussion-representation-bible.md:678-690;05-design-discussion-representation-bible.md:737-771
owned_state,cohort.jp.pensions,state.jp.pensions.reserves,state_transition,"Source-backed transition, witness, owner, and conserved unit.",04-design-discussion-minimum-simulation-kernel.md:819-837;05-design-discussion-representation-bible.md:678-690;05-design-discussion-representation-bible.md:737-771
owned_state,cohort.ru.energy_firms,state.ru.energy_firms.commodities,state_transition,"Source-backed transition, witness, owner, and conserved unit.",04-design-discussion-minimum-simulation-kernel.md:819-837;05-design-discussion-representation-bible.md:678-690;05-design-discussion-representation-bible.md:737-771
owned_state,cohort.ru.energy_firms,state.ru.energy_firms.trade,state_transition,"Source-backed transition, witness, owner, and conserved unit.",04-design-discussion-minimum-simulation-kernel.md:819-837;05-design-discussion-representation-bible.md:678-690;05-design-discussion-representation-bible.md:737-771
owned_state,cohort.sg.dollar_funding_banks,state.sg.dollar_funding_banks.dollar_funding,state_transition,"Source-backed transition, witness, owner, and conserved unit.",04-design-discussion-minimum-simulation-kernel.md:819-837;05-design-discussion-representation-bible.md:678-690;05-design-discussion-representation-bible.md:737-771
owned_state,cohort.sg.dollar_funding_banks,state.sg.dollar_funding_banks.financial_stress,state_transition,"Source-backed transition, witness, owner, and conserved unit.",04-design-discussion-minimum-simulation-kernel.md:819-837;05-design-discussion-representation-bible.md:678-690;05-design-discussion-representation-bible.md:737-771
owned_state,cohort.uk.pensions,state.uk.pensions.dollar_funding,state_transition,"Source-backed transition, witness, owner, and conserved unit.",04-design-discussion-minimum-simulation-kernel.md:819-837;05-design-discussion-representation-bible.md:678-690;05-design-discussion-representation-bible.md:737-771
owned_state,cohort.uk.pensions,state.uk.pensions.financial_stress,state_transition,"Source-backed transition, witness, owner, and conserved unit.",04-design-discussion-minimum-simulation-kernel.md:819-837;05-design-discussion-representation-bible.md:678-690;05-design-discussion-representation-bible.md:737-771
owned_state,facility.us.federal_reserve.srf,state.srf.readiness,state_transition,"Source-backed transition, witness, owner, and conserved unit.",06-design-discussion-representation-catalog.md:1013-1015
owned_state,facility.us.federal_reserve.srf,state.srf.take_up,state_transition,"Source-backed transition, witness, owner, and conserved unit.",06-design-discussion-representation-catalog.md:1005-1016
owned_state,facility.us.federal_reserve.srf,state.srf.terms,state_transition,"Source-backed transition, witness, owner, and conserved unit.",06-design-discussion-representation-catalog.md:1005-1016
owned_state,federation.us.federal_reserve,state.federal_reserve.consolidated_projection,state_transition,"Source-backed transition, witness, owner, and conserved unit.",06-design-discussion-representation-catalog.md:269;06-design-discussion-representation-catalog.md:960
owned_state,firm.sa.saudi_aramco,state.sa.saudi_aramco.commodities,state_transition,"Source-backed transition, witness, owner, and conserved unit.",04-design-discussion-minimum-simulation-kernel.md:819-837;05-design-discussion-representation-bible.md:678-690;05-design-discussion-representation-bible.md:737-771
owned_state,firm.sa.saudi_aramco,state.sa.saudi_aramco.trade,state_transition,"Source-backed transition, witness, owner, and conserved unit.",04-design-discussion-minimum-simulation-kernel.md:819-837;05-design-discussion-representation-bible.md:678-690;05-design-discussion-representation-bible.md:737-771
owned_state,industry.amazon_basin.coffee,account.amazon_coffee.finance,state_transition,"Source-backed transition, witness, owner, and conserved unit.",06-design-discussion-representation-catalog.md:607
owned_state,industry.amazon_basin.coffee,inventory.amazon_coffee.green_coffee,state_transition,"Source-backed transition, witness, owner, and conserved unit.",06-design-discussion-representation-catalog.md:607
owned_state,industry.amazon_basin.coffee,state.amazon_coffee.capacity,state_transition,"Source-backed transition, witness, owner, and conserved unit.",06-design-discussion-representation-catalog.md:607
owned_state,industry.amazon_basin.coffee,state.amazon_coffee.crop,state_transition,"Source-backed transition, witness, owner, and conserved unit.",06-design-discussion-representation-catalog.md:607
owned_state,industry.amazon_basin.coffee,state.amazon_coffee.employment,state_transition,"Source-backed transition, witness, owner, and conserved unit.",06-design-discussion-representation-catalog.md:607
owned_state,industry.amazon_basin.forestry,account.amazon_forestry.finance,state_transition,"Source-backed transition, witness, owner, and conserved unit.",06-design-discussion-representation-catalog.md:606
owned_state,industry.amazon_basin.forestry,inventory.amazon_forestry.timber,state_transition,"Source-backed transition, witness, owner, and conserved unit.",06-design-discussion-representation-catalog.md:606
owned_state,industry.amazon_basin.forestry,state.amazon_forestry.capacity,state_transition,"Source-backed transition, witness, owner, and conserved unit.",06-design-discussion-representation-catalog.md:606
owned_state,industry.amazon_basin.forestry,state.amazon_forestry.employment,state_transition,"Source-backed transition, witness, owner, and conserved unit.",06-design-discussion-representation-catalog.md:606
owned_state,industry.amazon_basin.pork,account.amazon_hogs.finance,state_transition,"Source-backed transition, witness, owner, and conserved unit.",06-design-discussion-representation-catalog.md:609
owned_state,industry.amazon_basin.pork,inventory.amazon_hogs.feed_grain,state_transition,"Source-backed transition, witness, owner, and conserved unit.",06-design-discussion-representation-catalog.md:609
owned_state,industry.amazon_basin.pork,inventory.amazon_hogs.live_hogs,state_transition,"Source-backed transition, witness, owner, and conserved unit.",06-design-discussion-representation-catalog.md:609
owned_state,industry.amazon_basin.pork,state.amazon_hogs.capacity,state_transition,"Source-backed transition, witness, owner, and conserved unit.",06-design-discussion-representation-catalog.md:609
owned_state,industry.amazon_basin.pork,state.amazon_hogs.employment,state_transition,"Source-backed transition, witness, owner, and conserved unit.",06-design-discussion-representation-catalog.md:609
owned_state,industry.amazon_basin.pork,state.amazon_hogs.health,state_transition,"Source-backed transition, witness, owner, and conserved unit.",06-design-discussion-representation-catalog.md:609
owned_state,industry.amazon_basin.pork,state.amazon_hogs.water_access,state_transition,"Source-backed transition, witness, owner, and conserved unit.",06-design-discussion-representation-catalog.md:609
owned_state,inst.us.treasury,state.treasury.cash_balance,state_transition,"Source-backed transition, witness, owner, and conserved unit.",04-design-discussion-minimum-simulation-kernel.md:215;04-design-discussion-minimum-simulation-kernel.md:717
owned_state,inst.us.treasury,state.treasury.issuance_schedule,state_transition,"Source-backed transition, witness, owner, and conserved unit.",04-design-discussion-minimum-simulation-kernel.md:215
owned_state,inst.us.treasury,state.treasury.outstanding_debt,state_transition,"Source-backed transition, witness, owner, and conserved unit.",04-design-discussion-minimum-simulation-kernel.md:215;04-design-discussion-minimum-simulation-kernel.md:717
owned_state,institution.ae.central_bank,state.ae.central_bank.currency,state_transition,"Source-backed transition, witness, owner, and conserved unit.",04-design-discussion-minimum-simulation-kernel.md:819-837;05-design-discussion-representation-bible.md:678-690;05-design-discussion-representation-bible.md:737-771
owned_state,institution.ae.central_bank,state.ae.central_bank.reserves,state_transition,"Source-backed transition, witness, owner, and conserved unit.",04-design-discussion-minimum-simulation-kernel.md:819-837;05-design-discussion-representation-bible.md:678-690;05-design-discussion-representation-bible.md:737-771
owned_state,institution.ae.energy_companies,state.ae.energy_companies.commodities,state_transition,"Source-backed transition, witness, owner, and conserved unit.",04-design-discussion-minimum-simulation-kernel.md:819-837;05-design-discussion-representation-bible.md:678-690;05-design-discussion-representation-bible.md:737-771
owned_state,institution.ae.energy_companies,state.ae.energy_companies.trade,state_transition,"Source-backed transition, witness, owner, and conserved unit.",04-design-discussion-minimum-simulation-kernel.md:819-837;05-design-discussion-representation-bible.md:678-690;05-design-discussion-representation-bible.md:737-771
owned_state,institution.ae.sovereign_funds,state.ae.sovereign_funds.dollar_funding,state_transition,"Source-backed transition, witness, owner, and conserved unit.",04-design-discussion-minimum-simulation-kernel.md:819-837;05-design-discussion-representation-bible.md:678-690;05-design-discussion-representation-bible.md:737-771
owned_state,institution.ae.sovereign_funds,state.ae.sovereign_funds.reserves,state_transition,"Source-backed transition, witness, owner, and conserved unit.",04-design-discussion-minimum-simulation-kernel.md:819-837;05-design-discussion-representation-bible.md:678-690;05-design-discussion-representation-bible.md:737-771
owned_state,institution.cn.military,state.cn.military.trade,state_transition,"Source-backed transition, witness, owner, and conserved unit.",04-design-discussion-minimum-simulation-kernel.md:819-837;05-design-discussion-representation-bible.md:678-690;05-design-discussion-representation-bible.md:737-771
owned_state,institution.cn.party_leadership,state.cn.party_leadership.policy_stance,state_transition,"Source-backed transition, witness, owner, and conserved unit.",04-design-discussion-minimum-simulation-kernel.md:819-837;05-design-discussion-representation-bible.md:678-690;05-design-discussion-representation-bible.md:737-771
owned_state,institution.cn.party_leadership,state.cn.party_leadership.trade,state_transition,"Source-backed transition, witness, owner, and conserved unit.",04-design-discussion-minimum-simulation-kernel.md:819-837;05-design-discussion-representation-bible.md:678-690;05-design-discussion-representation-bible.md:737-771
owned_state,institution.cn.pboc,state.cn.pboc.currency,state_transition,"Source-backed transition, witness, owner, and conserved unit.",04-design-discussion-minimum-simulation-kernel.md:819-837;05-design-discussion-representation-bible.md:678-690;05-design-discussion-representation-bible.md:737-771
owned_state,institution.cn.pboc,state.cn.pboc.dollar_funding,state_transition,"Source-backed transition, witness, owner, and conserved unit.",04-design-discussion-minimum-simulation-kernel.md:819-837;05-design-discussion-representation-bible.md:678-690;05-design-discussion-representation-bible.md:737-771
owned_state,institution.cn.pboc,state.cn.pboc.financial_stress,state_transition,"Source-backed transition, witness, owner, and conserved unit.",04-design-discussion-minimum-simulation-kernel.md:819-837;05-design-discussion-representation-bible.md:678-690;05-design-discussion-representation-bible.md:737-771
owned_state,institution.cn.pboc,state.cn.pboc.policy_stance,state_transition,"Source-backed transition, witness, owner, and conserved unit.",04-design-discussion-minimum-simulation-kernel.md:819-837;05-design-discussion-representation-bible.md:678-690;05-design-discussion-representation-bible.md:737-771
owned_state,institution.cn.policy_banks,state.cn.policy_banks.dollar_funding,state_transition,"Source-backed transition, witness, owner, and conserved unit.",04-design-discussion-minimum-simulation-kernel.md:819-837;05-design-discussion-representation-bible.md:678-690;05-design-discussion-representation-bible.md:737-771
owned_state,institution.cn.policy_banks,state.cn.policy_banks.financial_stress,state_transition,"Source-backed transition, witness, owner, and conserved unit.",04-design-discussion-minimum-simulation-kernel.md:819-837;05-design-discussion-representation-bible.md:678-690;05-design-discussion-representation-bible.md:737-771
owned_state,institution.cn.safe,state.cn.safe.currency,state_transition,"Source-backed transition, witness, owner, and conserved unit.",04-design-discussion-minimum-simulation-kernel.md:819-837;05-design-discussion-representation-bible.md:678-690;05-design-discussion-representation-bible.md:737-771
owned_state,institution.cn.safe,state.cn.safe.reserves,state_transition,"Source-backed transition, witness, owner, and conserved unit.",04-design-discussion-minimum-simulation-kernel.md:819-837;05-design-discussion-representation-bible.md:678-690;05-design-discussion-representation-bible.md:737-771
owned_state,institution.cn.state_council,state.cn.state_council.policy_stance,state_transition,"Source-backed transition, witness, owner, and conserved unit.",04-design-discussion-minimum-simulation-kernel.md:819-837;05-design-discussion-representation-bible.md:678-690;05-design-discussion-representation-bible.md:737-771
owned_state,institution.cn.state_council,state.cn.state_council.trade,state_transition,"Source-backed transition, witness, owner, and conserved unit.",04-design-discussion-minimum-simulation-kernel.md:819-837;05-design-discussion-representation-bible.md:678-690;05-design-discussion-representation-bible.md:737-771
owned_state,institution.de.government,state.de.government.financial_stress,state_transition,"Source-backed transition, witness, owner, and conserved unit.",04-design-discussion-minimum-simulation-kernel.md:819-837;05-design-discussion-representation-bible.md:678-690;05-design-discussion-representation-bible.md:737-771
owned_state,institution.de.government,state.de.government.policy_stance,state_transition,"Source-backed transition, witness, owner, and conserved unit.",04-design-discussion-minimum-simulation-kernel.md:819-837;05-design-discussion-representation-bible.md:678-690;05-design-discussion-representation-bible.md:737-771
owned_state,institution.eu.commission,state.eu.commission.policy_stance,state_transition,"Source-backed transition, witness, owner, and conserved unit.",04-design-discussion-minimum-simulation-kernel.md:819-837;05-design-discussion-representation-bible.md:678-690;05-design-discussion-representation-bible.md:737-771
owned_state,institution.eu.commission,state.eu.commission.trade,state_transition,"Source-backed transition, witness, owner, and conserved unit.",04-design-discussion-minimum-simulation-kernel.md:819-837;05-design-discussion-representation-bible.md:678-690;05-design-discussion-representation-bible.md:737-771
owned_state,institution.eu.ecb,state.eu.ecb.currency,state_transition,"Source-backed transition, witness, owner, and conserved unit.",04-design-discussion-minimum-simulation-kernel.md:819-837;05-design-discussion-representation-bible.md:678-690;05-design-discussion-representation-bible.md:737-771
owned_state,institution.eu.ecb,state.eu.ecb.dollar_funding,state_transition,"Source-backed transition, witness, owner, and conserved unit.",04-design-discussion-minimum-simulation-kernel.md:819-837;05-design-discussion-representation-bible.md:678-690;05-design-discussion-representation-bible.md:737-771
owned_state,institution.eu.ecb,state.eu.ecb.financial_stress,state_transition,"Source-backed transition, witness, owner, and conserved unit.",04-design-discussion-minimum-simulation-kernel.md:819-837;05-design-discussion-representation-bible.md:678-690;05-design-discussion-representation-bible.md:737-771
owned_state,institution.eu.ecb,state.eu.ecb.policy_stance,state_transition,"Source-backed transition, witness, owner, and conserved unit.",04-design-discussion-minimum-simulation-kernel.md:819-837;05-design-discussion-representation-bible.md:678-690;05-design-discussion-representation-bible.md:737-771
owned_state,institution.eu.member_governments,state.eu.member_governments.financial_stress,state_transition,"Source-backed transition, witness, owner, and conserved unit.",04-design-discussion-minimum-simulation-kernel.md:819-837;05-design-discussion-representation-bible.md:678-690;05-design-discussion-representation-bible.md:737-771
owned_state,institution.eu.member_governments,state.eu.member_governments.policy_stance,state_transition,"Source-backed transition, witness, owner, and conserved unit.",04-design-discussion-minimum-simulation-kernel.md:819-837;05-design-discussion-representation-bible.md:678-690;05-design-discussion-representation-bible.md:737-771
owned_state,institution.eu.national_central_banks,state.eu.national_central_banks.dollar_funding,state_transition,"Source-backed transition, witness, owner, and conserved unit.",04-design-discussion-minimum-simulation-kernel.md:819-837;05-design-discussion-representation-bible.md:678-690;05-design-discussion-representation-bible.md:737-771
owned_state,institution.eu.national_central_banks,state.eu.national_central_banks.financial_stress,state_transition,"Source-backed transition, witness, owner, and conserved unit.",04-design-discussion-minimum-simulation-kernel.md:819-837;05-design-discussion-representation-bible.md:678-690;05-design-discussion-representation-bible.md:737-771
owned_state,institution.fr.government,state.fr.government.financial_stress,state_transition,"Source-backed transition, witness, owner, and conserved unit.",04-design-discussion-minimum-simulation-kernel.md:819-837;05-design-discussion-representation-bible.md:678-690;05-design-discussion-representation-bible.md:737-771
owned_state,institution.fr.government,state.fr.government.policy_stance,state_transition,"Source-backed transition, witness, owner, and conserved unit.",04-design-discussion-minimum-simulation-kernel.md:819-837;05-design-discussion-representation-bible.md:678-690;05-design-discussion-representation-bible.md:737-771
owned_state,institution.il.bank_of_israel,state.il.bank_of_israel.currency,state_transition,"Source-backed transition, witness, owner, and conserved unit.",04-design-discussion-minimum-simulation-kernel.md:819-837;05-design-discussion-representation-bible.md:678-690;05-design-discussion-representation-bible.md:737-771
owned_state,institution.il.bank_of_israel,state.il.bank_of_israel.policy_stance,state_transition,"Source-backed transition, witness, owner, and conserved unit.",04-design-discussion-minimum-simulation-kernel.md:819-837;05-design-discussion-representation-bible.md:678-690;05-design-discussion-representation-bible.md:737-771
owned_state,institution.il.bank_of_israel,state.il.bank_of_israel.reserves,state_transition,"Source-backed transition, witness, owner, and conserved unit.",04-design-discussion-minimum-simulation-kernel.md:819-837;05-design-discussion-representation-bible.md:678-690;05-design-discussion-representation-bible.md:737-771
owned_state,institution.il.security,state.il.security.commodities,state_transition,"Source-backed transition, witness, owner, and conserved unit.",04-design-discussion-minimum-simulation-kernel.md:819-837;05-design-discussion-representation-bible.md:678-690;05-design-discussion-representation-bible.md:737-771
owned_state,institution.il.security,state.il.security.trade,state_transition,"Source-backed transition, witness, owner, and conserved unit.",04-design-discussion-minimum-simulation-kernel.md:819-837;05-design-discussion-representation-bible.md:678-690;05-design-discussion-representation-bible.md:737-771
owned_state,institution.ir.central_bank,state.ir.central_bank.currency,state_transition,"Source-backed transition, witness, owner, and conserved unit.",04-design-discussion-minimum-simulation-kernel.md:819-837;05-design-discussion-representation-bible.md:678-690;05-design-discussion-representation-bible.md:737-771
owned_state,institution.ir.central_bank,state.ir.central_bank.policy_stance,state_transition,"Source-backed transition, witness, owner, and conserved unit.",04-design-discussion-minimum-simulation-kernel.md:819-837;05-design-discussion-representation-bible.md:678-690;05-design-discussion-representation-bible.md:737-771
owned_state,institution.ir.central_bank,state.ir.central_bank.reserves,state_transition,"Source-backed transition, witness, owner, and conserved unit.",04-design-discussion-minimum-simulation-kernel.md:819-837;05-design-discussion-representation-bible.md:678-690;05-design-discussion-representation-bible.md:737-771
owned_state,institution.ir.irgc,state.ir.irgc.commodities,state_transition,"Source-backed transition, witness, owner, and conserved unit.",04-design-discussion-minimum-simulation-kernel.md:819-837;05-design-discussion-representation-bible.md:678-690;05-design-discussion-representation-bible.md:737-771
owned_state,institution.ir.irgc,state.ir.irgc.trade,state_transition,"Source-backed transition, witness, owner, and conserved unit.",04-design-discussion-minimum-simulation-kernel.md:819-837;05-design-discussion-representation-bible.md:678-690;05-design-discussion-representation-bible.md:737-771
owned_state,institution.ir.oil,state.ir.oil.commodities,state_transition,"Source-backed transition, witness, owner, and conserved unit.",04-design-discussion-minimum-simulation-kernel.md:819-837;05-design-discussion-representation-bible.md:678-690;05-design-discussion-representation-bible.md:737-771
owned_state,institution.ir.oil,state.ir.oil.trade,state_transition,"Source-backed transition, witness, owner, and conserved unit.",04-design-discussion-minimum-simulation-kernel.md:819-837;05-design-discussion-representation-bible.md:678-690;05-design-discussion-representation-bible.md:737-771
owned_state,institution.it.government,state.it.government.financial_stress,state_transition,"Source-backed transition, witness, owner, and conserved unit.",04-design-discussion-minimum-simulation-kernel.md:819-837;05-design-discussion-representation-bible.md:678-690;05-design-discussion-representation-bible.md:737-771
owned_state,institution.it.government,state.it.government.policy_stance,state_transition,"Source-backed transition, witness, owner, and conserved unit.",04-design-discussion-minimum-simulation-kernel.md:819-837;05-design-discussion-representation-bible.md:678-690;05-design-discussion-representation-bible.md:737-771
owned_state,institution.jp.boj,state.jp.boj.currency,state_transition,"Source-backed transition, witness, owner, and conserved unit.",04-design-discussion-minimum-simulation-kernel.md:819-837;05-design-discussion-representation-bible.md:678-690;05-design-discussion-representation-bible.md:737-771
owned_state,institution.jp.boj,state.jp.boj.financial_stress,state_transition,"Source-backed transition, witness, owner, and conserved unit.",04-design-discussion-minimum-simulation-kernel.md:819-837;05-design-discussion-representation-bible.md:678-690;05-design-discussion-representation-bible.md:737-771
owned_state,institution.jp.boj,state.jp.boj.policy_stance,state_transition,"Source-backed transition, witness, owner, and conserved unit.",04-design-discussion-minimum-simulation-kernel.md:819-837;05-design-discussion-representation-bible.md:678-690;05-design-discussion-representation-bible.md:737-771
owned_state,institution.jp.boj,state.jp.boj.reserves,state_transition,"Source-backed transition, witness, owner, and conserved unit.",04-design-discussion-minimum-simulation-kernel.md:819-837;05-design-discussion-representation-bible.md:678-690;05-design-discussion-representation-bible.md:737-771
owned_state,institution.jp.mof,state.jp.mof.currency,state_transition,"Source-backed transition, witness, owner, and conserved unit.",04-design-discussion-minimum-simulation-kernel.md:819-837;05-design-discussion-representation-bible.md:678-690;05-design-discussion-representation-bible.md:737-771
owned_state,institution.jp.mof,state.jp.mof.reserves,state_transition,"Source-backed transition, witness, owner, and conserved unit.",04-design-discussion-minimum-simulation-kernel.md:819-837;05-design-discussion-representation-bible.md:678-690;05-design-discussion-representation-bible.md:737-771
owned_state,institution.qa.central_bank,state.qa.central_bank.currency,state_transition,"Source-backed transition, witness, owner, and conserved unit.",04-design-discussion-minimum-simulation-kernel.md:819-837;05-design-discussion-representation-bible.md:678-690;05-design-discussion-representation-bible.md:737-771
owned_state,institution.qa.central_bank,state.qa.central_bank.reserves,state_transition,"Source-backed transition, witness, owner, and conserved unit.",04-design-discussion-minimum-simulation-kernel.md:819-837;05-design-discussion-representation-bible.md:678-690;05-design-discussion-representation-bible.md:737-771
owned_state,institution.qa.energy_companies,state.qa.energy_companies.commodities,state_transition,"Source-backed transition, witness, owner, and conserved unit.",04-design-discussion-minimum-simulation-kernel.md:819-837;05-design-discussion-representation-bible.md:678-690;05-design-discussion-representation-bible.md:737-771
owned_state,institution.qa.energy_companies,state.qa.energy_companies.trade,state_transition,"Source-backed transition, witness, owner, and conserved unit.",04-design-discussion-minimum-simulation-kernel.md:819-837;05-design-discussion-representation-bible.md:678-690;05-design-discussion-representation-bible.md:737-771
owned_state,institution.qa.sovereign_funds,state.qa.sovereign_funds.dollar_funding,state_transition,"Source-backed transition, witness, owner, and conserved unit.",04-design-discussion-minimum-simulation-kernel.md:819-837;05-design-discussion-representation-bible.md:678-690;05-design-discussion-representation-bible.md:737-771
owned_state,institution.qa.sovereign_funds,state.qa.sovereign_funds.reserves,state_transition,"Source-backed transition, witness, owner, and conserved unit.",04-design-discussion-minimum-simulation-kernel.md:819-837;05-design-discussion-representation-bible.md:678-690;05-design-discussion-representation-bible.md:737-771
owned_state,institution.ru.central_bank,state.ru.central_bank.currency,state_transition,"Source-backed transition, witness, owner, and conserved unit.",04-design-discussion-minimum-simulation-kernel.md:819-837;05-design-discussion-representation-bible.md:678-690;05-design-discussion-representation-bible.md:737-771
owned_state,institution.ru.central_bank,state.ru.central_bank.policy_stance,state_transition,"Source-backed transition, witness, owner, and conserved unit.",04-design-discussion-minimum-simulation-kernel.md:819-837;05-design-discussion-representation-bible.md:678-690;05-design-discussion-representation-bible.md:737-771
owned_state,institution.ru.central_bank,state.ru.central_bank.reserves,state_transition,"Source-backed transition, witness, owner, and conserved unit.",04-design-discussion-minimum-simulation-kernel.md:819-837;05-design-discussion-representation-bible.md:678-690;05-design-discussion-representation-bible.md:737-771
owned_state,institution.ru.presidency,state.ru.presidency.policy_stance,state_transition,"Source-backed transition, witness, owner, and conserved unit.",04-design-discussion-minimum-simulation-kernel.md:819-837;05-design-discussion-representation-bible.md:678-690;05-design-discussion-representation-bible.md:737-771
owned_state,institution.ru.presidency,state.ru.presidency.trade,state_transition,"Source-backed transition, witness, owner, and conserved unit.",04-design-discussion-minimum-simulation-kernel.md:819-837;05-design-discussion-representation-bible.md:678-690;05-design-discussion-representation-bible.md:737-771
owned_state,institution.ru.security,state.ru.security.trade,state_transition,"Source-backed transition, witness, owner, and conserved unit.",04-design-discussion-minimum-simulation-kernel.md:819-837;05-design-discussion-representation-bible.md:678-690;05-design-discussion-representation-bible.md:737-771
owned_state,institution.sa.energy_ministry,state.sa.energy_ministry.commodities,state_transition,"Source-backed transition, witness, owner, and conserved unit.",04-design-discussion-minimum-simulation-kernel.md:819-837;05-design-discussion-representation-bible.md:678-690;05-design-discussion-representation-bible.md:737-771
owned_state,institution.sa.energy_ministry,state.sa.energy_ministry.policy_stance,state_transition,"Source-backed transition, witness, owner, and conserved unit.",04-design-discussion-minimum-simulation-kernel.md:819-837;05-design-discussion-representation-bible.md:678-690;05-design-discussion-representation-bible.md:737-771
owned_state,institution.sa.sama,state.sa.sama.currency,state_transition,"Source-backed transition, witness, owner, and conserved unit.",04-design-discussion-minimum-simulation-kernel.md:819-837;05-design-discussion-representation-bible.md:678-690;05-design-discussion-representation-bible.md:737-771
owned_state,institution.sa.sama,state.sa.sama.reserves,state_transition,"Source-backed transition, witness, owner, and conserved unit.",04-design-discussion-minimum-simulation-kernel.md:819-837;05-design-discussion-representation-bible.md:678-690;05-design-discussion-representation-bible.md:737-771
owned_state,institution.sa.sovereign_funds,state.sa.sovereign_funds.dollar_funding,state_transition,"Source-backed transition, witness, owner, and conserved unit.",04-design-discussion-minimum-simulation-kernel.md:819-837;05-design-discussion-representation-bible.md:678-690;05-design-discussion-representation-bible.md:737-771
owned_state,institution.sa.sovereign_funds,state.sa.sovereign_funds.reserves,state_transition,"Source-backed transition, witness, owner, and conserved unit.",04-design-discussion-minimum-simulation-kernel.md:819-837;05-design-discussion-representation-bible.md:678-690;05-design-discussion-representation-bible.md:737-771
owned_state,institution.sg.mas,state.sg.mas.currency,state_transition,"Source-backed transition, witness, owner, and conserved unit.",04-design-discussion-minimum-simulation-kernel.md:819-837;05-design-discussion-representation-bible.md:678-690;05-design-discussion-representation-bible.md:737-771
owned_state,institution.sg.mas,state.sg.mas.dollar_funding,state_transition,"Source-backed transition, witness, owner, and conserved unit.",04-design-discussion-minimum-simulation-kernel.md:819-837;05-design-discussion-representation-bible.md:678-690;05-design-discussion-representation-bible.md:737-771
owned_state,institution.sg.mas,state.sg.mas.policy_stance,state_transition,"Source-backed transition, witness, owner, and conserved unit.",04-design-discussion-minimum-simulation-kernel.md:819-837;05-design-discussion-representation-bible.md:678-690;05-design-discussion-representation-bible.md:737-771
owned_state,institution.sg.mas,state.sg.mas.reserves,state_transition,"Source-backed transition, witness, owner, and conserved unit.",04-design-discussion-minimum-simulation-kernel.md:819-837;05-design-discussion-representation-bible.md:678-690;05-design-discussion-representation-bible.md:737-771
owned_state,institution.sg.shipping,state.sg.shipping.trade,state_transition,"Source-backed transition, witness, owner, and conserved unit.",04-design-discussion-minimum-simulation-kernel.md:819-837;05-design-discussion-representation-bible.md:678-690;05-design-discussion-representation-bible.md:737-771
owned_state,institution.sg.sovereign_funds,state.sg.sovereign_funds.dollar_funding,state_transition,"Source-backed transition, witness, owner, and conserved unit.",04-design-discussion-minimum-simulation-kernel.md:819-837;05-design-discussion-representation-bible.md:678-690;05-design-discussion-representation-bible.md:737-771
owned_state,institution.sg.sovereign_funds,state.sg.sovereign_funds.reserves,state_transition,"Source-backed transition, witness, owner, and conserved unit.",04-design-discussion-minimum-simulation-kernel.md:819-837;05-design-discussion-representation-bible.md:678-690;05-design-discussion-representation-bible.md:737-771
owned_state,institution.uk.boe,state.uk.boe.currency,state_transition,"Source-backed transition, witness, owner, and conserved unit.",04-design-discussion-minimum-simulation-kernel.md:819-837;05-design-discussion-representation-bible.md:678-690;05-design-discussion-representation-bible.md:737-771
owned_state,institution.uk.boe,state.uk.boe.dollar_funding,state_transition,"Source-backed transition, witness, owner, and conserved unit.",04-design-discussion-minimum-simulation-kernel.md:819-837;05-design-discussion-representation-bible.md:678-690;05-design-discussion-representation-bible.md:737-771
owned_state,institution.uk.boe,state.uk.boe.financial_stress,state_transition,"Source-backed transition, witness, owner, and conserved unit.",04-design-discussion-minimum-simulation-kernel.md:819-837;05-design-discussion-representation-bible.md:678-690;05-design-discussion-representation-bible.md:737-771
owned_state,institution.uk.boe,state.uk.boe.policy_stance,state_transition,"Source-backed transition, witness, owner, and conserved unit.",04-design-discussion-minimum-simulation-kernel.md:819-837;05-design-discussion-representation-bible.md:678-690;05-design-discussion-representation-bible.md:737-771
owned_state,institution.uk.dmo,state.uk.dmo.dollar_funding,state_transition,"Source-backed transition, witness, owner, and conserved unit.",04-design-discussion-minimum-simulation-kernel.md:819-837;05-design-discussion-representation-bible.md:678-690;05-design-discussion-representation-bible.md:737-771
owned_state,institution.uk.dmo,state.uk.dmo.financial_stress,state_transition,"Source-backed transition, witness, owner, and conserved unit.",04-design-discussion-minimum-simulation-kernel.md:819-837;05-design-discussion-representation-bible.md:678-690;05-design-discussion-representation-bible.md:737-771
owned_state,institution.uk.government,state.uk.government.policy_stance,state_transition,"Source-backed transition, witness, owner, and conserved unit.",04-design-discussion-minimum-simulation-kernel.md:819-837;05-design-discussion-representation-bible.md:678-690;05-design-discussion-representation-bible.md:737-771
owned_state,institution.uk.government,state.uk.government.trade,state_transition,"Source-backed transition, witness, owner, and conserved unit.",04-design-discussion-minimum-simulation-kernel.md:819-837;05-design-discussion-representation-bible.md:678-690;05-design-discussion-representation-bible.md:737-771
owned_state,legal.us.federal_reserve.section_13_3,state.13_3.period_variant,state_transition,"Source-backed transition, witness, owner, and conserved unit.",06-design-discussion-representation-catalog.md:1519-1521;07-design-discussion-burrow-composition-probe.md:160-173
owned_state,market.product.global.coffee,state.green_coffee_market.clearing,state_transition,"Source-backed transition, witness, owner, and conserved unit.",06-design-discussion-representation-catalog.md:617
owned_state,market.product.global.coffee,state.green_coffee_market.failure,state_transition,"Source-backed transition, witness, owner, and conserved unit.",06-design-discussion-representation-catalog.md:617
owned_state,market.product.global.coffee,state.green_coffee_market.orders,state_transition,"Source-backed transition, witness, owner, and conserved unit.",06-design-discussion-representation-catalog.md:617
owned_state,market.product.global.coffee,state.green_coffee_market.residual,state_transition,"Source-backed transition, witness, owner, and conserved unit.",06-design-discussion-representation-catalog.md:617
owned_state,market.product.global.pork,state.pork_market.clearing,state_transition,"Source-backed transition, witness, owner, and conserved unit.",06-design-discussion-representation-catalog.md:617
owned_state,market.product.global.pork,state.pork_market.failure,state_transition,"Source-backed transition, witness, owner, and conserved unit.",06-design-discussion-representation-catalog.md:617
owned_state,market.product.global.pork,state.pork_market.orders,state_transition,"Source-backed transition, witness, owner, and conserved unit.",06-design-discussion-representation-catalog.md:617
owned_state,market.product.global.pork,state.pork_market.residual,state_transition,"Source-backed transition, witness, owner, and conserved unit.",06-design-discussion-representation-catalog.md:617
owned_state,market.product.global.timber,state.lumber_market.clearing,state_transition,"Source-backed transition, witness, owner, and conserved unit.",06-design-discussion-representation-catalog.md:617
owned_state,market.product.global.timber,state.lumber_market.failure,state_transition,"Source-backed transition, witness, owner, and conserved unit.",06-design-discussion-representation-catalog.md:617
owned_state,market.product.global.timber,state.lumber_market.orders,state_transition,"Source-backed transition, witness, owner, and conserved unit.",06-design-discussion-representation-catalog.md:617
owned_state,market.product.global.timber,state.lumber_market.residual,state_transition,"Source-backed transition, witness, owner, and conserved unit.",06-design-discussion-representation-catalog.md:617
owned_state,market.us.treasury.auction,state.treasury.auction_clearing,state_transition,"Source-backed transition, witness, owner, and conserved unit.",06-design-discussion-representation-catalog.md:333
owned_state,market.us.treasury.secondary,state.treasury.secondary_clearing,state_transition,"Source-backed transition, witness, owner, and conserved unit.",06-design-discussion-representation-catalog.md:334;06-design-discussion-representation-catalog.md:1132-1135
owned_state,mechanism.cross_border.chokepoint_shipping,state.cross_border.chokepoint_shipping.commodities,state_transition,"Source-backed transition, witness, owner, and conserved unit.",04-design-discussion-minimum-simulation-kernel.md:819-837;05-design-discussion-representation-bible.md:678-690;05-design-discussion-representation-bible.md:737-771
owned_state,mechanism.cross_border.chokepoint_shipping,state.cross_border.chokepoint_shipping.trade,state_transition,"Source-backed transition, witness, owner, and conserved unit.",04-design-discussion-minimum-simulation-kernel.md:819-837;05-design-discussion-representation-bible.md:678-690;05-design-discussion-representation-bible.md:737-771
owned_state,mechanism.flow.global.coffee,queue.green_coffee_flow.delivery,state_transition,"Source-backed transition, witness, owner, and conserved unit.",06-design-discussion-representation-catalog.md:614
owned_state,mechanism.flow.global.coffee,state.green_coffee_flow.capacity,state_transition,"Source-backed transition, witness, owner, and conserved unit.",06-design-discussion-representation-catalog.md:614
owned_state,mechanism.flow.global.coffee,state.green_coffee_flow.losses,state_transition,"Source-backed transition, witness, owner, and conserved unit.",06-design-discussion-representation-catalog.md:614
owned_state,mechanism.flow.global.pork,queue.pork_flow.delivery,state_transition,"Source-backed transition, witness, owner, and conserved unit.",06-design-discussion-representation-catalog.md:615
owned_state,mechanism.flow.global.pork,state.pork_flow.capacity,state_transition,"Source-backed transition, witness, owner, and conserved unit.",06-design-discussion-representation-catalog.md:615
owned_state,mechanism.flow.global.pork,state.pork_flow.cold_chain,state_transition,"Source-backed transition, witness, owner, and conserved unit.",06-design-discussion-representation-catalog.md:615
owned_state,mechanism.flow.global.pork,state.pork_flow.losses,state_transition,"Source-backed transition, witness, owner, and conserved unit.",06-design-discussion-representation-catalog.md:615
owned_state,mechanism.flow.global.timber,queue.lumber_flow.delivery,state_transition,"Source-backed transition, witness, owner, and conserved unit.",06-design-discussion-representation-catalog.md:613
owned_state,mechanism.flow.global.timber,state.lumber_flow.capacity,state_transition,"Source-backed transition, witness, owner, and conserved unit.",06-design-discussion-representation-catalog.md:613
owned_state,mechanism.flow.global.timber,state.lumber_flow.losses,state_transition,"Source-backed transition, witness, owner, and conserved unit.",06-design-discussion-representation-catalog.md:613
owned_state,mechanism.measurement.us.consumer_prices,queue.us_prices.releases,state_transition,"Source-backed transition, witness, owner, and conserved unit.",06-design-discussion-representation-catalog.md:621
owned_state,mechanism.measurement.us.consumer_prices,state.us_prices.method,state_transition,"Source-backed transition, witness, owner, and conserved unit.",06-design-discussion-representation-catalog.md:621
owned_state,mechanism.measurement.us.consumer_prices,state.us_prices.sample,state_transition,"Source-backed transition, witness, owner, and conserved unit.",06-design-discussion-representation-catalog.md:621
owned_state,mechanism.measurement.us.consumer_prices,state.us_prices.weights,state_transition,"Source-backed transition, witness, owner, and conserved unit.",06-design-discussion-representation-catalog.md:621
owned_state,mechanism.transform.global.coffee_roasting,queue.coffee_roasting.work,state_transition,"Source-backed transition, witness, owner, and conserved unit.",06-design-discussion-representation-catalog.md:611
owned_state,mechanism.transform.global.coffee_roasting,state.coffee_roasting.capacity,state_transition,"Source-backed transition, witness, owner, and conserved unit.",06-design-discussion-representation-catalog.md:611
owned_state,mechanism.transform.global.coffee_roasting,state.coffee_roasting.losses,state_transition,"Source-backed transition, witness, owner, and conserved unit.",06-design-discussion-representation-catalog.md:611
owned_state,mechanism.transform.global.hogs_slaughter,queue.hogs_slaughter.work,state_transition,"Source-backed transition, witness, owner, and conserved unit.",06-design-discussion-representation-catalog.md:612
owned_state,mechanism.transform.global.hogs_slaughter,state.hogs_slaughter.capacity,state_transition,"Source-backed transition, witness, owner, and conserved unit.",06-design-discussion-representation-catalog.md:612
owned_state,mechanism.transform.global.hogs_slaughter,state.hogs_slaughter.cold_chain,state_transition,"Source-backed transition, witness, owner, and conserved unit.",06-design-discussion-representation-catalog.md:612
owned_state,mechanism.transform.global.hogs_slaughter,state.hogs_slaughter.inspection,state_transition,"Source-backed transition, witness, owner, and conserved unit.",06-design-discussion-representation-catalog.md:612
owned_state,mechanism.transform.global.hogs_slaughter,state.hogs_slaughter.losses,state_transition,"Source-backed transition, witness, owner, and conserved unit.",06-design-discussion-representation-catalog.md:612
owned_state,mechanism.transform.global.timber_milling,queue.timber_milling.work,state_transition,"Source-backed transition, witness, owner, and conserved unit.",06-design-discussion-representation-catalog.md:610
owned_state,mechanism.transform.global.timber_milling,state.timber_milling.capacity,state_transition,"Source-backed transition, witness, owner, and conserved unit.",06-design-discussion-representation-catalog.md:610
owned_state,mechanism.transform.global.timber_milling,state.timber_milling.losses,state_transition,"Source-backed transition, witness, owner, and conserved unit.",06-design-discussion-representation-catalog.md:610
owned_state,mechanism.us.ficc.sponsored_gcf_repo,state.ficc.repo_clearing,state_transition,"Source-backed transition, witness, owner, and conserved unit.",06-design-discussion-representation-catalog.md:337
owned_state,process.climate_agriculture.amazon_basin,inventory.amazon_process.standing_biomass,state_transition,"Source-backed transition, witness, owner, and conserved unit.",06-design-discussion-representation-catalog.md:605
owned_state,process.climate_agriculture.amazon_basin,state.amazon_process.access,state_transition,"Source-backed transition, witness, owner, and conserved unit.",06-design-discussion-representation-catalog.md:605
owned_state,process.climate_agriculture.amazon_basin,state.amazon_process.fire,state_transition,"Source-backed transition, witness, owner, and conserved unit.",06-design-discussion-representation-catalog.md:605
owned_state,process.climate_agriculture.amazon_basin,state.amazon_process.hydrothermal,state_transition,"Source-backed transition, witness, owner, and conserved unit.",06-design-discussion-representation-catalog.md:605
owned_state,process.climate_agriculture.amazon_basin,state.amazon_process.recovery,state_transition,"Source-backed transition, witness, owner, and conserved unit.",06-design-discussion-representation-catalog.md:605
owned_state,reference.us.nyfed.sofr,state.sofr.publication,state_transition,"Source-backed transition, witness, owner, and conserved unit.",06-design-discussion-representation-catalog.md:1030-1043
owned_state,schedule.us.federal_reserve.blackout,state.fomc.blackout,state_transition,"Source-backed transition, witness, owner, and conserved unit.",07-design-discussion-burrow-composition-probe.md:165-173
owned_state,schedule.us.federal_reserve.fomc,state.fomc.calendar,state_transition,"Source-backed transition, witness, owner, and conserved unit.",06-design-discussion-representation-catalog.md:377;07-design-discussion-burrow-composition-probe.md:171
owned_state,stateful.us.treasury.duration_supply,state.treasury.duration_supply,state_transition,"Source-backed transition, witness, owner, and conserved unit.",04-design-discussion-minimum-simulation-kernel.md:173-184;04-design-discussion-minimum-simulation-kernel.md:215
profile_reserve,adapter.demand.global.coffee,adapter.external.external_world,promotion_requirements,"Source-backed opening state, covered probes, and named-plus-residual reconciliation.",Early-2006 profile planning index.
profile_reserve,adapter.demand.global.pork,adapter.external.external_world,promotion_requirements,"Source-backed opening state, covered probes, and named-plus-residual reconciliation.",Early-2006 profile planning index.
profile_reserve,adapter.demand.global.timber,adapter.external.external_world,promotion_requirements,"Source-backed opening state, covered probes, and named-plus-residual reconciliation.",Early-2006 profile planning index.
profile_reserve,adapter.export.arabian_peninsula.petroleum,adapter.external.gulf_exporters,promotion_requirements,"Source-backed opening state, covered probes, and named-plus-residual reconciliation.",Early-2006 profile planning index.
profile_reserve,adapter.flow.global.coffee,adapter.external.external_world,promotion_requirements,"Source-backed opening state, covered probes, and named-plus-residual reconciliation.",Early-2006 profile planning index.
profile_reserve,adapter.flow.global.pork,adapter.external.external_world,promotion_requirements,"Source-backed opening state, covered probes, and named-plus-residual reconciliation.",Early-2006 profile planning index.
profile_reserve,adapter.flow.global.timber,adapter.external.external_world,promotion_requirements,"Source-backed opening state, covered probes, and named-plus-residual reconciliation.",Early-2006 profile planning index.
profile_reserve,adapter.hydropower.caucasus,adapter.external.emerging_markets,promotion_requirements,"Source-backed opening state, covered probes, and named-plus-residual reconciliation.",Early-2006 profile planning index.
profile_reserve,adapter.hydropower.congo_basin,adapter.external.external_world,promotion_requirements,"Source-backed opening state, covered probes, and named-plus-residual reconciliation.",Early-2006 profile planning index.
profile_reserve,adapter.incident.amazon_basin.climate,adapter.external.external_world,promotion_requirements,"Source-backed opening state, covered probes, and named-plus-residual reconciliation.",Early-2006 profile planning index.
profile_reserve,adapter.input.amazon_basin.feed_grain,adapter.external.external_world,promotion_requirements,"Source-backed opening state, covered probes, and named-plus-residual reconciliation.",Early-2006 profile planning index.
profile_reserve,adapter.input.sa.feed_grain,adapter.external.external_world,promotion_requirements,"Source-backed opening state, covered probes, and named-plus-residual reconciliation.",Early-2006 profile planning index.
profile_reserve,adapter.market.global.coffee,adapter.external.external_world,promotion_requirements,"Source-backed opening state, covered probes, and named-plus-residual reconciliation.",Early-2006 profile planning index.
profile_reserve,adapter.market.global.pork,adapter.external.external_world,promotion_requirements,"Source-backed opening state, covered probes, and named-plus-residual reconciliation.",Early-2006 profile planning index.
profile_reserve,adapter.market.global.timber,adapter.external.external_world,promotion_requirements,"Source-backed opening state, covered probes, and named-plus-residual reconciliation.",Early-2006 profile planning index.
profile_reserve,adapter.process.amazon_basin.climate_agriculture,adapter.external.external_world,promotion_requirements,"Source-backed opening state, covered probes, and named-plus-residual reconciliation.",Early-2006 profile planning index.
profile_reserve,adapter.process.arabian_peninsula.resources,adapter.external.gulf_exporters,promotion_requirements,"Source-backed opening state, covered probes, and named-plus-residual reconciliation.",Early-2006 profile planning index.
profile_reserve,adapter.process.caucasus.resources,adapter.external.emerging_markets,promotion_requirements,"Source-backed opening state, covered probes, and named-plus-residual reconciliation.",Early-2006 profile planning index.
profile_reserve,adapter.process.congo_basin.ecology,adapter.external.external_world,promotion_requirements,"Source-backed opening state, covered probes, and named-plus-residual reconciliation.",Early-2006 profile planning index.
profile_reserve,adapter.real.us.construction_inputs,adapter.external.external_world,promotion_requirements,"Source-backed opening state, covered probes, and named-plus-residual reconciliation.",Early-2006 profile planning index.
profile_reserve,adapter.real.us.food_baskets,adapter.external.external_world,promotion_requirements,"Source-backed opening state, covered probes, and named-plus-residual reconciliation.",Early-2006 profile planning index.
profile_reserve,adapter.real.us.housing_activity,adapter.external.external_world,promotion_requirements,"Source-backed opening state, covered probes, and named-plus-residual reconciliation.",Early-2006 profile planning index.
profile_reserve,adapter.sector.arabian_peninsula.gas,adapter.external.gulf_exporters,promotion_requirements,"Source-backed opening state, covered probes, and named-plus-residual reconciliation.",Early-2006 profile planning index.
profile_reserve,adapter.sector.arabian_peninsula.petroleum,adapter.external.gulf_exporters,promotion_requirements,"Source-backed opening state, covered probes, and named-plus-residual reconciliation.",Early-2006 profile planning index.
profile_reserve,adapter.sector.caucasus.petroleum,adapter.external.emerging_markets,promotion_requirements,"Source-backed opening state, covered probes, and named-plus-residual reconciliation.",Early-2006 profile planning index.
profile_reserve,adapter.sector.congo_basin.forestry,adapter.external.external_world,promotion_requirements,"Source-backed opening state, covered probes, and named-plus-residual reconciliation.",Early-2006 profile planning index.
profile_reserve,adapter.sector.drc.copper_cobalt,adapter.external.external_world,promotion_requirements,"Source-backed opening state, covered probes, and named-plus-residual reconciliation.",Early-2006 profile planning index.
profile_reserve,adapter.supply.row.green_coffee,adapter.external.external_world,promotion_requirements,"Source-backed opening state, covered probes, and named-plus-residual reconciliation.",Early-2006 profile planning index.
profile_reserve,adapter.supply.row.live_hogs,adapter.external.external_world,promotion_requirements,"Source-backed opening state, covered probes, and named-plus-residual reconciliation.",Early-2006 profile planning index.
profile_reserve,adapter.supply.row.timber,adapter.external.external_world,promotion_requirements,"Source-backed opening state, covered probes, and named-plus-residual reconciliation.",Early-2006 profile planning index.
profile_reserve,adapter.transform.coffee_roasting,adapter.external.external_world,promotion_requirements,"Source-backed opening state, covered probes, and named-plus-residual reconciliation.",Early-2006 profile planning index.
profile_reserve,adapter.transform.hogs_slaughter,adapter.external.external_world,promotion_requirements,"Source-backed opening state, covered probes, and named-plus-residual reconciliation.",Early-2006 profile planning index.
profile_reserve,adapter.transform.timber_milling,adapter.external.external_world,promotion_requirements,"Source-backed opening state, covered probes, and named-plus-residual reconciliation.",Early-2006 profile planning index.
profile_reserve,adapter.transit.caucasus.energy,adapter.external.emerging_markets,promotion_requirements,"Source-backed opening state, covered probes, and named-plus-residual reconciliation.",Early-2006 profile planning index.
profile_reserve,adapter.transport.drc.minerals,adapter.external.external_world,promotion_requirements,"Source-backed opening state, covered probes, and named-plus-residual reconciliation.",Early-2006 profile planning index.
profile_reserve,adapter.water.arabian_peninsula,adapter.external.gulf_exporters,promotion_requirements,"Source-backed opening state, covered probes, and named-plus-residual reconciliation.",Early-2006 profile planning index.
profile_reserve,body.il.cabinet,adapter.external.emerging_markets,promotion_requirements,Distinct modeled authority or balance-sheet action; independently researched opening state and history; interface-compatible transmissions; complete named-plus-residual reconciliation.,Early-2006 profile planning index.
profile_reserve,cohort.eu.exposed_banks,adapter.external.euro_area,promotion_requirements,Distinct modeled authority or balance-sheet action; independently researched opening state and history; interface-compatible transmissions; complete named-plus-residual reconciliation.,Early-2006 profile planning index.
profile_reserve,cohort.jp.banks,adapter.external.japan,promotion_requirements,Distinct modeled authority or balance-sheet action; independently researched opening state and history; interface-compatible transmissions; complete named-plus-residual reconciliation.,Early-2006 profile planning index.
profile_reserve,cohort.jp.insurers,adapter.external.japan,promotion_requirements,Distinct modeled authority or balance-sheet action; independently researched opening state and history; interface-compatible transmissions; complete named-plus-residual reconciliation.,Early-2006 profile planning index.
profile_reserve,cohort.jp.pensions,adapter.external.japan,promotion_requirements,Distinct modeled authority or balance-sheet action; independently researched opening state and history; interface-compatible transmissions; complete named-plus-residual reconciliation.,Early-2006 profile planning index.
profile_reserve,cohort.ru.energy_firms,adapter.external.russia,promotion_requirements,Distinct modeled authority or balance-sheet action; independently researched opening state and history; interface-compatible transmissions; complete named-plus-residual reconciliation.,Early-2006 profile planning index.
profile_reserve,cohort.sg.dollar_funding_banks,adapter.external.offshore_asia,promotion_requirements,Distinct modeled authority or balance-sheet action; independently researched opening state and history; interface-compatible transmissions; complete named-plus-residual reconciliation.,Early-2006 profile planning index.
profile_reserve,cohort.uk.pensions,adapter.external.united_kingdom,promotion_requirements,Distinct modeled authority or balance-sheet action; independently researched opening state and history; interface-compatible transmissions; complete named-plus-residual reconciliation.,Early-2006 profile planning index.
profile_reserve,firm.sa.saudi_aramco,adapter.external.gulf_exporters,promotion_requirements,Distinct modeled authority or balance-sheet action; independently researched opening state and history; interface-compatible transmissions; complete named-plus-residual reconciliation.,Early-2006 profile planning index.
profile_reserve,generator.climate.amazon_basin,adapter.external.external_world,promotion_requirements,"Source-backed opening state, covered probes, and named-plus-residual reconciliation.",Early-2006 profile planning index.
profile_reserve,industry.amazon_basin.coffee,adapter.external.external_world,promotion_requirements,"Source-backed opening state, covered probes, and named-plus-residual reconciliation.",Early-2006 profile planning index.
profile_reserve,industry.amazon_basin.forestry,adapter.external.external_world,promotion_requirements,"Source-backed opening state, covered probes, and named-plus-residual reconciliation.",Early-2006 profile planning index.
profile_reserve,industry.amazon_basin.pork,adapter.external.external_world,promotion_requirements,"Source-backed opening state, covered probes, and named-plus-residual reconciliation.",Early-2006 profile planning index.
profile_reserve,industry.arabian_peninsula.gas,adapter.external.gulf_exporters,promotion_requirements,"Source-backed opening state, covered probes, and named-plus-residual reconciliation.",Early-2006 profile planning index.
profile_reserve,industry.arabian_peninsula.petroleum,adapter.external.gulf_exporters,promotion_requirements,"Source-backed opening state, covered probes, and named-plus-residual reconciliation.",Early-2006 profile planning index.
profile_reserve,industry.caucasus.petroleum,adapter.external.emerging_markets,promotion_requirements,"Source-backed opening state, covered probes, and named-plus-residual reconciliation.",Early-2006 profile planning index.
profile_reserve,industry.congo_basin.forestry,adapter.external.external_world,promotion_requirements,"Source-backed opening state, covered probes, and named-plus-residual reconciliation.",Early-2006 profile planning index.
profile_reserve,industry.drc.copper_cobalt,adapter.external.external_world,promotion_requirements,"Source-backed opening state, covered probes, and named-plus-residual reconciliation.",Early-2006 profile planning index.
profile_reserve,industry.sa.coffee.aggregate,adapter.external.external_world,promotion_requirements,"Source-backed opening state, covered probes, and named-plus-residual reconciliation.",Early-2006 profile planning index.
profile_reserve,industry.sa.forestry.aggregate,adapter.external.external_world,promotion_requirements,"Source-backed opening state, covered probes, and named-plus-residual reconciliation.",Early-2006 profile planning index.
profile_reserve,industry.sa.pork.aggregate,adapter.external.external_world,promotion_requirements,"Source-backed opening state, covered probes, and named-plus-residual reconciliation.",Early-2006 profile planning index.
profile_reserve,institution.ae.central_bank,adapter.external.gulf_exporters,promotion_requirements,Distinct modeled authority or balance-sheet action; independently researched opening state and history; interface-compatible transmissions; complete named-plus-residual reconciliation.,Early-2006 profile planning index.
profile_reserve,institution.ae.energy_companies,adapter.external.gulf_exporters,promotion_requirements,Distinct modeled authority or balance-sheet action; independently researched opening state and history; interface-compatible transmissions; complete named-plus-residual reconciliation.,Early-2006 profile planning index.
profile_reserve,institution.ae.sovereign_funds,adapter.external.gulf_exporters,promotion_requirements,Distinct modeled authority or balance-sheet action; independently researched opening state and history; interface-compatible transmissions; complete named-plus-residual reconciliation.,Early-2006 profile planning index.
profile_reserve,institution.cn.military,adapter.external.china,promotion_requirements,Distinct modeled authority or balance-sheet action; independently researched opening state and history; interface-compatible transmissions; complete named-plus-residual reconciliation.,Early-2006 profile planning index.
profile_reserve,institution.cn.party_leadership,adapter.external.china,promotion_requirements,Distinct modeled authority or balance-sheet action; independently researched opening state and history; interface-compatible transmissions; complete named-plus-residual reconciliation.,Early-2006 profile planning index.
profile_reserve,institution.cn.pboc,adapter.external.china,promotion_requirements,Distinct modeled authority or balance-sheet action; independently researched opening state and history; interface-compatible transmissions; complete named-plus-residual reconciliation.,Early-2006 profile planning index.
profile_reserve,institution.cn.policy_banks,adapter.external.china,promotion_requirements,Distinct modeled authority or balance-sheet action; independently researched opening state and history; interface-compatible transmissions; complete named-plus-residual reconciliation.,Early-2006 profile planning index.
profile_reserve,institution.cn.safe,adapter.external.china,promotion_requirements,Distinct modeled authority or balance-sheet action; independently researched opening state and history; interface-compatible transmissions; complete named-plus-residual reconciliation.,Early-2006 profile planning index.
profile_reserve,institution.cn.state_council,adapter.external.china,promotion_requirements,Distinct modeled authority or balance-sheet action; independently researched opening state and history; interface-compatible transmissions; complete named-plus-residual reconciliation.,Early-2006 profile planning index.
profile_reserve,institution.de.government,adapter.external.euro_area,promotion_requirements,Distinct modeled authority or balance-sheet action; independently researched opening state and history; interface-compatible transmissions; complete named-plus-residual reconciliation.,Early-2006 profile planning index.
profile_reserve,institution.eu.commission,adapter.external.euro_area,promotion_requirements,Distinct modeled authority or balance-sheet action; independently researched opening state and history; interface-compatible transmissions; complete named-plus-residual reconciliation.,Early-2006 profile planning index.
profile_reserve,institution.eu.ecb,adapter.external.euro_area,promotion_requirements,Distinct modeled authority or balance-sheet action; independently researched opening state and history; interface-compatible transmissions; complete named-plus-residual reconciliation.,Early-2006 profile planning index.
profile_reserve,institution.eu.member_governments,adapter.external.euro_area,promotion_requirements,Distinct modeled authority or balance-sheet action; independently researched opening state and history; interface-compatible transmissions; complete named-plus-residual reconciliation.,Early-2006 profile planning index.
profile_reserve,institution.eu.national_central_banks,adapter.external.euro_area,promotion_requirements,Distinct modeled authority or balance-sheet action; independently researched opening state and history; interface-compatible transmissions; complete named-plus-residual reconciliation.,Early-2006 profile planning index.
profile_reserve,institution.fr.government,adapter.external.euro_area,promotion_requirements,Distinct modeled authority or balance-sheet action; independently researched opening state and history; interface-compatible transmissions; complete named-plus-residual reconciliation.,Early-2006 profile planning index.
profile_reserve,institution.il.bank_of_israel,adapter.external.emerging_markets,promotion_requirements,Distinct modeled authority or balance-sheet action; independently researched opening state and history; interface-compatible transmissions; complete named-plus-residual reconciliation.,Early-2006 profile planning index.
profile_reserve,institution.il.security,adapter.external.emerging_markets,promotion_requirements,Distinct modeled authority or balance-sheet action; independently researched opening state and history; interface-compatible transmissions; complete named-plus-residual reconciliation.,Early-2006 profile planning index.
profile_reserve,institution.ir.central_bank,adapter.external.emerging_markets,promotion_requirements,Distinct modeled authority or balance-sheet action; independently researched opening state and history; interface-compatible transmissions; complete named-plus-residual reconciliation.,Early-2006 profile planning index.
profile_reserve,institution.ir.irgc,adapter.external.emerging_markets,promotion_requirements,Distinct modeled authority or balance-sheet action; independently researched opening state and history; interface-compatible transmissions; complete named-plus-residual reconciliation.,Early-2006 profile planning index.
profile_reserve,institution.ir.oil,adapter.external.emerging_markets,promotion_requirements,Distinct modeled authority or balance-sheet action; independently researched opening state and history; interface-compatible transmissions; complete named-plus-residual reconciliation.,Early-2006 profile planning index.
profile_reserve,institution.it.government,adapter.external.euro_area,promotion_requirements,Distinct modeled authority or balance-sheet action; independently researched opening state and history; interface-compatible transmissions; complete named-plus-residual reconciliation.,Early-2006 profile planning index.
profile_reserve,institution.jp.boj,adapter.external.japan,promotion_requirements,Distinct modeled authority or balance-sheet action; independently researched opening state and history; interface-compatible transmissions; complete named-plus-residual reconciliation.,Early-2006 profile planning index.
profile_reserve,institution.jp.mof,adapter.external.japan,promotion_requirements,Distinct modeled authority or balance-sheet action; independently researched opening state and history; interface-compatible transmissions; complete named-plus-residual reconciliation.,Early-2006 profile planning index.
profile_reserve,institution.qa.central_bank,adapter.external.gulf_exporters,promotion_requirements,Distinct modeled authority or balance-sheet action; independently researched opening state and history; interface-compatible transmissions; complete named-plus-residual reconciliation.,Early-2006 profile planning index.
profile_reserve,institution.qa.energy_companies,adapter.external.gulf_exporters,promotion_requirements,Distinct modeled authority or balance-sheet action; independently researched opening state and history; interface-compatible transmissions; complete named-plus-residual reconciliation.,Early-2006 profile planning index.
profile_reserve,institution.qa.sovereign_funds,adapter.external.gulf_exporters,promotion_requirements,Distinct modeled authority or balance-sheet action; independently researched opening state and history; interface-compatible transmissions; complete named-plus-residual reconciliation.,Early-2006 profile planning index.
profile_reserve,institution.ru.central_bank,adapter.external.russia,promotion_requirements,Distinct modeled authority or balance-sheet action; independently researched opening state and history; interface-compatible transmissions; complete named-plus-residual reconciliation.,Early-2006 profile planning index.
profile_reserve,institution.ru.presidency,adapter.external.russia,promotion_requirements,Distinct modeled authority or balance-sheet action; independently researched opening state and history; interface-compatible transmissions; complete named-plus-residual reconciliation.,Early-2006 profile planning index.
profile_reserve,institution.ru.security,adapter.external.russia,promotion_requirements,Distinct modeled authority or balance-sheet action; independently researched opening state and history; interface-compatible transmissions; complete named-plus-residual reconciliation.,Early-2006 profile planning index.
profile_reserve,institution.sa.energy_ministry,adapter.external.gulf_exporters,promotion_requirements,Distinct modeled authority or balance-sheet action; independently researched opening state and history; interface-compatible transmissions; complete named-plus-residual reconciliation.,Early-2006 profile planning index.
profile_reserve,institution.sa.sama,adapter.external.gulf_exporters,promotion_requirements,Distinct modeled authority or balance-sheet action; independently researched opening state and history; interface-compatible transmissions; complete named-plus-residual reconciliation.,Early-2006 profile planning index.
profile_reserve,institution.sa.sovereign_funds,adapter.external.gulf_exporters,promotion_requirements,Distinct modeled authority or balance-sheet action; independently researched opening state and history; interface-compatible transmissions; complete named-plus-residual reconciliation.,Early-2006 profile planning index.
profile_reserve,institution.sg.mas,adapter.external.offshore_asia,promotion_requirements,Distinct modeled authority or balance-sheet action; independently researched opening state and history; interface-compatible transmissions; complete named-plus-residual reconciliation.,Early-2006 profile planning index.
profile_reserve,institution.sg.shipping,adapter.external.offshore_asia,promotion_requirements,Distinct modeled authority or balance-sheet action; independently researched opening state and history; interface-compatible transmissions; complete named-plus-residual reconciliation.,Early-2006 profile planning index.
profile_reserve,institution.sg.sovereign_funds,adapter.external.offshore_asia,promotion_requirements,Distinct modeled authority or balance-sheet action; independently researched opening state and history; interface-compatible transmissions; complete named-plus-residual reconciliation.,Early-2006 profile planning index.
profile_reserve,institution.uk.boe,adapter.external.united_kingdom,promotion_requirements,Distinct modeled authority or balance-sheet action; independently researched opening state and history; interface-compatible transmissions; complete named-plus-residual reconciliation.,Early-2006 profile planning index.
profile_reserve,institution.uk.dmo,adapter.external.united_kingdom,promotion_requirements,Distinct modeled authority or balance-sheet action; independently researched opening state and history; interface-compatible transmissions; complete named-plus-residual reconciliation.,Early-2006 profile planning index.
profile_reserve,institution.uk.government,adapter.external.united_kingdom,promotion_requirements,Distinct modeled authority or balance-sheet action; independently researched opening state and history; interface-compatible transmissions; complete named-plus-residual reconciliation.,Early-2006 profile planning index.
profile_reserve,market.product.global.coffee,adapter.external.external_world,promotion_requirements,"Source-backed opening state, covered probes, and named-plus-residual reconciliation.",Early-2006 profile planning index.
profile_reserve,market.product.global.pork,adapter.external.external_world,promotion_requirements,"Source-backed opening state, covered probes, and named-plus-residual reconciliation.",Early-2006 profile planning index.
profile_reserve,market.product.global.timber,adapter.external.external_world,promotion_requirements,"Source-backed opening state, covered probes, and named-plus-residual reconciliation.",Early-2006 profile planning index.
profile_reserve,mechanism.cross_border.chokepoint_shipping,adapter.external.emerging_markets,promotion_requirements,Distinct modeled authority or balance-sheet action; independently researched opening state and history; interface-compatible transmissions; complete named-plus-residual reconciliation.,Early-2006 profile planning index.
profile_reserve,mechanism.demand.global.coffee,adapter.external.external_world,promotion_requirements,"Source-backed opening state, covered probes, and named-plus-residual reconciliation.",Early-2006 profile planning index.
profile_reserve,mechanism.demand.global.pork,adapter.external.external_world,promotion_requirements,"Source-backed opening state, covered probes, and named-plus-residual reconciliation.",Early-2006 profile planning index.
profile_reserve,mechanism.demand.global.timber,adapter.external.external_world,promotion_requirements,"Source-backed opening state, covered probes, and named-plus-residual reconciliation.",Early-2006 profile planning index.
profile_reserve,mechanism.export.arabian_peninsula.petroleum,adapter.external.gulf_exporters,promotion_requirements,"Source-backed opening state, covered probes, and named-plus-residual reconciliation.",Early-2006 profile planning index.
profile_reserve,mechanism.flow.global.coffee,adapter.external.external_world,promotion_requirements,"Source-backed opening state, covered probes, and named-plus-residual reconciliation.",Early-2006 profile planning index.
profile_reserve,mechanism.flow.global.pork,adapter.external.external_world,promotion_requirements,"Source-backed opening state, covered probes, and named-plus-residual reconciliation.",Early-2006 profile planning index.
profile_reserve,mechanism.flow.global.timber,adapter.external.external_world,promotion_requirements,"Source-backed opening state, covered probes, and named-plus-residual reconciliation.",Early-2006 profile planning index.
profile_reserve,mechanism.hydropower.caucasus,adapter.external.emerging_markets,promotion_requirements,"Source-backed opening state, covered probes, and named-plus-residual reconciliation.",Early-2006 profile planning index.
profile_reserve,mechanism.hydropower.congo_basin,adapter.external.external_world,promotion_requirements,"Source-backed opening state, covered probes, and named-plus-residual reconciliation.",Early-2006 profile planning index.
profile_reserve,mechanism.sector.sa.coffee,adapter.external.external_world,promotion_requirements,"Source-backed opening state, covered probes, and named-plus-residual reconciliation.",Early-2006 profile planning index.
profile_reserve,mechanism.sector.sa.forestry,adapter.external.external_world,promotion_requirements,"Source-backed opening state, covered probes, and named-plus-residual reconciliation.",Early-2006 profile planning index.
profile_reserve,mechanism.sector.sa.hog_production,adapter.external.external_world,promotion_requirements,"Source-backed opening state, covered probes, and named-plus-residual reconciliation.",Early-2006 profile planning index.
profile_reserve,mechanism.transform.global.coffee_roasting,adapter.external.external_world,promotion_requirements,"Source-backed opening state, covered probes, and named-plus-residual reconciliation.",Early-2006 profile planning index.
profile_reserve,mechanism.transform.global.hogs_slaughter,adapter.external.external_world,promotion_requirements,"Source-backed opening state, covered probes, and named-plus-residual reconciliation.",Early-2006 profile planning index.
profile_reserve,mechanism.transform.global.timber_milling,adapter.external.external_world,promotion_requirements,"Source-backed opening state, covered probes, and named-plus-residual reconciliation.",Early-2006 profile planning index.
profile_reserve,mechanism.transit.caucasus.energy,adapter.external.emerging_markets,promotion_requirements,"Source-backed opening state, covered probes, and named-plus-residual reconciliation.",Early-2006 profile planning index.
profile_reserve,mechanism.transport.drc.minerals,adapter.external.external_world,promotion_requirements,"Source-backed opening state, covered probes, and named-plus-residual reconciliation.",Early-2006 profile planning index.
profile_reserve,mechanism.water.arabian_peninsula,adapter.external.gulf_exporters,promotion_requirements,"Source-backed opening state, covered probes, and named-plus-residual reconciliation.",Early-2006 profile planning index.
profile_reserve,process.climate_agriculture.amazon_basin,adapter.external.external_world,promotion_requirements,"Source-backed opening state, covered probes, and named-plus-residual reconciliation.",Early-2006 profile planning index.
profile_reserve,process.ecology.congo_basin,adapter.external.external_world,promotion_requirements,"Source-backed opening state, covered probes, and named-plus-residual reconciliation.",Early-2006 profile planning index.
profile_reserve,process.resources.arabian_peninsula,adapter.external.gulf_exporters,promotion_requirements,"Source-backed opening state, covered probes, and named-plus-residual reconciliation.",Early-2006 profile planning index.
profile_reserve,process.resources.caucasus,adapter.external.emerging_markets,promotion_requirements,"Source-backed opening state, covered probes, and named-plus-residual reconciliation.",Early-2006 profile planning index.
profile_reserve,sovereign.armenia,adapter.external.emerging_markets,promotion_requirements,"Source-backed opening state, covered probes, and named-plus-residual reconciliation.",Early-2006 profile planning index.
profile_reserve,sovereign.azerbaijan,adapter.external.emerging_markets,promotion_requirements,"Source-backed opening state, covered probes, and named-plus-residual reconciliation.",Early-2006 profile planning index.
profile_reserve,sovereign.drc,adapter.external.external_world,promotion_requirements,"Source-backed opening state, covered probes, and named-plus-residual reconciliation.",Early-2006 profile planning index.
profile_reserve,sovereign.georgia,adapter.external.emerging_markets,promotion_requirements,"Source-backed opening state, covered probes, and named-plus-residual reconciliation.",Early-2006 profile planning index.
relationship,UNKNOWN,rel.aggregates_into.external_region.aggregated_europe.global,relationship,"Resolved subject, object, canonical owner, lifecycle, observability, and witness.",04-design-discussion-minimum-simulation-kernel.md:819-837;05-design-discussion-representation-bible.md:678-690;05-design-discussion-representation-bible.md:737-771
relationship,UNKNOWN,rel.aggregates_into.external_region.central_africa.global,relationship,"Resolved subject, object, canonical owner, lifecycle, observability, and witness.",04-design-discussion-minimum-simulation-kernel.md:819-837;05-design-discussion-representation-bible.md:678-690;05-design-discussion-representation-bible.md:737-771
relationship,UNKNOWN,rel.aggregates_into.external_region.east_asia.global,relationship,"Resolved subject, object, canonical owner, lifecycle, observability, and witness.",04-design-discussion-minimum-simulation-kernel.md:819-837;05-design-discussion-representation-bible.md:678-690;05-design-discussion-representation-bible.md:737-771
relationship,UNKNOWN,rel.aggregates_into.external_region.eastern_europe.global,relationship,"Resolved subject, object, canonical owner, lifecycle, observability, and witness.",04-design-discussion-minimum-simulation-kernel.md:819-837;05-design-discussion-representation-bible.md:678-690;05-design-discussion-representation-bible.md:737-771
relationship,UNKNOWN,rel.aggregates_into.external_region.gulf.global,relationship,"Resolved subject, object, canonical owner, lifecycle, observability, and witness.",04-design-discussion-minimum-simulation-kernel.md:819-837;05-design-discussion-representation-bible.md:678-690;05-design-discussion-representation-bible.md:737-771
relationship,UNKNOWN,rel.aggregates_into.external_region.latin_america.global,relationship,"Resolved subject, object, canonical owner, lifecycle, observability, and witness.",04-design-discussion-minimum-simulation-kernel.md:819-837;05-design-discussion-representation-bible.md:678-690;05-design-discussion-representation-bible.md:737-771
relationship,UNKNOWN,rel.aggregates_into.external_region.middle_east.global,relationship,"Resolved subject, object, canonical owner, lifecycle, observability, and witness.",04-design-discussion-minimum-simulation-kernel.md:819-837;05-design-discussion-representation-bible.md:678-690;05-design-discussion-representation-bible.md:737-771
relationship,UNKNOWN,rel.aggregates_into.external_region.southeast_asia.global,relationship,"Resolved subject, object, canonical owner, lifecycle, observability, and witness.",04-design-discussion-minimum-simulation-kernel.md:819-837;05-design-discussion-representation-bible.md:678-690;05-design-discussion-representation-bible.md:737-771
relationship,agreement.us.federal_reserve.swap_lines,rel.agreement.swap_lines_federal_reserve,lifecycle,Source-backed effective period and exit conditions.,06-design-discussion-representation-catalog.md:339
relationship,auth.us.primary_dealer_designation,rel.designation.primary_dealers,lifecycle,Source-backed effective period and exit conditions.,06-design-discussion-representation-catalog.md:278;06-design-discussion-representation-catalog.md:378
relationship,body.us.federal_reserve.board_voting,rel.governance.board_voting_board,lifecycle,Source-backed effective period and exit conditions.,06-design-discussion-representation-catalog.md:256
relationship,body.us.federal_reserve.fomc,rel.authority.fomc_srf_terms,lifecycle,Source-backed effective period and exit conditions.,06-design-discussion-representation-catalog.md:1008-1015
relationship,body.us.federal_reserve.fomc,rel.governance.fomc_federal_reserve,lifecycle,Source-backed effective period and exit conditions.,06-design-discussion-representation-catalog.md:255;06-design-discussion-representation-catalog.md:269
relationship,body.us.federal_reserve.fomc,rel.schedule.fomc,lifecycle,Source-backed effective period and exit conditions.,06-design-discussion-representation-catalog.md:377;07-design-discussion-burrow-composition-probe.md:171
relationship,body.us.federal_reserve.reserve_bank_boards,rel.governance.reserve_boards_other_banks,lifecycle,Source-backed effective period and exit conditions.,06-design-discussion-representation-catalog.md:257
relationship,body.us.treasury.tbac,rel.advisory.tbac_treasury,lifecycle,Source-backed effective period and exit conditions.,06-design-discussion-representation-catalog.md:259
relationship,industry.amazon_basin.coffee,rel.amazon_coffee.operates_in_basin,lifecycle,Source-backed effective period and exit conditions.,06-design-discussion-representation-catalog.md:735
relationship,industry.amazon_basin.forestry,rel.amazon_forestry.extraction_right,lifecycle,Source-backed effective period and exit conditions.,06-design-discussion-representation-catalog.md:648
relationship,industry.amazon_basin.forestry,rel.amazon_forestry.operates_in_basin,lifecycle,Source-backed effective period and exit conditions.,06-design-discussion-representation-catalog.md:734
relationship,industry.amazon_basin.pork,rel.amazon_pork.operates_in_basin,lifecycle,Source-backed effective period and exit conditions.,06-design-discussion-representation-catalog.md:737
relationship,inst.us.bank.burrow,rel.burrow.chartered_by,relationship,"Resolved subject, object, canonical owner, lifecycle, observability, and witness.",06-design-discussion-representation-catalog.md:858;06-design-discussion-representation-catalog.md:872-876;06-design-discussion-representation-catalog.md:902
relationship,inst.us.bank.burrow,rel.burrow.customer_accounts,relationship,"Resolved subject, object, canonical owner, lifecycle, observability, and witness.",06-design-discussion-representation-catalog.md:872-876;06-design-discussion-representation-catalog.md:902
relationship,inst.us.bank.burrow,rel.burrow.funding_counterparties,relationship,"Resolved subject, object, canonical owner, lifecycle, observability, and witness.",06-design-discussion-representation-catalog.md:872-876;06-design-discussion-representation-catalog.md:902
relationship,inst.us.bank.burrow,rel.burrow.operates_in_home_district,relationship,"Resolved subject, object, canonical owner, lifecycle, observability, and witness.",06-design-discussion-representation-catalog.md:872-876;06-design-discussion-representation-catalog.md:902
relationship,inst.us.bank.burrow,rel.burrow.potential_acquirers,relationship,"Resolved subject, object, canonical owner, lifecycle, observability, and witness.",06-design-discussion-representation-catalog.md:872-876;06-design-discussion-representation-catalog.md:902
relationship,inst.us.bank.burrow,rel.burrow.supervised_by_fed,relationship,"Resolved subject, object, canonical owner, lifecycle, observability, and witness.",06-design-discussion-representation-catalog.md:872-876;06-design-discussion-representation-catalog.md:902
relationship,inst.us.bank.burrow,rel.burrow.supervised_by_state,relationship,"Resolved subject, object, canonical owner, lifecycle, observability, and witness.",None
relationship,inst.us.cme,rel.operation.cme_treasury_futures,lifecycle,Source-backed effective period and exit conditions.,06-design-discussion-representation-catalog.md:345
relationship,inst.us.federal_reserve.board,rel.membership.federal_reserve.board_system,lifecycle,Source-backed effective period and exit conditions.,06-design-discussion-representation-catalog.md:269;06-design-discussion-representation-catalog.md:960
relationship,inst.us.federal_reserve.new_york,rel.membership.federal_reserve.new_york_system,lifecycle,Source-backed effective period and exit conditions.,06-design-discussion-representation-catalog.md:269;06-design-discussion-representation-catalog.md:960
relationship,inst.us.federal_reserve.new_york,rel.publication.nyfed_sofr,lifecycle,Source-backed effective period and exit conditions.,06-design-discussion-representation-catalog.md:1030-1043
relationship,inst.us.federal_reserve.reserve_banks_other,rel.membership.federal_reserve.other_banks_system,lifecycle,Source-backed effective period and exit conditions.,06-design-discussion-representation-catalog.md:269;06-design-discussion-representation-catalog.md:960
relationship,inst.us.ficc,rel.operation.ficc_repo_clearer,lifecycle,Source-backed effective period and exit conditions.,06-design-discussion-representation-catalog.md:337
relationship,inst.us.treasury,rel.schedule.treasury_auction,lifecycle,Source-backed effective period and exit conditions.,06-design-discussion-representation-catalog.md:377
relationship,institution.media.aftv,rel.operates.media.aftv_company.aftv,relationship,"Resolved subject, object, canonical owner, lifecycle, observability, and witness.",06-design-discussion-representation-catalog.md:371;05-design-discussion-representation-bible.md:1691
relationship,institution.media.gnbc,rel.operates.media.gnbc_company.gnbc,relationship,"Resolved subject, object, canonical owner, lifecycle, observability, and witness.",06-design-discussion-representation-catalog.md:371;05-design-discussion-representation-bible.md:1691
relationship,institution.media.honkbox,rel.operates.media.honkbox_platform.honkbox_network,relationship,"Resolved subject, object, canonical owner, lifecycle, observability, and witness.",06-design-discussion-representation-catalog.md:373;06-design-discussion-representation-catalog.md:982-985
relationship,institution.media.loonberg,rel.operates.media.loonberg_company.loonberg,relationship,"Resolved subject, object, canonical owner, lifecycle, observability, and witness.",06-design-discussion-representation-catalog.md:371;05-design-discussion-representation-bible.md:1691
relationship,institution.media.wool_street_journal,rel.operates.media.wool_street_journal_company.wool_street_journal,relationship,"Resolved subject, object, canonical owner, lifecycle, observability, and witness.",06-design-discussion-representation-catalog.md:371;05-design-discussion-representation-bible.md:1691
relationship,institution.us.american.bankers.association,rel.represents.american.bankers.association.all.banks,relationship,"Resolved subject, object, canonical owner, lifecycle, observability, and witness.",06-design-discussion-representation-catalog.md:303
relationship,institution.us.bank.policy.institute,rel.represents.bank.policy.institute.large.banks,relationship,"Resolved subject, object, canonical owner, lifecycle, observability, and witness.",06-design-discussion-representation-catalog.md:303
relationship,institution.us.bea,rel.publishes.us.bea.pce,relationship,"Resolved subject, object, canonical owner, lifecycle, observability, and witness.",06-design-discussion-representation-catalog.md:1043;05-design-discussion-representation-bible.md:183;05-design-discussion-representation-bible.md:317
relationship,institution.us.bls,rel.publishes.us.bls.cpi,relationship,"Resolved subject, object, canonical owner, lifecycle, observability, and witness.",06-design-discussion-representation-catalog.md:1043;05-design-discussion-representation-bible.md:183;05-design-discussion-representation-bible.md:317
relationship,institution.us.chamber.of.commerce,rel.represents.chamber.commerce.business.generally,relationship,"Resolved subject, object, canonical owner, lifecycle, observability, and witness.",06-design-discussion-representation-catalog.md:308
relationship,institution.us.community.reinvestment.advocates,rel.represents.community.reinvestment.advocates.low.income.underserved.borrowers,relationship,"Resolved subject, object, canonical owner, lifecycle, observability, and witness.",06-design-discussion-representation-catalog.md:310
relationship,institution.us.consumer.finance.advocates,rel.represents.consumer.finance.advocates.low.income.underserved.borrowers,relationship,"Resolved subject, object, canonical owner, lifecycle, observability, and witness.",06-design-discussion-representation-catalog.md:310
relationship,institution.us.farm.bureau.analogue,rel.represents.farm.bureau.analogue.agricultural.producers,relationship,"Resolved subject, object, canonical owner, lifecycle, observability, and witness.",06-design-discussion-representation-catalog.md:311
relationship,institution.us.homebuilders,rel.represents.homebuilders.homebuilders,relationship,"Resolved subject, object, canonical owner, lifecycle, observability, and witness.",06-design-discussion-representation-catalog.md:306
relationship,institution.us.independent.community.bankers,rel.represents.independent.community.bankers.community.banks.credit.unions,relationship,"Resolved subject, object, canonical owner, lifecycle, observability, and witness.",06-design-discussion-representation-catalog.md:303;06-design-discussion-representation-catalog.md:285
relationship,institution.us.investment.company.institute.analogue,rel.represents.investment.company.institute.analogue.money.market.mutual.funds,relationship,"Resolved subject, object, canonical owner, lifecycle, observability, and witness.",06-design-discussion-representation-catalog.md:302
relationship,institution.us.labor.federation,rel.represents.labor.federation.workers.by.sector,relationship,"Resolved subject, object, canonical owner, lifecycle, observability, and witness.",06-design-discussion-representation-catalog.md:309
relationship,institution.us.managed.funds.association,rel.represents.managed.funds.association.hedge.funds,relationship,"Resolved subject, object, canonical owner, lifecycle, observability, and witness.",06-design-discussion-representation-catalog.md:305
relationship,institution.us.member.unions,rel.represents.member.unions.workers.by.sector,relationship,"Resolved subject, object, canonical owner, lifecycle, observability, and witness.",06-design-discussion-representation-catalog.md:309
relationship,institution.us.mortgage.bankers,rel.represents.mortgage.bankers.mortgage.originators,relationship,"Resolved subject, object, canonical owner, lifecycle, observability, and witness.",06-design-discussion-representation-catalog.md:306
relationship,institution.us.new_york_fed,rel.publishes.us.new_york_fed.sofr,relationship,"Resolved subject, object, canonical owner, lifecycle, observability, and witness.",06-design-discussion-representation-catalog.md:1030-1042
relationship,institution.us.realtors,rel.represents.realtors.real.estate.agents,relationship,"Resolved subject, object, canonical owner, lifecycle, observability, and witness.",06-design-discussion-representation-catalog.md:306
relationship,institution.us.retiree.association.aarp.analogue,rel.represents.retiree.association.near.retirees,relationship,"Resolved subject, object, canonical owner, lifecycle, observability, and witness.",06-design-discussion-representation-catalog.md:307
relationship,institution.us.retiree.association.aarp.analogue,rel.represents.retiree.association.retirees,relationship,"Resolved subject, object, canonical owner, lifecycle, observability, and witness.",06-design-discussion-representation-catalog.md:307
relationship,institution.us.securities.industry.association,rel.represents.securities.industry.association.dealers.market.makers,relationship,"Resolved subject, object, canonical owner, lifecycle, observability, and witness.",06-design-discussion-representation-catalog.md:304
relationship,institution.us.small.business.federation,rel.represents.small.business.federation.small.firms,relationship,"Resolved subject, object, canonical owner, lifecycle, observability, and witness.",06-design-discussion-representation-catalog.md:308
relationship,legal.us.federal_reserve.section_13_3,rel.authority.13_3_treasury_consent,lifecycle,Source-backed effective period and exit conditions.,06-design-discussion-representation-catalog.md:1519-1521;07-design-discussion-burrow-composition-probe.md:160-173
relationship,mechanism.transform.global.hogs_slaughter,rel.hogs_slaughter.supplied_by_amazon_hogs,relationship,"Resolved subject, object, canonical owner, lifecycle, observability, and witness.",06-design-discussion-representation-catalog.md:739
relationship,mechanism.transform.global.timber_milling,rel.timber_milling.supplied_by_amazon_forestry,relationship,"Resolved subject, object, canonical owner, lifecycle, observability, and witness.",06-design-discussion-representation-catalog.md:738
relationship,office.media.aftv.anchor_chair,rel.belongs_to.media.aftv_anchor_chair.aftv,relationship,"Resolved subject, object, canonical owner, lifecycle, observability, and witness.",06-design-discussion-representation-catalog.md:1551;06-design-discussion-representation-catalog.md:1689
relationship,office.media.gnbc.anchor_chair,rel.belongs_to.media.gnbc_anchor_chair.gnbc,relationship,"Resolved subject, object, canonical owner, lifecycle, observability, and witness.",06-design-discussion-representation-catalog.md:1551;06-design-discussion-representation-catalog.md:1689
relationship,office.media.wool_street_journal.fed_beat,rel.belongs_to.media.wsj_fed_beat.wsj,relationship,"Resolved subject, object, canonical owner, lifecycle, observability, and witness.",06-design-discussion-representation-catalog.md:1551;06-design-discussion-representation-catalog.md:1689
relationship,organization_cohort.market.credit_rating_agencies,rel.publishes.market.credit_rating_agencies.credit_ratings,relationship,"Resolved subject, object, canonical owner, lifecycle, observability, and witness.",06-design-discussion-representation-catalog.md:355;05-design-discussion-representation-bible.md:183
relationship,person.media.aftv_host,rel.holds.media.aftv_host.aftv_anchor_chair,relationship,"Resolved subject, object, canonical owner, lifecycle, observability, and witness.",06-design-discussion-representation-catalog.md:252;06-design-discussion-representation-catalog.md:1551-1558
relationship,person.media.gnbc_anchor,rel.holds.media.gnbc_anchor.gnbc_anchor_chair,relationship,"Resolved subject, object, canonical owner, lifecycle, observability, and witness.",06-design-discussion-representation-catalog.md:252;06-design-discussion-representation-catalog.md:1551-1558
relationship,person.media.wool_street_journal_fed_reporter,rel.holds.media.wsj_fed_reporter.wsj_fed_beat,relationship,"Resolved subject, object, canonical owner, lifecycle, observability, and witness.",06-design-discussion-representation-catalog.md:252;06-design-discussion-representation-catalog.md:1551-1558
relationship,poplens.media.honkbox.posting_population,rel.projects.media.honkbox_posting_population.honkbox,relationship,"Resolved subject, object, canonical owner, lifecycle, observability, and witness.",06-design-discussion-representation-catalog.md:373;06-design-discussion-representation-catalog.md:982-985
relationship,record.media.goosetogetherstrong.margin_call,rel.sources.media.goose_margin_call.goosetogetherstrong,relationship,"Resolved subject, object, canonical owner, lifecycle, observability, and witness.",task.md:775;task.md:796-805
relationship,record.media.loonberg.ust_10y_auction_tail,rel.sources.media.loonberg_auction_tail.loonberg,relationship,"Resolved subject, object, canonical owner, lifecycle, observability, and witness.",task.md:731;task.md:796-805
relationship,record.media.the_herd.large_fox_shop_cutting_10s,rel.sources.media.herd_cutting_10s.the_herd,relationship,"Resolved subject, object, canonical owner, lifecycle, observability, and witness.",task.md:742;task.md:796-805
relationship,record.us.treasury.indemnification_13_3,rel.indemnity.treasury_esf_13_3,relationship,"Resolved subject, object, canonical owner, lifecycle, observability, and witness.",06-design-discussion-representation-catalog.md:363
relationship,schedule.us.federal_reserve.fomc,rel.derivation.fomc_blackout,lifecycle,Source-backed effective period and exit conditions.,07-design-discussion-burrow-composition-probe.md:165-173
relationship,staff.us.federal_reserve.ny_markets_group,rel.operation.ny_markets_soma,lifecycle,Source-backed effective period and exit conditions.,06-design-discussion-representation-catalog.md:261;07-design-discussion-burrow-composition-probe.md:144
transmission,UNKNOWN,tx.depositor_instructions.to_burrow,endpoint,"Resolved producer, output/state, consumer, transformation owner, unit, witness, and fallback behavior.",06-design-discussion-representation-catalog.md:877-884;06-design-discussion-representation-catalog.md:904;07-design-discussion-burrow-composition-probe.md:140;07-design-discussion-burrow-composition-probe.md:192
transmission,UNKNOWN,tx.economic_boundary.external_region.aggregated_europe.commodities.external_region.global,endpoint,"Resolved producer, output/state, consumer, transformation owner, unit, witness, and fallback behavior.",04-design-discussion-minimum-simulation-kernel.md:819-837;05-design-discussion-representation-bible.md:678-690;05-design-discussion-representation-bible.md:737-771
transmission,UNKNOWN,tx.economic_boundary.external_region.aggregated_europe.currency.external_region.global,endpoint,"Resolved producer, output/state, consumer, transformation owner, unit, witness, and fallback behavior.",04-design-discussion-minimum-simulation-kernel.md:819-837;05-design-discussion-representation-bible.md:678-690;05-design-discussion-representation-bible.md:737-771
transmission,UNKNOWN,tx.economic_boundary.external_region.aggregated_europe.dollar_funding.external_region.global,endpoint,"Resolved producer, output/state, consumer, transformation owner, unit, witness, and fallback behavior.",04-design-discussion-minimum-simulation-kernel.md:819-837;05-design-discussion-representation-bible.md:678-690;05-design-discussion-representation-bible.md:737-771
transmission,UNKNOWN,tx.economic_boundary.external_region.aggregated_europe.financial_stress.external_region.global,endpoint,"Resolved producer, output/state, consumer, transformation owner, unit, witness, and fallback behavior.",04-design-discussion-minimum-simulation-kernel.md:819-837;05-design-discussion-representation-bible.md:678-690;05-design-discussion-representation-bible.md:737-771
transmission,UNKNOWN,tx.economic_boundary.external_region.aggregated_europe.growth_demand.external_region.global,endpoint,"Resolved producer, output/state, consumer, transformation owner, unit, witness, and fallback behavior.",04-design-discussion-minimum-simulation-kernel.md:819-837;05-design-discussion-representation-bible.md:678-690;05-design-discussion-representation-bible.md:737-771
transmission,UNKNOWN,tx.economic_boundary.external_region.aggregated_europe.policy_stance.external_region.global,endpoint,"Resolved producer, output/state, consumer, transformation owner, unit, witness, and fallback behavior.",04-design-discussion-minimum-simulation-kernel.md:819-837;05-design-discussion-representation-bible.md:678-690;05-design-discussion-representation-bible.md:737-771
transmission,UNKNOWN,tx.economic_boundary.external_region.aggregated_europe.reserves.external_region.global,endpoint,"Resolved producer, output/state, consumer, transformation owner, unit, witness, and fallback behavior.",04-design-discussion-minimum-simulation-kernel.md:819-837;05-design-discussion-representation-bible.md:678-690;05-design-discussion-representation-bible.md:737-771
transmission,UNKNOWN,tx.economic_boundary.external_region.aggregated_europe.trade.external_region.global,endpoint,"Resolved producer, output/state, consumer, transformation owner, unit, witness, and fallback behavior.",04-design-discussion-minimum-simulation-kernel.md:819-837;05-design-discussion-representation-bible.md:678-690;05-design-discussion-representation-bible.md:737-771
transmission,UNKNOWN,tx.economic_boundary.external_region.central_africa.commodities.external_region.global,endpoint,"Resolved producer, output/state, consumer, transformation owner, unit, witness, and fallback behavior.",04-design-discussion-minimum-simulation-kernel.md:819-837;05-design-discussion-representation-bible.md:678-690;05-design-discussion-representation-bible.md:737-771
transmission,UNKNOWN,tx.economic_boundary.external_region.central_africa.currency.external_region.global,endpoint,"Resolved producer, output/state, consumer, transformation owner, unit, witness, and fallback behavior.",04-design-discussion-minimum-simulation-kernel.md:819-837;05-design-discussion-representation-bible.md:678-690;05-design-discussion-representation-bible.md:737-771
transmission,UNKNOWN,tx.economic_boundary.external_region.central_africa.dollar_funding.external_region.global,endpoint,"Resolved producer, output/state, consumer, transformation owner, unit, witness, and fallback behavior.",04-design-discussion-minimum-simulation-kernel.md:819-837;05-design-discussion-representation-bible.md:678-690;05-design-discussion-representation-bible.md:737-771
transmission,UNKNOWN,tx.economic_boundary.external_region.central_africa.financial_stress.external_region.global,endpoint,"Resolved producer, output/state, consumer, transformation owner, unit, witness, and fallback behavior.",04-design-discussion-minimum-simulation-kernel.md:819-837;05-design-discussion-representation-bible.md:678-690;05-design-discussion-representation-bible.md:737-771
transmission,UNKNOWN,tx.economic_boundary.external_region.central_africa.growth_demand.external_region.global,endpoint,"Resolved producer, output/state, consumer, transformation owner, unit, witness, and fallback behavior.",04-design-discussion-minimum-simulation-kernel.md:819-837;05-design-discussion-representation-bible.md:678-690;05-design-discussion-representation-bible.md:737-771
transmission,UNKNOWN,tx.economic_boundary.external_region.central_africa.policy_stance.external_region.global,endpoint,"Resolved producer, output/state, consumer, transformation owner, unit, witness, and fallback behavior.",04-design-discussion-minimum-simulation-kernel.md:819-837;05-design-discussion-representation-bible.md:678-690;05-design-discussion-representation-bible.md:737-771
transmission,UNKNOWN,tx.economic_boundary.external_region.central_africa.reserves.external_region.global,endpoint,"Resolved producer, output/state, consumer, transformation owner, unit, witness, and fallback behavior.",04-design-discussion-minimum-simulation-kernel.md:819-837;05-design-discussion-representation-bible.md:678-690;05-design-discussion-representation-bible.md:737-771
transmission,UNKNOWN,tx.economic_boundary.external_region.central_africa.trade.external_region.global,endpoint,"Resolved producer, output/state, consumer, transformation owner, unit, witness, and fallback behavior.",04-design-discussion-minimum-simulation-kernel.md:819-837;05-design-discussion-representation-bible.md:678-690;05-design-discussion-representation-bible.md:737-771
transmission,UNKNOWN,tx.economic_boundary.external_region.east_asia.commodities.external_region.global,endpoint,"Resolved producer, output/state, consumer, transformation owner, unit, witness, and fallback behavior.",04-design-discussion-minimum-simulation-kernel.md:819-837;05-design-discussion-representation-bible.md:678-690;05-design-discussion-representation-bible.md:737-771
transmission,UNKNOWN,tx.economic_boundary.external_region.east_asia.currency.external_region.global,endpoint,"Resolved producer, output/state, consumer, transformation owner, unit, witness, and fallback behavior.",04-design-discussion-minimum-simulation-kernel.md:819-837;05-design-discussion-representation-bible.md:678-690;05-design-discussion-representation-bible.md:737-771
transmission,UNKNOWN,tx.economic_boundary.external_region.east_asia.dollar_funding.external_region.global,endpoint,"Resolved producer, output/state, consumer, transformation owner, unit, witness, and fallback behavior.",04-design-discussion-minimum-simulation-kernel.md:819-837;05-design-discussion-representation-bible.md:678-690;05-design-discussion-representation-bible.md:737-771
transmission,UNKNOWN,tx.economic_boundary.external_region.east_asia.financial_stress.external_region.global,endpoint,"Resolved producer, output/state, consumer, transformation owner, unit, witness, and fallback behavior.",04-design-discussion-minimum-simulation-kernel.md:819-837;05-design-discussion-representation-bible.md:678-690;05-design-discussion-representation-bible.md:737-771
transmission,UNKNOWN,tx.economic_boundary.external_region.east_asia.growth_demand.external_region.global,endpoint,"Resolved producer, output/state, consumer, transformation owner, unit, witness, and fallback behavior.",04-design-discussion-minimum-simulation-kernel.md:819-837;05-design-discussion-representation-bible.md:678-690;05-design-discussion-representation-bible.md:737-771
transmission,UNKNOWN,tx.economic_boundary.external_region.east_asia.policy_stance.external_region.global,endpoint,"Resolved producer, output/state, consumer, transformation owner, unit, witness, and fallback behavior.",04-design-discussion-minimum-simulation-kernel.md:819-837;05-design-discussion-representation-bible.md:678-690;05-design-discussion-representation-bible.md:737-771
transmission,UNKNOWN,tx.economic_boundary.external_region.east_asia.reserves.external_region.global,endpoint,"Resolved producer, output/state, consumer, transformation owner, unit, witness, and fallback behavior.",04-design-discussion-minimum-simulation-kernel.md:819-837;05-design-discussion-representation-bible.md:678-690;05-design-discussion-representation-bible.md:737-771
transmission,UNKNOWN,tx.economic_boundary.external_region.east_asia.trade.external_region.global,endpoint,"Resolved producer, output/state, consumer, transformation owner, unit, witness, and fallback behavior.",04-design-discussion-minimum-simulation-kernel.md:819-837;05-design-discussion-representation-bible.md:678-690;05-design-discussion-representation-bible.md:737-771
transmission,UNKNOWN,tx.economic_boundary.external_region.eastern_europe.commodities.external_region.global,endpoint,"Resolved producer, output/state, consumer, transformation owner, unit, witness, and fallback behavior.",04-design-discussion-minimum-simulation-kernel.md:819-837;05-design-discussion-representation-bible.md:678-690;05-design-discussion-representation-bible.md:737-771
transmission,UNKNOWN,tx.economic_boundary.external_region.eastern_europe.currency.external_region.global,endpoint,"Resolved producer, output/state, consumer, transformation owner, unit, witness, and fallback behavior.",04-design-discussion-minimum-simulation-kernel.md:819-837;05-design-discussion-representation-bible.md:678-690;05-design-discussion-representation-bible.md:737-771
transmission,UNKNOWN,tx.economic_boundary.external_region.eastern_europe.dollar_funding.external_region.global,endpoint,"Resolved producer, output/state, consumer, transformation owner, unit, witness, and fallback behavior.",04-design-discussion-minimum-simulation-kernel.md:819-837;05-design-discussion-representation-bible.md:678-690;05-design-discussion-representation-bible.md:737-771
transmission,UNKNOWN,tx.economic_boundary.external_region.eastern_europe.financial_stress.external_region.global,endpoint,"Resolved producer, output/state, consumer, transformation owner, unit, witness, and fallback behavior.",04-design-discussion-minimum-simulation-kernel.md:819-837;05-design-discussion-representation-bible.md:678-690;05-design-discussion-representation-bible.md:737-771
transmission,UNKNOWN,tx.economic_boundary.external_region.eastern_europe.growth_demand.external_region.global,endpoint,"Resolved producer, output/state, consumer, transformation owner, unit, witness, and fallback behavior.",04-design-discussion-minimum-simulation-kernel.md:819-837;05-design-discussion-representation-bible.md:678-690;05-design-discussion-representation-bible.md:737-771
transmission,UNKNOWN,tx.economic_boundary.external_region.eastern_europe.policy_stance.external_region.global,endpoint,"Resolved producer, output/state, consumer, transformation owner, unit, witness, and fallback behavior.",04-design-discussion-minimum-simulation-kernel.md:819-837;05-design-discussion-representation-bible.md:678-690;05-design-discussion-representation-bible.md:737-771
transmission,UNKNOWN,tx.economic_boundary.external_region.eastern_europe.reserves.external_region.global,endpoint,"Resolved producer, output/state, consumer, transformation owner, unit, witness, and fallback behavior.",04-design-discussion-minimum-simulation-kernel.md:819-837;05-design-discussion-representation-bible.md:678-690;05-design-discussion-representation-bible.md:737-771
transmission,UNKNOWN,tx.economic_boundary.external_region.eastern_europe.trade.external_region.global,endpoint,"Resolved producer, output/state, consumer, transformation owner, unit, witness, and fallback behavior.",04-design-discussion-minimum-simulation-kernel.md:819-837;05-design-discussion-representation-bible.md:678-690;05-design-discussion-representation-bible.md:737-771
transmission,UNKNOWN,tx.economic_boundary.external_region.gulf.commodities.external_region.global,endpoint,"Resolved producer, output/state, consumer, transformation owner, unit, witness, and fallback behavior.",04-design-discussion-minimum-simulation-kernel.md:819-837;05-design-discussion-representation-bible.md:678-690;05-design-discussion-representation-bible.md:737-771
transmission,UNKNOWN,tx.economic_boundary.external_region.gulf.currency.external_region.global,endpoint,"Resolved producer, output/state, consumer, transformation owner, unit, witness, and fallback behavior.",04-design-discussion-minimum-simulation-kernel.md:819-837;05-design-discussion-representation-bible.md:678-690;05-design-discussion-representation-bible.md:737-771
transmission,UNKNOWN,tx.economic_boundary.external_region.gulf.dollar_funding.external_region.global,endpoint,"Resolved producer, output/state, consumer, transformation owner, unit, witness, and fallback behavior.",04-design-discussion-minimum-simulation-kernel.md:819-837;05-design-discussion-representation-bible.md:678-690;05-design-discussion-representation-bible.md:737-771
transmission,UNKNOWN,tx.economic_boundary.external_region.gulf.financial_stress.external_region.global,endpoint,"Resolved producer, output/state, consumer, transformation owner, unit, witness, and fallback behavior.",04-design-discussion-minimum-simulation-kernel.md:819-837;05-design-discussion-representation-bible.md:678-690;05-design-discussion-representation-bible.md:737-771
transmission,UNKNOWN,tx.economic_boundary.external_region.gulf.growth_demand.external_region.global,endpoint,"Resolved producer, output/state, consumer, transformation owner, unit, witness, and fallback behavior.",04-design-discussion-minimum-simulation-kernel.md:819-837;05-design-discussion-representation-bible.md:678-690;05-design-discussion-representation-bible.md:737-771
transmission,UNKNOWN,tx.economic_boundary.external_region.gulf.policy_stance.external_region.global,endpoint,"Resolved producer, output/state, consumer, transformation owner, unit, witness, and fallback behavior.",04-design-discussion-minimum-simulation-kernel.md:819-837;05-design-discussion-representation-bible.md:678-690;05-design-discussion-representation-bible.md:737-771
transmission,UNKNOWN,tx.economic_boundary.external_region.gulf.reserves.external_region.global,endpoint,"Resolved producer, output/state, consumer, transformation owner, unit, witness, and fallback behavior.",04-design-discussion-minimum-simulation-kernel.md:819-837;05-design-discussion-representation-bible.md:678-690;05-design-discussion-representation-bible.md:737-771
transmission,UNKNOWN,tx.economic_boundary.external_region.gulf.trade.external_region.global,endpoint,"Resolved producer, output/state, consumer, transformation owner, unit, witness, and fallback behavior.",04-design-discussion-minimum-simulation-kernel.md:819-837;05-design-discussion-representation-bible.md:678-690;05-design-discussion-representation-bible.md:737-771
transmission,UNKNOWN,tx.economic_boundary.external_region.latin_america.commodities.external_region.global,endpoint,"Resolved producer, output/state, consumer, transformation owner, unit, witness, and fallback behavior.",04-design-discussion-minimum-simulation-kernel.md:819-837;05-design-discussion-representation-bible.md:678-690;05-design-discussion-representation-bible.md:737-771
transmission,UNKNOWN,tx.economic_boundary.external_region.latin_america.currency.external_region.global,endpoint,"Resolved producer, output/state, consumer, transformation owner, unit, witness, and fallback behavior.",04-design-discussion-minimum-simulation-kernel.md:819-837;05-design-discussion-representation-bible.md:678-690;05-design-discussion-representation-bible.md:737-771
transmission,UNKNOWN,tx.economic_boundary.external_region.latin_america.dollar_funding.external_region.global,endpoint,"Resolved producer, output/state, consumer, transformation owner, unit, witness, and fallback behavior.",04-design-discussion-minimum-simulation-kernel.md:819-837;05-design-discussion-representation-bible.md:678-690;05-design-discussion-representation-bible.md:737-771
transmission,UNKNOWN,tx.economic_boundary.external_region.latin_america.financial_stress.external_region.global,endpoint,"Resolved producer, output/state, consumer, transformation owner, unit, witness, and fallback behavior.",04-design-discussion-minimum-simulation-kernel.md:819-837;05-design-discussion-representation-bible.md:678-690;05-design-discussion-representation-bible.md:737-771
transmission,UNKNOWN,tx.economic_boundary.external_region.latin_america.growth_demand.external_region.global,endpoint,"Resolved producer, output/state, consumer, transformation owner, unit, witness, and fallback behavior.",04-design-discussion-minimum-simulation-kernel.md:819-837;05-design-discussion-representation-bible.md:678-690;05-design-discussion-representation-bible.md:737-771
transmission,UNKNOWN,tx.economic_boundary.external_region.latin_america.policy_stance.external_region.global,endpoint,"Resolved producer, output/state, consumer, transformation owner, unit, witness, and fallback behavior.",04-design-discussion-minimum-simulation-kernel.md:819-837;05-design-discussion-representation-bible.md:678-690;05-design-discussion-representation-bible.md:737-771
transmission,UNKNOWN,tx.economic_boundary.external_region.latin_america.reserves.external_region.global,endpoint,"Resolved producer, output/state, consumer, transformation owner, unit, witness, and fallback behavior.",04-design-discussion-minimum-simulation-kernel.md:819-837;05-design-discussion-representation-bible.md:678-690;05-design-discussion-representation-bible.md:737-771
transmission,UNKNOWN,tx.economic_boundary.external_region.latin_america.trade.external_region.global,endpoint,"Resolved producer, output/state, consumer, transformation owner, unit, witness, and fallback behavior.",04-design-discussion-minimum-simulation-kernel.md:819-837;05-design-discussion-representation-bible.md:678-690;05-design-discussion-representation-bible.md:737-771
transmission,UNKNOWN,tx.economic_boundary.external_region.middle_east.commodities.external_region.global,endpoint,"Resolved producer, output/state, consumer, transformation owner, unit, witness, and fallback behavior.",04-design-discussion-minimum-simulation-kernel.md:819-837;05-design-discussion-representation-bible.md:678-690;05-design-discussion-representation-bible.md:737-771
transmission,UNKNOWN,tx.economic_boundary.external_region.middle_east.currency.external_region.global,endpoint,"Resolved producer, output/state, consumer, transformation owner, unit, witness, and fallback behavior.",04-design-discussion-minimum-simulation-kernel.md:819-837;05-design-discussion-representation-bible.md:678-690;05-design-discussion-representation-bible.md:737-771
transmission,UNKNOWN,tx.economic_boundary.external_region.middle_east.dollar_funding.external_region.global,endpoint,"Resolved producer, output/state, consumer, transformation owner, unit, witness, and fallback behavior.",04-design-discussion-minimum-simulation-kernel.md:819-837;05-design-discussion-representation-bible.md:678-690;05-design-discussion-representation-bible.md:737-771
transmission,UNKNOWN,tx.economic_boundary.external_region.middle_east.financial_stress.external_region.global,endpoint,"Resolved producer, output/state, consumer, transformation owner, unit, witness, and fallback behavior.",04-design-discussion-minimum-simulation-kernel.md:819-837;05-design-discussion-representation-bible.md:678-690;05-design-discussion-representation-bible.md:737-771
transmission,UNKNOWN,tx.economic_boundary.external_region.middle_east.growth_demand.external_region.global,endpoint,"Resolved producer, output/state, consumer, transformation owner, unit, witness, and fallback behavior.",04-design-discussion-minimum-simulation-kernel.md:819-837;05-design-discussion-representation-bible.md:678-690;05-design-discussion-representation-bible.md:737-771
transmission,UNKNOWN,tx.economic_boundary.external_region.middle_east.policy_stance.external_region.global,endpoint,"Resolved producer, output/state, consumer, transformation owner, unit, witness, and fallback behavior.",04-design-discussion-minimum-simulation-kernel.md:819-837;05-design-discussion-representation-bible.md:678-690;05-design-discussion-representation-bible.md:737-771
transmission,UNKNOWN,tx.economic_boundary.external_region.middle_east.reserves.external_region.global,endpoint,"Resolved producer, output/state, consumer, transformation owner, unit, witness, and fallback behavior.",04-design-discussion-minimum-simulation-kernel.md:819-837;05-design-discussion-representation-bible.md:678-690;05-design-discussion-representation-bible.md:737-771
transmission,UNKNOWN,tx.economic_boundary.external_region.middle_east.trade.external_region.global,endpoint,"Resolved producer, output/state, consumer, transformation owner, unit, witness, and fallback behavior.",04-design-discussion-minimum-simulation-kernel.md:819-837;05-design-discussion-representation-bible.md:678-690;05-design-discussion-representation-bible.md:737-771
transmission,UNKNOWN,tx.economic_boundary.external_region.southeast_asia.commodities.external_region.global,endpoint,"Resolved producer, output/state, consumer, transformation owner, unit, witness, and fallback behavior.",04-design-discussion-minimum-simulation-kernel.md:819-837;05-design-discussion-representation-bible.md:678-690;05-design-discussion-representation-bible.md:737-771
transmission,UNKNOWN,tx.economic_boundary.external_region.southeast_asia.currency.external_region.global,endpoint,"Resolved producer, output/state, consumer, transformation owner, unit, witness, and fallback behavior.",04-design-discussion-minimum-simulation-kernel.md:819-837;05-design-discussion-representation-bible.md:678-690;05-design-discussion-representation-bible.md:737-771
transmission,UNKNOWN,tx.economic_boundary.external_region.southeast_asia.dollar_funding.external_region.global,endpoint,"Resolved producer, output/state, consumer, transformation owner, unit, witness, and fallback behavior.",04-design-discussion-minimum-simulation-kernel.md:819-837;05-design-discussion-representation-bible.md:678-690;05-design-discussion-representation-bible.md:737-771
transmission,UNKNOWN,tx.economic_boundary.external_region.southeast_asia.financial_stress.external_region.global,endpoint,"Resolved producer, output/state, consumer, transformation owner, unit, witness, and fallback behavior.",04-design-discussion-minimum-simulation-kernel.md:819-837;05-design-discussion-representation-bible.md:678-690;05-design-discussion-representation-bible.md:737-771
transmission,UNKNOWN,tx.economic_boundary.external_region.southeast_asia.growth_demand.external_region.global,endpoint,"Resolved producer, output/state, consumer, transformation owner, unit, witness, and fallback behavior.",04-design-discussion-minimum-simulation-kernel.md:819-837;05-design-discussion-representation-bible.md:678-690;05-design-discussion-representation-bible.md:737-771
transmission,UNKNOWN,tx.economic_boundary.external_region.southeast_asia.policy_stance.external_region.global,endpoint,"Resolved producer, output/state, consumer, transformation owner, unit, witness, and fallback behavior.",04-design-discussion-minimum-simulation-kernel.md:819-837;05-design-discussion-representation-bible.md:678-690;05-design-discussion-representation-bible.md:737-771
transmission,UNKNOWN,tx.economic_boundary.external_region.southeast_asia.reserves.external_region.global,endpoint,"Resolved producer, output/state, consumer, transformation owner, unit, witness, and fallback behavior.",04-design-discussion-minimum-simulation-kernel.md:819-837;05-design-discussion-representation-bible.md:678-690;05-design-discussion-representation-bible.md:737-771
transmission,UNKNOWN,tx.economic_boundary.external_region.southeast_asia.trade.external_region.global,endpoint,"Resolved producer, output/state, consumer, transformation owner, unit, witness, and fallback behavior.",04-design-discussion-minimum-simulation-kernel.md:819-837;05-design-discussion-representation-bible.md:678-690;05-design-discussion-representation-bible.md:737-771
transmission,UNKNOWN,tx.facility_offers.to_burrow,endpoint,"Resolved producer, output/state, consumer, transformation owner, unit, witness, and fallback behavior.",06-design-discussion-representation-catalog.md:877-884;06-design-discussion-representation-catalog.md:904;07-design-discussion-burrow-composition-probe.md:190
transmission,UNKNOWN,tx.market_observations.to_burrow,endpoint,"Resolved producer, output/state, consumer, transformation owner, unit, witness, and fallback behavior.",06-design-discussion-representation-catalog.md:877-884;06-design-discussion-representation-catalog.md:904;07-design-discussion-burrow-composition-probe.md:122;07-design-discussion-burrow-composition-probe.md:181
transmission,UNKNOWN,tx.published_references.to_burrow,endpoint,"Resolved producer, output/state, consumer, transformation owner, unit, witness, and fallback behavior.",06-design-discussion-representation-catalog.md:877-884;06-design-discussion-representation-catalog.md:904;07-design-discussion-burrow-composition-probe.md:182
transmission,UNKNOWN,tx.settlement_results.to_burrow,endpoint,"Resolved producer, output/state, consumer, transformation owner, unit, witness, and fallback behavior.",06-design-discussion-representation-catalog.md:877-884;06-design-discussion-representation-catalog.md:904;07-design-discussion-burrow-composition-probe.md:290
transmission,UNKNOWN,tx.supervision.to_burrow,endpoint,"Resolved producer, output/state, consumer, transformation owner, unit, witness, and fallback behavior.",06-design-discussion-representation-catalog.md:877-884;06-design-discussion-representation-catalog.md:904;07-design-discussion-burrow-composition-probe.md:184
transmission,adapter.real.us.construction_inputs,tx.us_construction.to_housing_activity,endpoint,"Resolved producer, output/state, consumer, transformation owner, unit, witness, and fallback behavior.",06-design-discussion-representation-catalog.md:681
transmission,adapter.real.us.food_baskets,tx.us_food_baskets.to_price_measurement,endpoint,"Resolved producer, output/state, consumer, transformation owner, unit, witness, and fallback behavior.",06-design-discussion-representation-catalog.md:682
transmission,agreement.us.repo.bilateral,tx.repo.sofr.publication,endpoint,"Resolved producer, output/state, consumer, transformation owner, unit, witness, and fallback behavior.",06-design-discussion-representation-catalog.md:1030
transmission,body.il.cabinet,tx.economic_boundary.il.cabinet.policy_stance.external_region.middle_east,endpoint,"Resolved producer, output/state, consumer, transformation owner, unit, witness, and fallback behavior.",04-design-discussion-minimum-simulation-kernel.md:819-837;05-design-discussion-representation-bible.md:678-690;05-design-discussion-representation-bible.md:737-771
transmission,body.il.cabinet,tx.economic_boundary.il.cabinet.trade.external_region.middle_east,endpoint,"Resolved producer, output/state, consumer, transformation owner, unit, witness, and fallback behavior.",04-design-discussion-minimum-simulation-kernel.md:819-837;05-design-discussion-representation-bible.md:678-690;05-design-discussion-representation-bible.md:737-771
transmission,body.us.federal_reserve.fomc,tx.fomc.directive.ny_markets,endpoint,"Resolved producer, output/state, consumer, transformation owner, unit, witness, and fallback behavior.",07-design-discussion-burrow-composition-probe.md:144;07-design-discussion-burrow-composition-probe.md:150-153
transmission,cohort.eu.exposed_banks,tx.economic_boundary.eu.exposed_banks.dollar_funding.external_region.aggregated_europe,endpoint,"Resolved producer, output/state, consumer, transformation owner, unit, witness, and fallback behavior.",04-design-discussion-minimum-simulation-kernel.md:819-837;05-design-discussion-representation-bible.md:678-690;05-design-discussion-representation-bible.md:737-771
transmission,cohort.eu.exposed_banks,tx.economic_boundary.eu.exposed_banks.financial_stress.external_region.aggregated_europe,endpoint,"Resolved producer, output/state, consumer, transformation owner, unit, witness, and fallback behavior.",04-design-discussion-minimum-simulation-kernel.md:819-837;05-design-discussion-representation-bible.md:678-690;05-design-discussion-representation-bible.md:737-771
transmission,cohort.jp.banks,tx.economic_boundary.jp.banks.dollar_funding.external_region.east_asia,endpoint,"Resolved producer, output/state, consumer, transformation owner, unit, witness, and fallback behavior.",04-design-discussion-minimum-simulation-kernel.md:819-837;05-design-discussion-representation-bible.md:678-690;05-design-discussion-representation-bible.md:737-771
transmission,cohort.jp.banks,tx.economic_boundary.jp.banks.financial_stress.external_region.east_asia,endpoint,"Resolved producer, output/state, consumer, transformation owner, unit, witness, and fallback behavior.",04-design-discussion-minimum-simulation-kernel.md:819-837;05-design-discussion-representation-bible.md:678-690;05-design-discussion-representation-bible.md:737-771
transmission,cohort.jp.insurers,tx.economic_boundary.jp.insurers.financial_stress.external_region.east_asia,endpoint,"Resolved producer, output/state, consumer, transformation owner, unit, witness, and fallback behavior.",04-design-discussion-minimum-simulation-kernel.md:819-837;05-design-discussion-representation-bible.md:678-690;05-design-discussion-representation-bible.md:737-771
transmission,cohort.jp.insurers,tx.economic_boundary.jp.insurers.reserves.external_region.east_asia,endpoint,"Resolved producer, output/state, consumer, transformation owner, unit, witness, and fallback behavior.",04-design-discussion-minimum-simulation-kernel.md:819-837;05-design-discussion-representation-bible.md:678-690;05-design-discussion-representation-bible.md:737-771
transmission,cohort.jp.pensions,tx.economic_boundary.jp.pensions.financial_stress.external_region.east_asia,endpoint,"Resolved producer, output/state, consumer, transformation owner, unit, witness, and fallback behavior.",04-design-discussion-minimum-simulation-kernel.md:819-837;05-design-discussion-representation-bible.md:678-690;05-design-discussion-representation-bible.md:737-771
transmission,cohort.jp.pensions,tx.economic_boundary.jp.pensions.reserves.external_region.east_asia,endpoint,"Resolved producer, output/state, consumer, transformation owner, unit, witness, and fallback behavior.",04-design-discussion-minimum-simulation-kernel.md:819-837;05-design-discussion-representation-bible.md:678-690;05-design-discussion-representation-bible.md:737-771
transmission,cohort.ru.energy_firms,tx.economic_boundary.ru.energy_firms.commodities.external_region.eastern_europe,endpoint,"Resolved producer, output/state, consumer, transformation owner, unit, witness, and fallback behavior.",04-design-discussion-minimum-simulation-kernel.md:819-837;05-design-discussion-representation-bible.md:678-690;05-design-discussion-representation-bible.md:737-771
transmission,cohort.ru.energy_firms,tx.economic_boundary.ru.energy_firms.trade.external_region.eastern_europe,endpoint,"Resolved producer, output/state, consumer, transformation owner, unit, witness, and fallback behavior.",04-design-discussion-minimum-simulation-kernel.md:819-837;05-design-discussion-representation-bible.md:678-690;05-design-discussion-representation-bible.md:737-771
transmission,cohort.sg.dollar_funding_banks,tx.economic_boundary.sg.dollar_funding_banks.dollar_funding.external_region.southeast_asia,endpoint,"Resolved producer, output/state, consumer, transformation owner, unit, witness, and fallback behavior.",04-design-discussion-minimum-simulation-kernel.md:819-837;05-design-discussion-representation-bible.md:678-690;05-design-discussion-representation-bible.md:737-771
transmission,cohort.sg.dollar_funding_banks,tx.economic_boundary.sg.dollar_funding_banks.financial_stress.external_region.southeast_asia,endpoint,"Resolved producer, output/state, consumer, transformation owner, unit, witness, and fallback behavior.",04-design-discussion-minimum-simulation-kernel.md:819-837;05-design-discussion-representation-bible.md:678-690;05-design-discussion-representation-bible.md:737-771
transmission,cohort.uk.pensions,tx.economic_boundary.uk.pensions.dollar_funding.external_region.aggregated_europe,endpoint,"Resolved producer, output/state, consumer, transformation owner, unit, witness, and fallback behavior.",04-design-discussion-minimum-simulation-kernel.md:819-837;05-design-discussion-representation-bible.md:678-690;05-design-discussion-representation-bible.md:737-771
transmission,cohort.uk.pensions,tx.economic_boundary.uk.pensions.financial_stress.external_region.aggregated_europe,endpoint,"Resolved producer, output/state, consumer, transformation owner, unit, witness, and fallback behavior.",04-design-discussion-minimum-simulation-kernel.md:819-837;05-design-discussion-representation-bible.md:678-690;05-design-discussion-representation-bible.md:737-771
transmission,facility.us.federal_reserve.srf,tx.srf.counterparty_option,endpoint,"Resolved producer, output/state, consumer, transformation owner, unit, witness, and fallback behavior.",06-design-discussion-representation-catalog.md:1005-1016
transmission,firm.sa.saudi_aramco,tx.economic_boundary.sa.saudi_aramco.commodities.external_region.gulf,endpoint,"Resolved producer, output/state, consumer, transformation owner, unit, witness, and fallback behavior.",04-design-discussion-minimum-simulation-kernel.md:819-837;05-design-discussion-representation-bible.md:678-690;05-design-discussion-representation-bible.md:737-771
transmission,firm.sa.saudi_aramco,tx.economic_boundary.sa.saudi_aramco.trade.external_region.gulf,endpoint,"Resolved producer, output/state, consumer, transformation owner, unit, witness, and fallback behavior.",04-design-discussion-minimum-simulation-kernel.md:819-837;05-design-discussion-representation-bible.md:678-690;05-design-discussion-representation-bible.md:737-771
transmission,inst.us.bank.burrow,tx.burrow.lending_posture.to_borrowers,endpoint,"Resolved producer, output/state, consumer, transformation owner, unit, witness, and fallback behavior.",06-design-discussion-representation-catalog.md:881-884;07-design-discussion-burrow-composition-probe.md:291
transmission,inst.us.bank.burrow,tx.burrow.orders.to_markets,endpoint,"Resolved producer, output/state, consumer, transformation owner, unit, witness, and fallback behavior.",06-design-discussion-representation-catalog.md:881-884;07-design-discussion-burrow-composition-probe.md:139
transmission,inst.us.bank.burrow,tx.burrow.reports_and_claims.to_information,endpoint,"Resolved producer, output/state, consumer, transformation owner, unit, witness, and fallback behavior.",None
transmission,inst.us.bank.burrow,tx.burrow.requests.to_facilities,endpoint,"Resolved producer, output/state, consumer, transformation owner, unit, witness, and fallback behavior.",06-design-discussion-representation-catalog.md:881-884;07-design-discussion-burrow-composition-probe.md:191;07-design-discussion-burrow-composition-probe.md:311
transmission,inst.us.bank.burrow,tx.burrow.requests.to_funding,endpoint,"Resolved producer, output/state, consumer, transformation owner, unit, witness, and fallback behavior.",06-design-discussion-representation-catalog.md:881-884;07-design-discussion-burrow-composition-probe.md:139
transmission,inst.us.bank.burrow,tx.burrow.requests.to_payments,endpoint,"Resolved producer, output/state, consumer, transformation owner, unit, witness, and fallback behavior.",06-design-discussion-representation-catalog.md:881-884;07-design-discussion-burrow-composition-probe.md:191-192
transmission,inst.us.treasury,tx.issuance.treasury.duration_supply,endpoint,"Resolved producer, output/state, consumer, transformation owner, unit, witness, and fallback behavior.",04-design-discussion-minimum-simulation-kernel.md:173-184;04-design-discussion-minimum-simulation-kernel.md:215
transmission,institution.ae.central_bank,tx.economic_boundary.ae.central_bank.currency.external_region.gulf,endpoint,"Resolved producer, output/state, consumer, transformation owner, unit, witness, and fallback behavior.",04-design-discussion-minimum-simulation-kernel.md:819-837;05-design-discussion-representation-bible.md:678-690;05-design-discussion-representation-bible.md:737-771
transmission,institution.ae.central_bank,tx.economic_boundary.ae.central_bank.reserves.external_region.gulf,endpoint,"Resolved producer, output/state, consumer, transformation owner, unit, witness, and fallback behavior.",04-design-discussion-minimum-simulation-kernel.md:819-837;05-design-discussion-representation-bible.md:678-690;05-design-discussion-representation-bible.md:737-771
transmission,institution.ae.energy_companies,tx.economic_boundary.ae.energy_companies.commodities.external_region.gulf,endpoint,"Resolved producer, output/state, consumer, transformation owner, unit, witness, and fallback behavior.",04-design-discussion-minimum-simulation-kernel.md:819-837;05-design-discussion-representation-bible.md:678-690;05-design-discussion-representation-bible.md:737-771
transmission,institution.ae.energy_companies,tx.economic_boundary.ae.energy_companies.trade.external_region.gulf,endpoint,"Resolved producer, output/state, consumer, transformation owner, unit, witness, and fallback behavior.",04-design-discussion-minimum-simulation-kernel.md:819-837;05-design-discussion-representation-bible.md:678-690;05-design-discussion-representation-bible.md:737-771
transmission,institution.ae.sovereign_funds,tx.economic_boundary.ae.sovereign_funds.dollar_funding.external_region.gulf,endpoint,"Resolved producer, output/state, consumer, transformation owner, unit, witness, and fallback behavior.",04-design-discussion-minimum-simulation-kernel.md:819-837;05-design-discussion-representation-bible.md:678-690;05-design-discussion-representation-bible.md:737-771
transmission,institution.ae.sovereign_funds,tx.economic_boundary.ae.sovereign_funds.reserves.external_region.gulf,endpoint,"Resolved producer, output/state, consumer, transformation owner, unit, witness, and fallback behavior.",04-design-discussion-minimum-simulation-kernel.md:819-837;05-design-discussion-representation-bible.md:678-690;05-design-discussion-representation-bible.md:737-771
transmission,institution.cn.military,tx.economic_boundary.cn.military.trade.external_region.east_asia,endpoint,"Resolved producer, output/state, consumer, transformation owner, unit, witness, and fallback behavior.",04-design-discussion-minimum-simulation-kernel.md:819-837;05-design-discussion-representation-bible.md:678-690;05-design-discussion-representation-bible.md:737-771
transmission,institution.cn.party_leadership,tx.economic_boundary.cn.party_leadership.policy_stance.external_region.east_asia,endpoint,"Resolved producer, output/state, consumer, transformation owner, unit, witness, and fallback behavior.",04-design-discussion-minimum-simulation-kernel.md:819-837;05-design-discussion-representation-bible.md:678-690;05-design-discussion-representation-bible.md:737-771
transmission,institution.cn.party_leadership,tx.economic_boundary.cn.party_leadership.trade.external_region.east_asia,endpoint,"Resolved producer, output/state, consumer, transformation owner, unit, witness, and fallback behavior.",04-design-discussion-minimum-simulation-kernel.md:819-837;05-design-discussion-representation-bible.md:678-690;05-design-discussion-representation-bible.md:737-771
transmission,institution.cn.pboc,tx.economic_boundary.cn.pboc.currency.external_region.east_asia,endpoint,"Resolved producer, output/state, consumer, transformation owner, unit, witness, and fallback behavior.",04-design-discussion-minimum-simulation-kernel.md:819-837;05-design-discussion-representation-bible.md:678-690;05-design-discussion-representation-bible.md:737-771
transmission,institution.cn.pboc,tx.economic_boundary.cn.pboc.dollar_funding.external_region.east_asia,endpoint,"Resolved producer, output/state, consumer, transformation owner, unit, witness, and fallback behavior.",04-design-discussion-minimum-simulation-kernel.md:819-837;05-design-discussion-representation-bible.md:678-690;05-design-discussion-representation-bible.md:737-771
transmission,institution.cn.pboc,tx.economic_boundary.cn.pboc.financial_stress.external_region.east_asia,endpoint,"Resolved producer, output/state, consumer, transformation owner, unit, witness, and fallback behavior.",04-design-discussion-minimum-simulation-kernel.md:819-837;05-design-discussion-representation-bible.md:678-690;05-design-discussion-representation-bible.md:737-771
transmission,institution.cn.pboc,tx.economic_boundary.cn.pboc.policy_stance.external_region.east_asia,endpoint,"Resolved producer, output/state, consumer, transformation owner, unit, witness, and fallback behavior.",04-design-discussion-minimum-simulation-kernel.md:819-837;05-design-discussion-representation-bible.md:678-690;05-design-discussion-representation-bible.md:737-771
transmission,institution.cn.policy_banks,tx.economic_boundary.cn.policy_banks.dollar_funding.external_region.east_asia,endpoint,"Resolved producer, output/state, consumer, transformation owner, unit, witness, and fallback behavior.",04-design-discussion-minimum-simulation-kernel.md:819-837;05-design-discussion-representation-bible.md:678-690;05-design-discussion-representation-bible.md:737-771
transmission,institution.cn.policy_banks,tx.economic_boundary.cn.policy_banks.financial_stress.external_region.east_asia,endpoint,"Resolved producer, output/state, consumer, transformation owner, unit, witness, and fallback behavior.",04-design-discussion-minimum-simulation-kernel.md:819-837;05-design-discussion-representation-bible.md:678-690;05-design-discussion-representation-bible.md:737-771
transmission,institution.cn.safe,tx.economic_boundary.cn.safe.currency.external_region.east_asia,endpoint,"Resolved producer, output/state, consumer, transformation owner, unit, witness, and fallback behavior.",04-design-discussion-minimum-simulation-kernel.md:819-837;05-design-discussion-representation-bible.md:678-690;05-design-discussion-representation-bible.md:737-771
transmission,institution.cn.safe,tx.economic_boundary.cn.safe.reserves.external_region.east_asia,endpoint,"Resolved producer, output/state, consumer, transformation owner, unit, witness, and fallback behavior.",04-design-discussion-minimum-simulation-kernel.md:819-837;05-design-discussion-representation-bible.md:678-690;05-design-discussion-representation-bible.md:737-771
transmission,institution.cn.state_council,tx.economic_boundary.cn.state_council.policy_stance.external_region.east_asia,endpoint,"Resolved producer, output/state, consumer, transformation owner, unit, witness, and fallback behavior.",04-design-discussion-minimum-simulation-kernel.md:819-837;05-design-discussion-representation-bible.md:678-690;05-design-discussion-representation-bible.md:737-771
transmission,institution.cn.state_council,tx.economic_boundary.cn.state_council.trade.external_region.east_asia,endpoint,"Resolved producer, output/state, consumer, transformation owner, unit, witness, and fallback behavior.",04-design-discussion-minimum-simulation-kernel.md:819-837;05-design-discussion-representation-bible.md:678-690;05-design-discussion-representation-bible.md:737-771
transmission,institution.de.government,tx.economic_boundary.de.government.financial_stress.external_region.aggregated_europe,endpoint,"Resolved producer, output/state, consumer, transformation owner, unit, witness, and fallback behavior.",04-design-discussion-minimum-simulation-kernel.md:819-837;05-design-discussion-representation-bible.md:678-690;05-design-discussion-representation-bible.md:737-771
transmission,institution.de.government,tx.economic_boundary.de.government.policy_stance.external_region.aggregated_europe,endpoint,"Resolved producer, output/state, consumer, transformation owner, unit, witness, and fallback behavior.",04-design-discussion-minimum-simulation-kernel.md:819-837;05-design-discussion-representation-bible.md:678-690;05-design-discussion-representation-bible.md:737-771
transmission,institution.eu.commission,tx.economic_boundary.eu.commission.policy_stance.external_region.aggregated_europe,endpoint,"Resolved producer, output/state, consumer, transformation owner, unit, witness, and fallback behavior.",04-design-discussion-minimum-simulation-kernel.md:819-837;05-design-discussion-representation-bible.md:678-690;05-design-discussion-representation-bible.md:737-771
transmission,institution.eu.commission,tx.economic_boundary.eu.commission.trade.external_region.aggregated_europe,endpoint,"Resolved producer, output/state, consumer, transformation owner, unit, witness, and fallback behavior.",04-design-discussion-minimum-simulation-kernel.md:819-837;05-design-discussion-representation-bible.md:678-690;05-design-discussion-representation-bible.md:737-771
transmission,institution.eu.ecb,tx.economic_boundary.eu.ecb.currency.external_region.aggregated_europe,endpoint,"Resolved producer, output/state, consumer, transformation owner, unit, witness, and fallback behavior.",04-design-discussion-minimum-simulation-kernel.md:819-837;05-design-discussion-representation-bible.md:678-690;05-design-discussion-representation-bible.md:737-771
transmission,institution.eu.ecb,tx.economic_boundary.eu.ecb.dollar_funding.external_region.aggregated_europe,endpoint,"Resolved producer, output/state, consumer, transformation owner, unit, witness, and fallback behavior.",04-design-discussion-minimum-simulation-kernel.md:819-837;05-design-discussion-representation-bible.md:678-690;05-design-discussion-representation-bible.md:737-771
transmission,institution.eu.ecb,tx.economic_boundary.eu.ecb.financial_stress.external_region.aggregated_europe,endpoint,"Resolved producer, output/state, consumer, transformation owner, unit, witness, and fallback behavior.",04-design-discussion-minimum-simulation-kernel.md:819-837;05-design-discussion-representation-bible.md:678-690;05-design-discussion-representation-bible.md:737-771
transmission,institution.eu.ecb,tx.economic_boundary.eu.ecb.policy_stance.external_region.aggregated_europe,endpoint,"Resolved producer, output/state, consumer, transformation owner, unit, witness, and fallback behavior.",04-design-discussion-minimum-simulation-kernel.md:819-837;05-design-discussion-representation-bible.md:678-690;05-design-discussion-representation-bible.md:737-771
transmission,institution.eu.member_governments,tx.economic_boundary.eu.member_governments.financial_stress.external_region.aggregated_europe,endpoint,"Resolved producer, output/state, consumer, transformation owner, unit, witness, and fallback behavior.",04-design-discussion-minimum-simulation-kernel.md:819-837;05-design-discussion-representation-bible.md:678-690;05-design-discussion-representation-bible.md:737-771
transmission,institution.eu.member_governments,tx.economic_boundary.eu.member_governments.policy_stance.external_region.aggregated_europe,endpoint,"Resolved producer, output/state, consumer, transformation owner, unit, witness, and fallback behavior.",04-design-discussion-minimum-simulation-kernel.md:819-837;05-design-discussion-representation-bible.md:678-690;05-design-discussion-representation-bible.md:737-771
transmission,institution.eu.national_central_banks,tx.economic_boundary.eu.national_central_banks.dollar_funding.external_region.aggregated_europe,endpoint,"Resolved producer, output/state, consumer, transformation owner, unit, witness, and fallback behavior.",04-design-discussion-minimum-simulation-kernel.md:819-837;05-design-discussion-representation-bible.md:678-690;05-design-discussion-representation-bible.md:737-771
transmission,institution.eu.national_central_banks,tx.economic_boundary.eu.national_central_banks.financial_stress.external_region.aggregated_europe,endpoint,"Resolved producer, output/state, consumer, transformation owner, unit, witness, and fallback behavior.",04-design-discussion-minimum-simulation-kernel.md:819-837;05-design-discussion-representation-bible.md:678-690;05-design-discussion-representation-bible.md:737-771
transmission,institution.fr.government,tx.economic_boundary.fr.government.financial_stress.external_region.aggregated_europe,endpoint,"Resolved producer, output/state, consumer, transformation owner, unit, witness, and fallback behavior.",04-design-discussion-minimum-simulation-kernel.md:819-837;05-design-discussion-representation-bible.md:678-690;05-design-discussion-representation-bible.md:737-771
transmission,institution.fr.government,tx.economic_boundary.fr.government.policy_stance.external_region.aggregated_europe,endpoint,"Resolved producer, output/state, consumer, transformation owner, unit, witness, and fallback behavior.",04-design-discussion-minimum-simulation-kernel.md:819-837;05-design-discussion-representation-bible.md:678-690;05-design-discussion-representation-bible.md:737-771
transmission,institution.il.bank_of_israel,tx.economic_boundary.il.bank_of_israel.currency.external_region.middle_east,endpoint,"Resolved producer, output/state, consumer, transformation owner, unit, witness, and fallback behavior.",04-design-discussion-minimum-simulation-kernel.md:819-837;05-design-discussion-representation-bible.md:678-690;05-design-discussion-representation-bible.md:737-771
transmission,institution.il.bank_of_israel,tx.economic_boundary.il.bank_of_israel.policy_stance.external_region.middle_east,endpoint,"Resolved producer, output/state, consumer, transformation owner, unit, witness, and fallback behavior.",04-design-discussion-minimum-simulation-kernel.md:819-837;05-design-discussion-representation-bible.md:678-690;05-design-discussion-representation-bible.md:737-771
transmission,institution.il.bank_of_israel,tx.economic_boundary.il.bank_of_israel.reserves.external_region.middle_east,endpoint,"Resolved producer, output/state, consumer, transformation owner, unit, witness, and fallback behavior.",04-design-discussion-minimum-simulation-kernel.md:819-837;05-design-discussion-representation-bible.md:678-690;05-design-discussion-representation-bible.md:737-771
transmission,institution.il.security,tx.economic_boundary.il.security.commodities.external_region.middle_east,endpoint,"Resolved producer, output/state, consumer, transformation owner, unit, witness, and fallback behavior.",04-design-discussion-minimum-simulation-kernel.md:819-837;05-design-discussion-representation-bible.md:678-690;05-design-discussion-representation-bible.md:737-771
transmission,institution.il.security,tx.economic_boundary.il.security.trade.external_region.middle_east,endpoint,"Resolved producer, output/state, consumer, transformation owner, unit, witness, and fallback behavior.",04-design-discussion-minimum-simulation-kernel.md:819-837;05-design-discussion-representation-bible.md:678-690;05-design-discussion-representation-bible.md:737-771
transmission,institution.ir.central_bank,tx.economic_boundary.ir.central_bank.currency.external_region.middle_east,endpoint,"Resolved producer, output/state, consumer, transformation owner, unit, witness, and fallback behavior.",04-design-discussion-minimum-simulation-kernel.md:819-837;05-design-discussion-representation-bible.md:678-690;05-design-discussion-representation-bible.md:737-771
transmission,institution.ir.central_bank,tx.economic_boundary.ir.central_bank.policy_stance.external_region.middle_east,endpoint,"Resolved producer, output/state, consumer, transformation owner, unit, witness, and fallback behavior.",04-design-discussion-minimum-simulation-kernel.md:819-837;05-design-discussion-representation-bible.md:678-690;05-design-discussion-representation-bible.md:737-771
transmission,institution.ir.central_bank,tx.economic_boundary.ir.central_bank.reserves.external_region.middle_east,endpoint,"Resolved producer, output/state, consumer, transformation owner, unit, witness, and fallback behavior.",04-design-discussion-minimum-simulation-kernel.md:819-837;05-design-discussion-representation-bible.md:678-690;05-design-discussion-representation-bible.md:737-771
transmission,institution.ir.irgc,tx.economic_boundary.ir.irgc.commodities.external_region.middle_east,endpoint,"Resolved producer, output/state, consumer, transformation owner, unit, witness, and fallback behavior.",04-design-discussion-minimum-simulation-kernel.md:819-837;05-design-discussion-representation-bible.md:678-690;05-design-discussion-representation-bible.md:737-771
transmission,institution.ir.irgc,tx.economic_boundary.ir.irgc.trade.external_region.middle_east,endpoint,"Resolved producer, output/state, consumer, transformation owner, unit, witness, and fallback behavior.",04-design-discussion-minimum-simulation-kernel.md:819-837;05-design-discussion-representation-bible.md:678-690;05-design-discussion-representation-bible.md:737-771
transmission,institution.ir.oil,tx.economic_boundary.ir.oil.commodities.external_region.middle_east,endpoint,"Resolved producer, output/state, consumer, transformation owner, unit, witness, and fallback behavior.",04-design-discussion-minimum-simulation-kernel.md:819-837;05-design-discussion-representation-bible.md:678-690;05-design-discussion-representation-bible.md:737-771
transmission,institution.ir.oil,tx.economic_boundary.ir.oil.trade.external_region.middle_east,endpoint,"Resolved producer, output/state, consumer, transformation owner, unit, witness, and fallback behavior.",04-design-discussion-minimum-simulation-kernel.md:819-837;05-design-discussion-representation-bible.md:678-690;05-design-discussion-representation-bible.md:737-771
transmission,institution.it.government,tx.economic_boundary.it.government.financial_stress.external_region.aggregated_europe,endpoint,"Resolved producer, output/state, consumer, transformation owner, unit, witness, and fallback behavior.",04-design-discussion-minimum-simulation-kernel.md:819-837;05-design-discussion-representation-bible.md:678-690;05-design-discussion-representation-bible.md:737-771
transmission,institution.it.government,tx.economic_boundary.it.government.policy_stance.external_region.aggregated_europe,endpoint,"Resolved producer, output/state, consumer, transformation owner, unit, witness, and fallback behavior.",04-design-discussion-minimum-simulation-kernel.md:819-837;05-design-discussion-representation-bible.md:678-690;05-design-discussion-representation-bible.md:737-771
transmission,institution.jp.boj,tx.economic_boundary.jp.boj.currency.external_region.east_asia,endpoint,"Resolved producer, output/state, consumer, transformation owner, unit, witness, and fallback behavior.",04-design-discussion-minimum-simulation-kernel.md:819-837;05-design-discussion-representation-bible.md:678-690;05-design-discussion-representation-bible.md:737-771
transmission,institution.jp.boj,tx.economic_boundary.jp.boj.financial_stress.external_region.east_asia,endpoint,"Resolved producer, output/state, consumer, transformation owner, unit, witness, and fallback behavior.",04-design-discussion-minimum-simulation-kernel.md:819-837;05-design-discussion-representation-bible.md:678-690;05-design-discussion-representation-bible.md:737-771
transmission,institution.jp.boj,tx.economic_boundary.jp.boj.policy_stance.external_region.east_asia,endpoint,"Resolved producer, output/state, consumer, transformation owner, unit, witness, and fallback behavior.",04-design-discussion-minimum-simulation-kernel.md:819-837;05-design-discussion-representation-bible.md:678-690;05-design-discussion-representation-bible.md:737-771
transmission,institution.jp.boj,tx.economic_boundary.jp.boj.reserves.external_region.east_asia,endpoint,"Resolved producer, output/state, consumer, transformation owner, unit, witness, and fallback behavior.",04-design-discussion-minimum-simulation-kernel.md:819-837;05-design-discussion-representation-bible.md:678-690;05-design-discussion-representation-bible.md:737-771
transmission,institution.jp.mof,tx.economic_boundary.jp.mof.currency.external_region.east_asia,endpoint,"Resolved producer, output/state, consumer, transformation owner, unit, witness, and fallback behavior.",04-design-discussion-minimum-simulation-kernel.md:819-837;05-design-discussion-representation-bible.md:678-690;05-design-discussion-representation-bible.md:737-771
transmission,institution.jp.mof,tx.economic_boundary.jp.mof.reserves.external_region.east_asia,endpoint,"Resolved producer, output/state, consumer, transformation owner, unit, witness, and fallback behavior.",04-design-discussion-minimum-simulation-kernel.md:819-837;05-design-discussion-representation-bible.md:678-690;05-design-discussion-representation-bible.md:737-771
transmission,institution.qa.central_bank,tx.economic_boundary.qa.central_bank.currency.external_region.gulf,endpoint,"Resolved producer, output/state, consumer, transformation owner, unit, witness, and fallback behavior.",04-design-discussion-minimum-simulation-kernel.md:819-837;05-design-discussion-representation-bible.md:678-690;05-design-discussion-representation-bible.md:737-771
transmission,institution.qa.central_bank,tx.economic_boundary.qa.central_bank.reserves.external_region.gulf,endpoint,"Resolved producer, output/state, consumer, transformation owner, unit, witness, and fallback behavior.",04-design-discussion-minimum-simulation-kernel.md:819-837;05-design-discussion-representation-bible.md:678-690;05-design-discussion-representation-bible.md:737-771
transmission,institution.qa.energy_companies,tx.economic_boundary.qa.energy_companies.commodities.external_region.gulf,endpoint,"Resolved producer, output/state, consumer, transformation owner, unit, witness, and fallback behavior.",04-design-discussion-minimum-simulation-kernel.md:819-837;05-design-discussion-representation-bible.md:678-690;05-design-discussion-representation-bible.md:737-771
transmission,institution.qa.energy_companies,tx.economic_boundary.qa.energy_companies.trade.external_region.gulf,endpoint,"Resolved producer, output/state, consumer, transformation owner, unit, witness, and fallback behavior.",04-design-discussion-minimum-simulation-kernel.md:819-837;05-design-discussion-representation-bible.md:678-690;05-design-discussion-representation-bible.md:737-771
transmission,institution.qa.sovereign_funds,tx.economic_boundary.qa.sovereign_funds.dollar_funding.external_region.gulf,endpoint,"Resolved producer, output/state, consumer, transformation owner, unit, witness, and fallback behavior.",04-design-discussion-minimum-simulation-kernel.md:819-837;05-design-discussion-representation-bible.md:678-690;05-design-discussion-representation-bible.md:737-771
transmission,institution.qa.sovereign_funds,tx.economic_boundary.qa.sovereign_funds.reserves.external_region.gulf,endpoint,"Resolved producer, output/state, consumer, transformation owner, unit, witness, and fallback behavior.",04-design-discussion-minimum-simulation-kernel.md:819-837;05-design-discussion-representation-bible.md:678-690;05-design-discussion-representation-bible.md:737-771
transmission,institution.ru.central_bank,tx.economic_boundary.ru.central_bank.currency.external_region.eastern_europe,endpoint,"Resolved producer, output/state, consumer, transformation owner, unit, witness, and fallback behavior.",04-design-discussion-minimum-simulation-kernel.md:819-837;05-design-discussion-representation-bible.md:678-690;05-design-discussion-representation-bible.md:737-771
transmission,institution.ru.central_bank,tx.economic_boundary.ru.central_bank.policy_stance.external_region.eastern_europe,endpoint,"Resolved producer, output/state, consumer, transformation owner, unit, witness, and fallback behavior.",04-design-discussion-minimum-simulation-kernel.md:819-837;05-design-discussion-representation-bible.md:678-690;05-design-discussion-representation-bible.md:737-771
transmission,institution.ru.central_bank,tx.economic_boundary.ru.central_bank.reserves.external_region.eastern_europe,endpoint,"Resolved producer, output/state, consumer, transformation owner, unit, witness, and fallback behavior.",04-design-discussion-minimum-simulation-kernel.md:819-837;05-design-discussion-representation-bible.md:678-690;05-design-discussion-representation-bible.md:737-771
transmission,institution.ru.presidency,tx.economic_boundary.ru.presidency.policy_stance.external_region.eastern_europe,endpoint,"Resolved producer, output/state, consumer, transformation owner, unit, witness, and fallback behavior.",04-design-discussion-minimum-simulation-kernel.md:819-837;05-design-discussion-representation-bible.md:678-690;05-design-discussion-representation-bible.md:737-771
transmission,institution.ru.presidency,tx.economic_boundary.ru.presidency.trade.external_region.eastern_europe,endpoint,"Resolved producer, output/state, consumer, transformation owner, unit, witness, and fallback behavior.",04-design-discussion-minimum-simulation-kernel.md:819-837;05-design-discussion-representation-bible.md:678-690;05-design-discussion-representation-bible.md:737-771
transmission,institution.ru.security,tx.economic_boundary.ru.security.trade.external_region.eastern_europe,endpoint,"Resolved producer, output/state, consumer, transformation owner, unit, witness, and fallback behavior.",04-design-discussion-minimum-simulation-kernel.md:819-837;05-design-discussion-representation-bible.md:678-690;05-design-discussion-representation-bible.md:737-771
transmission,institution.sa.energy_ministry,tx.economic_boundary.sa.energy_ministry.commodities.external_region.gulf,endpoint,"Resolved producer, output/state, consumer, transformation owner, unit, witness, and fallback behavior.",04-design-discussion-minimum-simulation-kernel.md:819-837;05-design-discussion-representation-bible.md:678-690;05-design-discussion-representation-bible.md:737-771
transmission,institution.sa.energy_ministry,tx.economic_boundary.sa.energy_ministry.policy_stance.external_region.gulf,endpoint,"Resolved producer, output/state, consumer, transformation owner, unit, witness, and fallback behavior.",04-design-discussion-minimum-simulation-kernel.md:819-837;05-design-discussion-representation-bible.md:678-690;05-design-discussion-representation-bible.md:737-771
transmission,institution.sa.sama,tx.economic_boundary.sa.sama.currency.external_region.gulf,endpoint,"Resolved producer, output/state, consumer, transformation owner, unit, witness, and fallback behavior.",04-design-discussion-minimum-simulation-kernel.md:819-837;05-design-discussion-representation-bible.md:678-690;05-design-discussion-representation-bible.md:737-771
transmission,institution.sa.sama,tx.economic_boundary.sa.sama.reserves.external_region.gulf,endpoint,"Resolved producer, output/state, consumer, transformation owner, unit, witness, and fallback behavior.",04-design-discussion-minimum-simulation-kernel.md:819-837;05-design-discussion-representation-bible.md:678-690;05-design-discussion-representation-bible.md:737-771
transmission,institution.sa.sovereign_funds,tx.economic_boundary.sa.sovereign_funds.dollar_funding.external_region.gulf,endpoint,"Resolved producer, output/state, consumer, transformation owner, unit, witness, and fallback behavior.",04-design-discussion-minimum-simulation-kernel.md:819-837;05-design-discussion-representation-bible.md:678-690;05-design-discussion-representation-bible.md:737-771
transmission,institution.sa.sovereign_funds,tx.economic_boundary.sa.sovereign_funds.reserves.external_region.gulf,endpoint,"Resolved producer, output/state, consumer, transformation owner, unit, witness, and fallback behavior.",04-design-discussion-minimum-simulation-kernel.md:819-837;05-design-discussion-representation-bible.md:678-690;05-design-discussion-representation-bible.md:737-771
transmission,institution.sg.mas,tx.economic_boundary.sg.mas.currency.external_region.southeast_asia,endpoint,"Resolved producer, output/state, consumer, transformation owner, unit, witness, and fallback behavior.",04-design-discussion-minimum-simulation-kernel.md:819-837;05-design-discussion-representation-bible.md:678-690;05-design-discussion-representation-bible.md:737-771
transmission,institution.sg.mas,tx.economic_boundary.sg.mas.dollar_funding.external_region.southeast_asia,endpoint,"Resolved producer, output/state, consumer, transformation owner, unit, witness, and fallback behavior.",04-design-discussion-minimum-simulation-kernel.md:819-837;05-design-discussion-representation-bible.md:678-690;05-design-discussion-representation-bible.md:737-771
transmission,institution.sg.mas,tx.economic_boundary.sg.mas.policy_stance.external_region.southeast_asia,endpoint,"Resolved producer, output/state, consumer, transformation owner, unit, witness, and fallback behavior.",04-design-discussion-minimum-simulation-kernel.md:819-837;05-design-discussion-representation-bible.md:678-690;05-design-discussion-representation-bible.md:737-771
transmission,institution.sg.mas,tx.economic_boundary.sg.mas.reserves.external_region.southeast_asia,endpoint,"Resolved producer, output/state, consumer, transformation owner, unit, witness, and fallback behavior.",04-design-discussion-minimum-simulation-kernel.md:819-837;05-design-discussion-representation-bible.md:678-690;05-design-discussion-representation-bible.md:737-771
transmission,institution.sg.shipping,tx.economic_boundary.sg.shipping.trade.external_region.southeast_asia,endpoint,"Resolved producer, output/state, consumer, transformation owner, unit, witness, and fallback behavior.",04-design-discussion-minimum-simulation-kernel.md:819-837;05-design-discussion-representation-bible.md:678-690;05-design-discussion-representation-bible.md:737-771
transmission,institution.sg.sovereign_funds,tx.economic_boundary.sg.sovereign_funds.dollar_funding.external_region.southeast_asia,endpoint,"Resolved producer, output/state, consumer, transformation owner, unit, witness, and fallback behavior.",04-design-discussion-minimum-simulation-kernel.md:819-837;05-design-discussion-representation-bible.md:678-690;05-design-discussion-representation-bible.md:737-771
transmission,institution.sg.sovereign_funds,tx.economic_boundary.sg.sovereign_funds.reserves.external_region.southeast_asia,endpoint,"Resolved producer, output/state, consumer, transformation owner, unit, witness, and fallback behavior.",04-design-discussion-minimum-simulation-kernel.md:819-837;05-design-discussion-representation-bible.md:678-690;05-design-discussion-representation-bible.md:737-771
transmission,institution.uk.boe,tx.economic_boundary.uk.boe.currency.external_region.aggregated_europe,endpoint,"Resolved producer, output/state, consumer, transformation owner, unit, witness, and fallback behavior.",04-design-discussion-minimum-simulation-kernel.md:819-837;05-design-discussion-representation-bible.md:678-690;05-design-discussion-representation-bible.md:737-771
transmission,institution.uk.boe,tx.economic_boundary.uk.boe.dollar_funding.external_region.aggregated_europe,endpoint,"Resolved producer, output/state, consumer, transformation owner, unit, witness, and fallback behavior.",04-design-discussion-minimum-simulation-kernel.md:819-837;05-design-discussion-representation-bible.md:678-690;05-design-discussion-representation-bible.md:737-771
transmission,institution.uk.boe,tx.economic_boundary.uk.boe.financial_stress.external_region.aggregated_europe,endpoint,"Resolved producer, output/state, consumer, transformation owner, unit, witness, and fallback behavior.",04-design-discussion-minimum-simulation-kernel.md:819-837;05-design-discussion-representation-bible.md:678-690;05-design-discussion-representation-bible.md:737-771
transmission,institution.uk.boe,tx.economic_boundary.uk.boe.policy_stance.external_region.aggregated_europe,endpoint,"Resolved producer, output/state, consumer, transformation owner, unit, witness, and fallback behavior.",04-design-discussion-minimum-simulation-kernel.md:819-837;05-design-discussion-representation-bible.md:678-690;05-design-discussion-representation-bible.md:737-771
transmission,institution.uk.dmo,tx.economic_boundary.uk.dmo.dollar_funding.external_region.aggregated_europe,endpoint,"Resolved producer, output/state, consumer, transformation owner, unit, witness, and fallback behavior.",04-design-discussion-minimum-simulation-kernel.md:819-837;05-design-discussion-representation-bible.md:678-690;05-design-discussion-representation-bible.md:737-771
transmission,institution.uk.dmo,tx.economic_boundary.uk.dmo.financial_stress.external_region.aggregated_europe,endpoint,"Resolved producer, output/state, consumer, transformation owner, unit, witness, and fallback behavior.",04-design-discussion-minimum-simulation-kernel.md:819-837;05-design-discussion-representation-bible.md:678-690;05-design-discussion-representation-bible.md:737-771
transmission,institution.uk.government,tx.economic_boundary.uk.government.policy_stance.external_region.aggregated_europe,endpoint,"Resolved producer, output/state, consumer, transformation owner, unit, witness, and fallback behavior.",04-design-discussion-minimum-simulation-kernel.md:819-837;05-design-discussion-representation-bible.md:678-690;05-design-discussion-representation-bible.md:737-771
transmission,institution.uk.government,tx.economic_boundary.uk.government.trade.external_region.aggregated_europe,endpoint,"Resolved producer, output/state, consumer, transformation owner, unit, witness, and fallback behavior.",04-design-discussion-minimum-simulation-kernel.md:819-837;05-design-discussion-representation-bible.md:678-690;05-design-discussion-representation-bible.md:737-771
transmission,legal.us.federal_reserve.section_13_3,tx.13_3.treasury.authorization,endpoint,"Resolved producer, output/state, consumer, transformation owner, unit, witness, and fallback behavior.",07-design-discussion-burrow-composition-probe.md:160-173
transmission,market.us.treasury.auction,tx.auction.treasury.market_evidence,endpoint,"Resolved producer, output/state, consumer, transformation owner, unit, witness, and fallback behavior.",task.md:49;task.md:72;task.md:101
transmission,market.us.treasury.secondary,tx.secondary.treasury.dealer_inventory,endpoint,"Resolved producer, output/state, consumer, transformation owner, unit, witness, and fallback behavior.",04-design-discussion-minimum-simulation-kernel.md:174-180
transmission,market.us.treasury.secondary,tx.treasury.collateral.repo,endpoint,"Resolved producer, output/state, consumer, transformation owner, unit, witness, and fallback behavior.",04-design-discussion-minimum-simulation-kernel.md:178-180
transmission,mechanism.cross_border.chokepoint_shipping,tx.economic_boundary.cross_border.chokepoint_shipping.commodities.external_region.middle_east,endpoint,"Resolved producer, output/state, consumer, transformation owner, unit, witness, and fallback behavior.",04-design-discussion-minimum-simulation-kernel.md:819-837;05-design-discussion-representation-bible.md:678-690;05-design-discussion-representation-bible.md:737-771
transmission,mechanism.cross_border.chokepoint_shipping,tx.economic_boundary.cross_border.chokepoint_shipping.trade.external_region.middle_east,endpoint,"Resolved producer, output/state, consumer, transformation owner, unit, witness, and fallback behavior.",04-design-discussion-minimum-simulation-kernel.md:819-837;05-design-discussion-representation-bible.md:678-690;05-design-discussion-representation-bible.md:737-771
transmission,mechanism.measurement.us.consumer_prices,tx.measurement.us_consumer_prices.cpi_pce_references,endpoint,"Resolved producer, output/state, consumer, transformation owner, unit, witness, and fallback behavior.",06-design-discussion-representation-catalog.md:523;06-design-discussion-representation-catalog.md:683;05-design-discussion-representation-bible.md:317
transmission,mechanism.measurement.us.consumer_prices,tx.measurement.us_consumer_prices.pce_reference,endpoint,"Resolved producer, output/state, consumer, transformation owner, unit, witness, and fallback behavior.",06-design-discussion-representation-catalog.md:523;06-design-discussion-representation-catalog.md:683;05-design-discussion-representation-bible.md:317
transmission,mechanism.measurement.us.consumer_prices,tx.us_prices.to_cpi_pce_references,endpoint,"Resolved producer, output/state, consumer, transformation owner, unit, witness, and fallback behavior.",06-design-discussion-representation-catalog.md:683
transmission,network.media.honkbox,tx.media.honkbox.aftv,endpoint,"Resolved producer, output/state, consumer, transformation owner, unit, witness, and fallback behavior.",task.md:818-826;05-design-discussion-representation-bible.md:184-185
transmission,network.media.honkbox,tx.media.honkbox.gnbc,endpoint,"Resolved producer, output/state, consumer, transformation owner, unit, witness, and fallback behavior.",task.md:818-826;05-design-discussion-representation-bible.md:184-185
transmission,network.media.the_herd,tx.media.the_herd.loonberg,endpoint,"Resolved producer, output/state, consumer, transformation owner, unit, witness, and fallback behavior.",task.md:818-826;05-design-discussion-representation-bible.md:184-185
transmission,outlet.media.aftv,tx.media.aftv.mass_public_belief,endpoint,"Resolved producer, output/state, consumer, transformation owner, unit, witness, and fallback behavior.",task.md:820-826;04-design-discussion-minimum-simulation-kernel.md:52-56
transmission,outlet.media.gnbc,tx.media.gnbc.mass_public_belief,endpoint,"Resolved producer, output/state, consumer, transformation owner, unit, witness, and fallback behavior.",task.md:820-826;04-design-discussion-minimum-simulation-kernel.md:52-56
transmission,outlet.media.loonberg,tx.media.loonberg.honkbox,endpoint,"Resolved producer, output/state, consumer, transformation owner, unit, witness, and fallback behavior.",task.md:818-826;05-design-discussion-representation-bible.md:184-185
transmission,process.climate_agriculture.amazon_basin,tx.amazon_process.to_coffee,endpoint,"Resolved producer, output/state, consumer, transformation owner, unit, witness, and fallback behavior.",06-design-discussion-representation-catalog.md:649
transmission,process.climate_agriculture.amazon_basin,tx.amazon_process.to_feed_boundary,endpoint,"Resolved producer, output/state, consumer, transformation owner, unit, witness, and fallback behavior.",06-design-discussion-representation-catalog.md:650
transmission,process.climate_agriculture.amazon_basin,tx.amazon_process.to_forestry,endpoint,"Resolved producer, output/state, consumer, transformation owner, unit, witness, and fallback behavior.",06-design-discussion-representation-catalog.md:647
transmission,process.climate_agriculture.amazon_basin,tx.amazon_process.to_hog_operations,endpoint,"Resolved producer, output/state, consumer, transformation owner, unit, witness, and fallback behavior.",06-design-discussion-representation-catalog.md:652
transmission,reference.us.nyfed.sofr,tx.sofr.repo.contracts,endpoint,"Resolved producer, output/state, consumer, transformation owner, unit, witness, and fallback behavior.",06-design-discussion-representation-catalog.md:1030-1032;07-design-discussion-burrow-composition-probe.md:182
transmission,schedule.us.federal_reserve.blackout,tx.fomc.blackout.chair,endpoint,"Resolved producer, output/state, consumer, transformation owner, unit, witness, and fallback behavior.",07-design-discussion-burrow-composition-probe.md:165-173
transmission,stateful.us.treasury.duration_supply,tx.supply.duration.treasury_secondary,endpoint,"Resolved producer, output/state, consumer, transformation owner, unit, witness, and fallback behavior.",04-design-discussion-minimum-simulation-kernel.md:173-184
unreferenced_product,NONE,COBALT_CONCENTRATE,profile_relevance,"A composition probe, slice dependency, household salience, bottleneck, financial market, or scenario transmission.",https://pubs.usgs.gov/myb/vol3/2020/myb3-2020-congo-kinshasa.pdf
unreferenced_product,NONE,COBALT_ORE,profile_relevance,"A composition probe, slice dependency, household salience, bottleneck, financial market, or scenario transmission.",https://pubs.usgs.gov/myb/vol3/2020/myb3-2020-congo-kinshasa.pdf
unreferenced_product,NONE,COPPER_CONCENTRATE,profile_relevance,"A composition probe, slice dependency, household salience, bottleneck, financial market, or scenario transmission.",https://pubs.usgs.gov/myb/vol3/2020/myb3-2020-congo-kinshasa.pdf
unreferenced_product,NONE,COPPER_ORE,profile_relevance,"A composition probe, slice dependency, household salience, bottleneck, financial market, or scenario transmission.",https://pubs.usgs.gov/myb/vol3/2020/myb3-2020-congo-kinshasa.pdf
unreferenced_product,NONE,CRUDE_OIL,profile_relevance,"A composition probe, slice dependency, household salience, bottleneck, financial market, or scenario transmission.",04-design-discussion-minimum-simulation-kernel.md:932;05-design-discussion-representation-bible.md:295
unreferenced_product,NONE,FOREST_BIOMASS,profile_relevance,"A composition probe, slice dependency, household salience, bottleneck, financial market, or scenario transmission.",https://www.fao.org/interactive/forest-resources-assessment/2020/en/
unreferenced_product,NONE,GOLD_ORE,profile_relevance,"A composition probe, slice dependency, household salience, bottleneck, financial market, or scenario transmission.",https://pubs.usgs.gov/myb/vol3/2020/myb3-2020-congo-kinshasa.pdf
unreferenced_product,NONE,HYDROELECTRICITY,profile_relevance,"A composition probe, slice dependency, household salience, bottleneck, financial market, or scenario transmission.",https://documents.worldbank.org/en/publication/documents-reports/documentdetail/099640012082414965
unreferenced_product,NONE,LNG,profile_relevance,"A composition probe, slice dependency, household salience, bottleneck, financial market, or scenario transmission.",05-design-discussion-representation-bible.md:278-289
unreferenced_product,NONE,NATURAL_GAS,profile_relevance,"A composition probe, slice dependency, household salience, bottleneck, financial market, or scenario transmission.",user-request:strategic-resource-regions
unreferenced_product,NONE,REFINED_COBALT,profile_relevance,"A composition probe, slice dependency, household salience, bottleneck, financial market, or scenario transmission.",https://pubs.usgs.gov/myb/vol3/2020/myb3-2020-congo-kinshasa.pdf
unreferenced_product,NONE,REFINED_COPPER,profile_relevance,"A composition probe, slice dependency, household salience, bottleneck, financial market, or scenario transmission.",https://pubs.usgs.gov/myb/vol3/2020/myb3-2020-congo-kinshasa.pdf
unreferenced_product,NONE,REFINED_PETROLEUM,profile_relevance,"A composition probe, slice dependency, household salience, bottleneck, financial market, or scenario transmission.",04-design-discussion-minimum-simulation-kernel.md:932;05-design-discussion-representation-bible.md:278-295
unreferenced_product,NONE,SAWNWOOD,profile_relevance,"A composition probe, slice dependency, household salience, bottleneck, financial market, or scenario transmission.",https://www.fao.org/interactive/forest-resources-assessment/2020/en/
unreferenced_product,NONE,TANTALUM_ORE,profile_relevance,"A composition probe, slice dependency, household salience, bottleneck, financial market, or scenario transmission.",https://pubs.usgs.gov/myb/vol3/2020/myb3-2020-congo-kinshasa.pdf
unreferenced_product,NONE,TIN_ORE,profile_relevance,"A composition probe, slice dependency, household salience, bottleneck, financial market, or scenario transmission.",https://pubs.usgs.gov/myb/vol3/2020/myb3-2020-congo-kinshasa.pdf
unreferenced_product,NONE,TROPICAL_LOGS,profile_relevance,"A composition probe, slice dependency, household salience, bottleneck, financial market, or scenario transmission.",https://www.fao.org/interactive/forest-resources-assessment/2020/en/
unreferenced_product,NONE,TUNGSTEN_ORE,profile_relevance,"A composition probe, slice dependency, household salience, bottleneck, financial market, or scenario transmission.",https://pubs.usgs.gov/myb/vol3/2020/myb3-2020-congo-kinshasa.pdf
