owner_id,sovereign_id
system.ae.communications,sovereign.uae
system.ae.energy,sovereign.uae
system.ae.external_relationships,sovereign.uae
system.ae.fiscal_accounts,sovereign.uae
system.ae.food,sovereign.uae
system.ae.governing_authority,sovereign.uae
system.ae.health,sovereign.uae
system.ae.monetary_accounts,sovereign.uae
system.ae.payments_finance,sovereign.uae
system.ae.public_order_security,sovereign.uae
system.ae.response_table,sovereign.uae
system.ae.shelter_thermal,sovereign.uae
system.ae.strategic_materiel,sovereign.uae
system.ae.trade_demand,sovereign.uae
system.ae.trade_production,sovereign.uae
system.ae.transport_logistics,sovereign.uae
system.ae.water_sanitation,sovereign.uae
system.af.communications,sovereign.afghanistan
system.af.energy,sovereign.afghanistan
system.af.external_relationships,sovereign.afghanistan
system.af.fiscal_accounts,sovereign.afghanistan
system.af.food,sovereign.afghanistan
system.af.governing_authority,sovereign.afghanistan
system.af.health,sovereign.afghanistan
system.af.monetary_accounts,sovereign.afghanistan
system.af.payments_finance,sovereign.afghanistan
system.af.public_order_security,sovereign.afghanistan
system.af.response_table,sovereign.afghanistan
system.af.shelter_thermal,sovereign.afghanistan
system.af.strategic_materiel,sovereign.afghanistan
system.af.trade_demand,sovereign.afghanistan
system.af.trade_production,sovereign.afghanistan
system.af.transport_logistics,sovereign.afghanistan
system.af.water_sanitation,sovereign.afghanistan
system.al.communications,sovereign.albania
system.al.energy,sovereign.albania
system.al.external_relationships,sovereign.albania
system.al.fiscal_accounts,sovereign.albania
system.al.food,sovereign.albania
system.al.governing_authority,sovereign.albania
system.al.health,sovereign.albania
system.al.monetary_accounts,sovereign.albania
system.al.payments_finance,sovereign.albania
system.al.public_order_security,sovereign.albania
system.al.response_table,sovereign.albania
system.al.shelter_thermal,sovereign.albania
system.al.strategic_materiel,sovereign.albania
system.al.trade_demand,sovereign.albania
system.al.trade_production,sovereign.albania
system.al.transport_logistics,sovereign.albania
system.al.water_sanitation,sovereign.albania
system.ao.communications,sovereign.angola
system.ao.energy,sovereign.angola
system.ao.external_relationships,sovereign.angola
system.ao.fiscal_accounts,sovereign.angola
system.ao.food,sovereign.angola
system.ao.governing_authority,sovereign.angola
system.ao.health,sovereign.angola
system.ao.monetary_accounts,sovereign.angola
system.ao.payments_finance,sovereign.angola
system.ao.public_order_security,sovereign.angola
system.ao.response_table,sovereign.angola
system.ao.shelter_thermal,sovereign.angola
system.ao.strategic_materiel,sovereign.angola
system.ao.trade_demand,sovereign.angola
system.ao.trade_production,sovereign.angola
system.ao.transport_logistics,sovereign.angola
system.ao.water_sanitation,sovereign.angola
system.ar.communications,sovereign.argentina
system.ar.energy,sovereign.argentina
system.ar.external_relationships,sovereign.argentina
system.ar.fiscal_accounts,sovereign.argentina
system.ar.food,sovereign.argentina
system.ar.governing_authority,sovereign.argentina
system.ar.health,sovereign.argentina
system.ar.monetary_accounts,sovereign.argentina
system.ar.payments_finance,sovereign.argentina
system.ar.public_order_security,sovereign.argentina
system.ar.response_table,sovereign.argentina
system.ar.shelter_thermal,sovereign.argentina
system.ar.strategic_materiel,sovereign.argentina
system.ar.trade_demand,sovereign.argentina
system.ar.trade_production,sovereign.argentina
system.ar.transport_logistics,sovereign.argentina
system.ar.water_sanitation,sovereign.argentina
system.at.communications,sovereign.austria
system.at.energy,sovereign.austria
system.at.external_relationships,sovereign.austria
system.at.fiscal_accounts,sovereign.austria
system.at.food,sovereign.austria
system.at.governing_authority,sovereign.austria
system.at.health,sovereign.austria
system.at.monetary_accounts,sovereign.austria
system.at.payments_finance,sovereign.austria
system.at.public_order_security,sovereign.austria
system.at.response_table,sovereign.austria
system.at.shelter_thermal,sovereign.austria
system.at.strategic_materiel,sovereign.austria
system.at.trade_demand,sovereign.austria
system.at.trade_production,sovereign.austria
system.at.transport_logistics,sovereign.austria
system.at.water_sanitation,sovereign.austria
system.au.communications,sovereign.australia
system.au.energy,sovereign.australia
system.au.external_relationships,sovereign.australia
system.au.fiscal_accounts,sovereign.australia
system.au.food,sovereign.australia
system.au.governing_authority,sovereign.australia
system.au.health,sovereign.australia
system.au.monetary_accounts,sovereign.australia
system.au.payments_finance,sovereign.australia
system.au.public_order_security,sovereign.australia
system.au.response_table,sovereign.australia
system.au.shelter_thermal,sovereign.australia
system.au.strategic_materiel,sovereign.australia
system.au.trade_demand,sovereign.australia
system.au.trade_production,sovereign.australia
system.au.transport_logistics,sovereign.australia
system.au.water_sanitation,sovereign.australia
system.bb.communications,sovereign.barbados
system.bb.energy,sovereign.barbados
system.bb.external_relationships,sovereign.barbados
system.bb.fiscal_accounts,sovereign.barbados
system.bb.food,sovereign.barbados
system.bb.governing_authority,sovereign.barbados
system.bb.health,sovereign.barbados
system.bb.monetary_accounts,sovereign.barbados
system.bb.payments_finance,sovereign.barbados
system.bb.public_order_security,sovereign.barbados
system.bb.response_table,sovereign.barbados
system.bb.shelter_thermal,sovereign.barbados
system.bb.strategic_materiel,sovereign.barbados
system.bb.trade_demand,sovereign.barbados
system.bb.trade_production,sovereign.barbados
system.bb.transport_logistics,sovereign.barbados
system.bb.water_sanitation,sovereign.barbados
system.bd.communications,sovereign.bangladesh
system.bd.energy,sovereign.bangladesh
system.bd.external_relationships,sovereign.bangladesh
system.bd.fiscal_accounts,sovereign.bangladesh
system.bd.food,sovereign.bangladesh
system.bd.governing_authority,sovereign.bangladesh
system.bd.health,sovereign.bangladesh
system.bd.monetary_accounts,sovereign.bangladesh
system.bd.payments_finance,sovereign.bangladesh
system.bd.public_order_security,sovereign.bangladesh
system.bd.response_table,sovereign.bangladesh
system.bd.shelter_thermal,sovereign.bangladesh
system.bd.strategic_materiel,sovereign.bangladesh
system.bd.trade_demand,sovereign.bangladesh
system.bd.trade_production,sovereign.bangladesh
system.bd.transport_logistics,sovereign.bangladesh
system.bd.water_sanitation,sovereign.bangladesh
system.be.communications,sovereign.belgium
system.be.energy,sovereign.belgium
system.be.external_relationships,sovereign.belgium
system.be.fiscal_accounts,sovereign.belgium
system.be.food,sovereign.belgium
system.be.governing_authority,sovereign.belgium
system.be.health,sovereign.belgium
system.be.monetary_accounts,sovereign.belgium
system.be.payments_finance,sovereign.belgium
system.be.public_order_security,sovereign.belgium
system.be.response_table,sovereign.belgium
system.be.shelter_thermal,sovereign.belgium
system.be.strategic_materiel,sovereign.belgium
system.be.trade_demand,sovereign.belgium
system.be.trade_production,sovereign.belgium
system.be.transport_logistics,sovereign.belgium
system.be.water_sanitation,sovereign.belgium
system.bg.communications,sovereign.bulgaria
system.bg.energy,sovereign.bulgaria
system.bg.external_relationships,sovereign.bulgaria
system.bg.fiscal_accounts,sovereign.bulgaria
system.bg.food,sovereign.bulgaria
system.bg.governing_authority,sovereign.bulgaria
system.bg.health,sovereign.bulgaria
system.bg.monetary_accounts,sovereign.bulgaria
system.bg.payments_finance,sovereign.bulgaria
system.bg.public_order_security,sovereign.bulgaria
system.bg.response_table,sovereign.bulgaria
system.bg.shelter_thermal,sovereign.bulgaria
system.bg.strategic_materiel,sovereign.bulgaria
system.bg.trade_demand,sovereign.bulgaria
system.bg.trade_production,sovereign.bulgaria
system.bg.transport_logistics,sovereign.bulgaria
system.bg.water_sanitation,sovereign.bulgaria
system.bh.communications,sovereign.bahrain
system.bh.energy,sovereign.bahrain
system.bh.external_relationships,sovereign.bahrain
system.bh.fiscal_accounts,sovereign.bahrain
system.bh.food,sovereign.bahrain
system.bh.governing_authority,sovereign.bahrain
system.bh.health,sovereign.bahrain
system.bh.monetary_accounts,sovereign.bahrain
system.bh.payments_finance,sovereign.bahrain
system.bh.public_order_security,sovereign.bahrain
system.bh.response_table,sovereign.bahrain
system.bh.shelter_thermal,sovereign.bahrain
system.bh.strategic_materiel,sovereign.bahrain
system.bh.trade_demand,sovereign.bahrain
system.bh.trade_production,sovereign.bahrain
system.bh.transport_logistics,sovereign.bahrain
system.bh.water_sanitation,sovereign.bahrain
system.bi.communications,sovereign.burundi
system.bi.energy,sovereign.burundi
system.bi.external_relationships,sovereign.burundi
system.bi.fiscal_accounts,sovereign.burundi
system.bi.food,sovereign.burundi
system.bi.governing_authority,sovereign.burundi
system.bi.health,sovereign.burundi
system.bi.monetary_accounts,sovereign.burundi
system.bi.payments_finance,sovereign.burundi
system.bi.public_order_security,sovereign.burundi
system.bi.response_table,sovereign.burundi
system.bi.shelter_thermal,sovereign.burundi
system.bi.strategic_materiel,sovereign.burundi
system.bi.trade_demand,sovereign.burundi
system.bi.trade_production,sovereign.burundi
system.bi.transport_logistics,sovereign.burundi
system.bi.water_sanitation,sovereign.burundi
system.bj.communications,sovereign.benin
system.bj.energy,sovereign.benin
system.bj.external_relationships,sovereign.benin
system.bj.fiscal_accounts,sovereign.benin
system.bj.food,sovereign.benin
system.bj.governing_authority,sovereign.benin
system.bj.health,sovereign.benin
system.bj.monetary_accounts,sovereign.benin
system.bj.payments_finance,sovereign.benin
system.bj.public_order_security,sovereign.benin
system.bj.response_table,sovereign.benin
system.bj.shelter_thermal,sovereign.benin
system.bj.strategic_materiel,sovereign.benin
system.bj.trade_demand,sovereign.benin
system.bj.trade_production,sovereign.benin
system.bj.transport_logistics,sovereign.benin
system.bj.water_sanitation,sovereign.benin
system.bo.communications,sovereign.bolivia
system.bo.energy,sovereign.bolivia
system.bo.external_relationships,sovereign.bolivia
system.bo.fiscal_accounts,sovereign.bolivia
system.bo.food,sovereign.bolivia
system.bo.governing_authority,sovereign.bolivia
system.bo.health,sovereign.bolivia
system.bo.monetary_accounts,sovereign.bolivia
system.bo.payments_finance,sovereign.bolivia
system.bo.public_order_security,sovereign.bolivia
system.bo.response_table,sovereign.bolivia
system.bo.shelter_thermal,sovereign.bolivia
system.bo.strategic_materiel,sovereign.bolivia
system.bo.trade_demand,sovereign.bolivia
system.bo.trade_production,sovereign.bolivia
system.bo.transport_logistics,sovereign.bolivia
system.bo.water_sanitation,sovereign.bolivia
system.br.communications,sovereign.brazil
system.br.energy,sovereign.brazil
system.br.external_relationships,sovereign.brazil
system.br.fiscal_accounts,sovereign.brazil
system.br.food,sovereign.brazil
system.br.governing_authority,sovereign.brazil
system.br.health,sovereign.brazil
system.br.monetary_accounts,sovereign.brazil
system.br.payments_finance,sovereign.brazil
system.br.public_order_security,sovereign.brazil
system.br.response_table,sovereign.brazil
system.br.shelter_thermal,sovereign.brazil
system.br.strategic_materiel,sovereign.brazil
system.br.trade_demand,sovereign.brazil
system.br.trade_production,sovereign.brazil
system.br.transport_logistics,sovereign.brazil
system.br.water_sanitation,sovereign.brazil
system.bs.communications,sovereign.bahamas
system.bs.energy,sovereign.bahamas
system.bs.external_relationships,sovereign.bahamas
system.bs.fiscal_accounts,sovereign.bahamas
system.bs.food,sovereign.bahamas
system.bs.governing_authority,sovereign.bahamas
system.bs.health,sovereign.bahamas
system.bs.monetary_accounts,sovereign.bahamas
system.bs.payments_finance,sovereign.bahamas
system.bs.public_order_security,sovereign.bahamas
system.bs.response_table,sovereign.bahamas
system.bs.shelter_thermal,sovereign.bahamas
system.bs.strategic_materiel,sovereign.bahamas
system.bs.trade_demand,sovereign.bahamas
system.bs.trade_production,sovereign.bahamas
system.bs.transport_logistics,sovereign.bahamas
system.bs.water_sanitation,sovereign.bahamas
system.bt.communications,sovereign.bhutan
system.bt.energy,sovereign.bhutan
system.bt.external_relationships,sovereign.bhutan
system.bt.fiscal_accounts,sovereign.bhutan
system.bt.food,sovereign.bhutan
system.bt.governing_authority,sovereign.bhutan
system.bt.health,sovereign.bhutan
system.bt.monetary_accounts,sovereign.bhutan
system.bt.payments_finance,sovereign.bhutan
system.bt.public_order_security,sovereign.bhutan
system.bt.response_table,sovereign.bhutan
system.bt.shelter_thermal,sovereign.bhutan
system.bt.strategic_materiel,sovereign.bhutan
system.bt.trade_demand,sovereign.bhutan
system.bt.trade_production,sovereign.bhutan
system.bt.transport_logistics,sovereign.bhutan
system.bt.water_sanitation,sovereign.bhutan
system.bu.communications,sovereign.myanmar
system.bu.energy,sovereign.myanmar
system.bu.external_relationships,sovereign.myanmar
system.bu.fiscal_accounts,sovereign.myanmar
system.bu.food,sovereign.myanmar
system.bu.governing_authority,sovereign.myanmar
system.bu.health,sovereign.myanmar
system.bu.monetary_accounts,sovereign.myanmar
system.bu.payments_finance,sovereign.myanmar
system.bu.public_order_security,sovereign.myanmar
system.bu.response_table,sovereign.myanmar
system.bu.shelter_thermal,sovereign.myanmar
system.bu.strategic_materiel,sovereign.myanmar
system.bu.trade_demand,sovereign.myanmar
system.bu.trade_production,sovereign.myanmar
system.bu.transport_logistics,sovereign.myanmar
system.bu.water_sanitation,sovereign.myanmar
system.bw.communications,sovereign.botswana
system.bw.energy,sovereign.botswana
system.bw.external_relationships,sovereign.botswana
system.bw.fiscal_accounts,sovereign.botswana
system.bw.food,sovereign.botswana
system.bw.governing_authority,sovereign.botswana
system.bw.health,sovereign.botswana
system.bw.monetary_accounts,sovereign.botswana
system.bw.payments_finance,sovereign.botswana
system.bw.public_order_security,sovereign.botswana
system.bw.response_table,sovereign.botswana
system.bw.shelter_thermal,sovereign.botswana
system.bw.strategic_materiel,sovereign.botswana
system.bw.trade_demand,sovereign.botswana
system.bw.trade_production,sovereign.botswana
system.bw.transport_logistics,sovereign.botswana
system.bw.water_sanitation,sovereign.botswana
system.ca.communications,sovereign.canada
system.ca.energy,sovereign.canada
system.ca.external_relationships,sovereign.canada
system.ca.fiscal_accounts,sovereign.canada
system.ca.food,sovereign.canada
system.ca.governing_authority,sovereign.canada
system.ca.health,sovereign.canada
system.ca.monetary_accounts,sovereign.canada
system.ca.payments_finance,sovereign.canada
system.ca.public_order_security,sovereign.canada
system.ca.response_table,sovereign.canada
system.ca.shelter_thermal,sovereign.canada
system.ca.strategic_materiel,sovereign.canada
system.ca.trade_demand,sovereign.canada
system.ca.trade_production,sovereign.canada
system.ca.transport_logistics,sovereign.canada
system.ca.water_sanitation,sovereign.canada
system.cf.communications,sovereign.central_african_republic
system.cf.energy,sovereign.central_african_republic
system.cf.external_relationships,sovereign.central_african_republic
system.cf.fiscal_accounts,sovereign.central_african_republic
system.cf.food,sovereign.central_african_republic
system.cf.governing_authority,sovereign.central_african_republic
system.cf.health,sovereign.central_african_republic
system.cf.monetary_accounts,sovereign.central_african_republic
system.cf.payments_finance,sovereign.central_african_republic
system.cf.public_order_security,sovereign.central_african_republic
system.cf.response_table,sovereign.central_african_republic
system.cf.shelter_thermal,sovereign.central_african_republic
system.cf.strategic_materiel,sovereign.central_african_republic
system.cf.trade_demand,sovereign.central_african_republic
system.cf.trade_production,sovereign.central_african_republic
system.cf.transport_logistics,sovereign.central_african_republic
system.cf.water_sanitation,sovereign.central_african_republic
system.cg.communications,sovereign.congo
system.cg.energy,sovereign.congo
system.cg.external_relationships,sovereign.congo
system.cg.fiscal_accounts,sovereign.congo
system.cg.food,sovereign.congo
system.cg.governing_authority,sovereign.congo
system.cg.health,sovereign.congo
system.cg.monetary_accounts,sovereign.congo
system.cg.payments_finance,sovereign.congo
system.cg.public_order_security,sovereign.congo
system.cg.response_table,sovereign.congo
system.cg.shelter_thermal,sovereign.congo
system.cg.strategic_materiel,sovereign.congo
system.cg.trade_demand,sovereign.congo
system.cg.trade_production,sovereign.congo
system.cg.transport_logistics,sovereign.congo
system.cg.water_sanitation,sovereign.congo
system.ch.communications,sovereign.switzerland
system.ch.energy,sovereign.switzerland
system.ch.external_relationships,sovereign.switzerland
system.ch.fiscal_accounts,sovereign.switzerland
system.ch.food,sovereign.switzerland
system.ch.governing_authority,sovereign.switzerland
system.ch.health,sovereign.switzerland
system.ch.monetary_accounts,sovereign.switzerland
system.ch.payments_finance,sovereign.switzerland
system.ch.public_order_security,sovereign.switzerland
system.ch.response_table,sovereign.switzerland
system.ch.shelter_thermal,sovereign.switzerland
system.ch.strategic_materiel,sovereign.switzerland
system.ch.trade_demand,sovereign.switzerland
system.ch.trade_production,sovereign.switzerland
system.ch.transport_logistics,sovereign.switzerland
system.ch.water_sanitation,sovereign.switzerland
system.ci.communications,sovereign.cote_divoire
system.ci.energy,sovereign.cote_divoire
system.ci.external_relationships,sovereign.cote_divoire
system.ci.fiscal_accounts,sovereign.cote_divoire
system.ci.food,sovereign.cote_divoire
system.ci.governing_authority,sovereign.cote_divoire
system.ci.health,sovereign.cote_divoire
system.ci.monetary_accounts,sovereign.cote_divoire
system.ci.payments_finance,sovereign.cote_divoire
system.ci.public_order_security,sovereign.cote_divoire
system.ci.response_table,sovereign.cote_divoire
system.ci.shelter_thermal,sovereign.cote_divoire
system.ci.strategic_materiel,sovereign.cote_divoire
system.ci.trade_demand,sovereign.cote_divoire
system.ci.trade_production,sovereign.cote_divoire
system.ci.transport_logistics,sovereign.cote_divoire
system.ci.water_sanitation,sovereign.cote_divoire
system.cl.communications,sovereign.chile
system.cl.energy,sovereign.chile
system.cl.external_relationships,sovereign.chile
system.cl.fiscal_accounts,sovereign.chile
system.cl.food,sovereign.chile
system.cl.governing_authority,sovereign.chile
system.cl.health,sovereign.chile
system.cl.monetary_accounts,sovereign.chile
system.cl.payments_finance,sovereign.chile
system.cl.public_order_security,sovereign.chile
system.cl.response_table,sovereign.chile
system.cl.shelter_thermal,sovereign.chile
system.cl.strategic_materiel,sovereign.chile
system.cl.trade_demand,sovereign.chile
system.cl.trade_production,sovereign.chile
system.cl.transport_logistics,sovereign.chile
system.cl.water_sanitation,sovereign.chile
system.cm.communications,sovereign.cameroon
system.cm.energy,sovereign.cameroon
system.cm.external_relationships,sovereign.cameroon
system.cm.fiscal_accounts,sovereign.cameroon
system.cm.food,sovereign.cameroon
system.cm.governing_authority,sovereign.cameroon
system.cm.health,sovereign.cameroon
system.cm.monetary_accounts,sovereign.cameroon
system.cm.payments_finance,sovereign.cameroon
system.cm.public_order_security,sovereign.cameroon
system.cm.response_table,sovereign.cameroon
system.cm.shelter_thermal,sovereign.cameroon
system.cm.strategic_materiel,sovereign.cameroon
system.cm.trade_demand,sovereign.cameroon
system.cm.trade_production,sovereign.cameroon
system.cm.transport_logistics,sovereign.cameroon
system.cm.water_sanitation,sovereign.cameroon
system.cn.communications,sovereign.china
system.cn.energy,sovereign.china
system.cn.external_relationships,sovereign.china
system.cn.fiscal_accounts,sovereign.china
system.cn.food,sovereign.china
system.cn.governing_authority,sovereign.china
system.cn.health,sovereign.china
system.cn.monetary_accounts,sovereign.china
system.cn.payments_finance,sovereign.china
system.cn.public_order_security,sovereign.china
system.cn.response_table,sovereign.china
system.cn.shelter_thermal,sovereign.china
system.cn.strategic_materiel,sovereign.china
system.cn.trade_demand,sovereign.china
system.cn.trade_production,sovereign.china
system.cn.transport_logistics,sovereign.china
system.cn.water_sanitation,sovereign.china
system.co.communications,sovereign.colombia
system.co.energy,sovereign.colombia
system.co.external_relationships,sovereign.colombia
system.co.fiscal_accounts,sovereign.colombia
system.co.food,sovereign.colombia
system.co.governing_authority,sovereign.colombia
system.co.health,sovereign.colombia
system.co.monetary_accounts,sovereign.colombia
system.co.payments_finance,sovereign.colombia
system.co.public_order_security,sovereign.colombia
system.co.response_table,sovereign.colombia
system.co.shelter_thermal,sovereign.colombia
system.co.strategic_materiel,sovereign.colombia
system.co.trade_demand,sovereign.colombia
system.co.trade_production,sovereign.colombia
system.co.transport_logistics,sovereign.colombia
system.co.water_sanitation,sovereign.colombia
system.cr.communications,sovereign.costa_rica
system.cr.energy,sovereign.costa_rica
system.cr.external_relationships,sovereign.costa_rica
system.cr.fiscal_accounts,sovereign.costa_rica
system.cr.food,sovereign.costa_rica
system.cr.governing_authority,sovereign.costa_rica
system.cr.health,sovereign.costa_rica
system.cr.monetary_accounts,sovereign.costa_rica
system.cr.payments_finance,sovereign.costa_rica
system.cr.public_order_security,sovereign.costa_rica
system.cr.response_table,sovereign.costa_rica
system.cr.shelter_thermal,sovereign.costa_rica
system.cr.strategic_materiel,sovereign.costa_rica
system.cr.trade_demand,sovereign.costa_rica
system.cr.trade_production,sovereign.costa_rica
system.cr.transport_logistics,sovereign.costa_rica
system.cr.water_sanitation,sovereign.costa_rica
system.cs.communications,sovereign.czechoslovakia
system.cs.energy,sovereign.czechoslovakia
system.cs.external_relationships,sovereign.czechoslovakia
system.cs.fiscal_accounts,sovereign.czechoslovakia
system.cs.food,sovereign.czechoslovakia
system.cs.governing_authority,sovereign.czechoslovakia
system.cs.health,sovereign.czechoslovakia
system.cs.monetary_accounts,sovereign.czechoslovakia
system.cs.payments_finance,sovereign.czechoslovakia
system.cs.public_order_security,sovereign.czechoslovakia
system.cs.response_table,sovereign.czechoslovakia
system.cs.shelter_thermal,sovereign.czechoslovakia
system.cs.strategic_materiel,sovereign.czechoslovakia
system.cs.trade_demand,sovereign.czechoslovakia
system.cs.trade_production,sovereign.czechoslovakia
system.cs.transport_logistics,sovereign.czechoslovakia
system.cs.water_sanitation,sovereign.czechoslovakia
system.cu.communications,sovereign.cuba
system.cu.energy,sovereign.cuba
system.cu.external_relationships,sovereign.cuba
system.cu.fiscal_accounts,sovereign.cuba
system.cu.food,sovereign.cuba
system.cu.governing_authority,sovereign.cuba
system.cu.health,sovereign.cuba
system.cu.monetary_accounts,sovereign.cuba
system.cu.payments_finance,sovereign.cuba
system.cu.public_order_security,sovereign.cuba
system.cu.response_table,sovereign.cuba
system.cu.shelter_thermal,sovereign.cuba
system.cu.strategic_materiel,sovereign.cuba
system.cu.trade_demand,sovereign.cuba
system.cu.trade_production,sovereign.cuba
system.cu.transport_logistics,sovereign.cuba
system.cu.water_sanitation,sovereign.cuba
system.cv.communications,sovereign.cape_verde
system.cv.energy,sovereign.cape_verde
system.cv.external_relationships,sovereign.cape_verde
system.cv.fiscal_accounts,sovereign.cape_verde
system.cv.food,sovereign.cape_verde
system.cv.governing_authority,sovereign.cape_verde
system.cv.health,sovereign.cape_verde
system.cv.monetary_accounts,sovereign.cape_verde
system.cv.payments_finance,sovereign.cape_verde
system.cv.public_order_security,sovereign.cape_verde
system.cv.response_table,sovereign.cape_verde
system.cv.shelter_thermal,sovereign.cape_verde
system.cv.strategic_materiel,sovereign.cape_verde
system.cv.trade_demand,sovereign.cape_verde
system.cv.trade_production,sovereign.cape_verde
system.cv.transport_logistics,sovereign.cape_verde
system.cv.water_sanitation,sovereign.cape_verde
system.cy.communications,sovereign.cyprus
system.cy.energy,sovereign.cyprus
system.cy.external_relationships,sovereign.cyprus
system.cy.fiscal_accounts,sovereign.cyprus
system.cy.food,sovereign.cyprus
system.cy.governing_authority,sovereign.cyprus
system.cy.health,sovereign.cyprus
system.cy.monetary_accounts,sovereign.cyprus
system.cy.payments_finance,sovereign.cyprus
system.cy.public_order_security,sovereign.cyprus
system.cy.response_table,sovereign.cyprus
system.cy.shelter_thermal,sovereign.cyprus
system.cy.strategic_materiel,sovereign.cyprus
system.cy.trade_demand,sovereign.cyprus
system.cy.trade_production,sovereign.cyprus
system.cy.transport_logistics,sovereign.cyprus
system.cy.water_sanitation,sovereign.cyprus
system.dd.communications,sovereign.east_germany
system.dd.energy,sovereign.east_germany
system.dd.external_relationships,sovereign.east_germany
system.dd.fiscal_accounts,sovereign.east_germany
system.dd.food,sovereign.east_germany
system.dd.governing_authority,sovereign.east_germany
system.dd.health,sovereign.east_germany
system.dd.monetary_accounts,sovereign.east_germany
system.dd.payments_finance,sovereign.east_germany
system.dd.public_order_security,sovereign.east_germany
system.dd.response_table,sovereign.east_germany
system.dd.shelter_thermal,sovereign.east_germany
system.dd.strategic_materiel,sovereign.east_germany
system.dd.trade_demand,sovereign.east_germany
system.dd.trade_production,sovereign.east_germany
system.dd.transport_logistics,sovereign.east_germany
system.dd.water_sanitation,sovereign.east_germany
system.de.communications,sovereign.germany
system.de.energy,sovereign.germany
system.de.external_relationships,sovereign.germany
system.de.fiscal_accounts,sovereign.germany
system.de.food,sovereign.germany
system.de.governing_authority,sovereign.germany
system.de.health,sovereign.germany
system.de.monetary_accounts,sovereign.germany
system.de.payments_finance,sovereign.germany
system.de.public_order_security,sovereign.germany
system.de.response_table,sovereign.germany
system.de.shelter_thermal,sovereign.germany
system.de.strategic_materiel,sovereign.germany
system.de.trade_demand,sovereign.germany
system.de.trade_production,sovereign.germany
system.de.transport_logistics,sovereign.germany
system.de.water_sanitation,sovereign.germany
system.dj.communications,sovereign.djibouti
system.dj.energy,sovereign.djibouti
system.dj.external_relationships,sovereign.djibouti
system.dj.fiscal_accounts,sovereign.djibouti
system.dj.food,sovereign.djibouti
system.dj.governing_authority,sovereign.djibouti
system.dj.health,sovereign.djibouti
system.dj.monetary_accounts,sovereign.djibouti
system.dj.payments_finance,sovereign.djibouti
system.dj.public_order_security,sovereign.djibouti
system.dj.response_table,sovereign.djibouti
system.dj.shelter_thermal,sovereign.djibouti
system.dj.strategic_materiel,sovereign.djibouti
system.dj.trade_demand,sovereign.djibouti
system.dj.trade_production,sovereign.djibouti
system.dj.transport_logistics,sovereign.djibouti
system.dj.water_sanitation,sovereign.djibouti
system.dk.communications,sovereign.denmark
system.dk.energy,sovereign.denmark
system.dk.external_relationships,sovereign.denmark
system.dk.fiscal_accounts,sovereign.denmark
system.dk.food,sovereign.denmark
system.dk.governing_authority,sovereign.denmark
system.dk.health,sovereign.denmark
system.dk.monetary_accounts,sovereign.denmark
system.dk.payments_finance,sovereign.denmark
system.dk.public_order_security,sovereign.denmark
system.dk.response_table,sovereign.denmark
system.dk.shelter_thermal,sovereign.denmark
system.dk.strategic_materiel,sovereign.denmark
system.dk.trade_demand,sovereign.denmark
system.dk.trade_production,sovereign.denmark
system.dk.transport_logistics,sovereign.denmark
system.dk.water_sanitation,sovereign.denmark
system.dm.communications,sovereign.dominica
system.dm.energy,sovereign.dominica
system.dm.external_relationships,sovereign.dominica
system.dm.fiscal_accounts,sovereign.dominica
system.dm.food,sovereign.dominica
system.dm.governing_authority,sovereign.dominica
system.dm.health,sovereign.dominica
system.dm.monetary_accounts,sovereign.dominica
system.dm.payments_finance,sovereign.dominica
system.dm.public_order_security,sovereign.dominica
system.dm.response_table,sovereign.dominica
system.dm.shelter_thermal,sovereign.dominica
system.dm.strategic_materiel,sovereign.dominica
system.dm.trade_demand,sovereign.dominica
system.dm.trade_production,sovereign.dominica
system.dm.transport_logistics,sovereign.dominica
system.dm.water_sanitation,sovereign.dominica
system.do.communications,sovereign.dominican_republic
system.do.energy,sovereign.dominican_republic
system.do.external_relationships,sovereign.dominican_republic
system.do.fiscal_accounts,sovereign.dominican_republic
system.do.food,sovereign.dominican_republic
system.do.governing_authority,sovereign.dominican_republic
system.do.health,sovereign.dominican_republic
system.do.monetary_accounts,sovereign.dominican_republic
system.do.payments_finance,sovereign.dominican_republic
system.do.public_order_security,sovereign.dominican_republic
system.do.response_table,sovereign.dominican_republic
system.do.shelter_thermal,sovereign.dominican_republic
system.do.strategic_materiel,sovereign.dominican_republic
system.do.trade_demand,sovereign.dominican_republic
system.do.trade_production,sovereign.dominican_republic
system.do.transport_logistics,sovereign.dominican_republic
system.do.water_sanitation,sovereign.dominican_republic
system.dz.communications,sovereign.algeria
system.dz.energy,sovereign.algeria
system.dz.external_relationships,sovereign.algeria
system.dz.fiscal_accounts,sovereign.algeria
system.dz.food,sovereign.algeria
system.dz.governing_authority,sovereign.algeria
system.dz.health,sovereign.algeria
system.dz.monetary_accounts,sovereign.algeria
system.dz.payments_finance,sovereign.algeria
system.dz.public_order_security,sovereign.algeria
system.dz.response_table,sovereign.algeria
system.dz.shelter_thermal,sovereign.algeria
system.dz.strategic_materiel,sovereign.algeria
system.dz.trade_demand,sovereign.algeria
system.dz.trade_production,sovereign.algeria
system.dz.transport_logistics,sovereign.algeria
system.dz.water_sanitation,sovereign.algeria
system.ec.communications,sovereign.ecuador
system.ec.energy,sovereign.ecuador
system.ec.external_relationships,sovereign.ecuador
system.ec.fiscal_accounts,sovereign.ecuador
system.ec.food,sovereign.ecuador
system.ec.governing_authority,sovereign.ecuador
system.ec.health,sovereign.ecuador
system.ec.monetary_accounts,sovereign.ecuador
system.ec.payments_finance,sovereign.ecuador
system.ec.public_order_security,sovereign.ecuador
system.ec.response_table,sovereign.ecuador
system.ec.shelter_thermal,sovereign.ecuador
system.ec.strategic_materiel,sovereign.ecuador
system.ec.trade_demand,sovereign.ecuador
system.ec.trade_production,sovereign.ecuador
system.ec.transport_logistics,sovereign.ecuador
system.ec.water_sanitation,sovereign.ecuador
system.eg.communications,sovereign.egypt
system.eg.energy,sovereign.egypt
system.eg.external_relationships,sovereign.egypt
system.eg.fiscal_accounts,sovereign.egypt
system.eg.food,sovereign.egypt
system.eg.governing_authority,sovereign.egypt
system.eg.health,sovereign.egypt
system.eg.monetary_accounts,sovereign.egypt
system.eg.payments_finance,sovereign.egypt
system.eg.public_order_security,sovereign.egypt
system.eg.response_table,sovereign.egypt
system.eg.shelter_thermal,sovereign.egypt
system.eg.strategic_materiel,sovereign.egypt
system.eg.trade_demand,sovereign.egypt
system.eg.trade_production,sovereign.egypt
system.eg.transport_logistics,sovereign.egypt
system.eg.water_sanitation,sovereign.egypt
system.es.communications,sovereign.spain
system.es.energy,sovereign.spain
system.es.external_relationships,sovereign.spain
system.es.fiscal_accounts,sovereign.spain
system.es.food,sovereign.spain
system.es.governing_authority,sovereign.spain
system.es.health,sovereign.spain
system.es.monetary_accounts,sovereign.spain
system.es.payments_finance,sovereign.spain
system.es.public_order_security,sovereign.spain
system.es.response_table,sovereign.spain
system.es.shelter_thermal,sovereign.spain
system.es.strategic_materiel,sovereign.spain
system.es.trade_demand,sovereign.spain
system.es.trade_production,sovereign.spain
system.es.transport_logistics,sovereign.spain
system.es.water_sanitation,sovereign.spain
system.et.communications,sovereign.ethiopia
system.et.energy,sovereign.ethiopia
system.et.external_relationships,sovereign.ethiopia
system.et.fiscal_accounts,sovereign.ethiopia
system.et.food,sovereign.ethiopia
system.et.governing_authority,sovereign.ethiopia
system.et.health,sovereign.ethiopia
system.et.monetary_accounts,sovereign.ethiopia
system.et.payments_finance,sovereign.ethiopia
system.et.public_order_security,sovereign.ethiopia
system.et.response_table,sovereign.ethiopia
system.et.shelter_thermal,sovereign.ethiopia
system.et.strategic_materiel,sovereign.ethiopia
system.et.trade_demand,sovereign.ethiopia
system.et.trade_production,sovereign.ethiopia
system.et.transport_logistics,sovereign.ethiopia
system.et.water_sanitation,sovereign.ethiopia
system.fi.communications,sovereign.finland
system.fi.energy,sovereign.finland
system.fi.external_relationships,sovereign.finland
system.fi.fiscal_accounts,sovereign.finland
system.fi.food,sovereign.finland
system.fi.governing_authority,sovereign.finland
system.fi.health,sovereign.finland
system.fi.monetary_accounts,sovereign.finland
system.fi.payments_finance,sovereign.finland
system.fi.public_order_security,sovereign.finland
system.fi.response_table,sovereign.finland
system.fi.shelter_thermal,sovereign.finland
system.fi.strategic_materiel,sovereign.finland
system.fi.trade_demand,sovereign.finland
system.fi.trade_production,sovereign.finland
system.fi.transport_logistics,sovereign.finland
system.fi.water_sanitation,sovereign.finland
system.fj.communications,sovereign.fiji
system.fj.energy,sovereign.fiji
system.fj.external_relationships,sovereign.fiji
system.fj.fiscal_accounts,sovereign.fiji
system.fj.food,sovereign.fiji
system.fj.governing_authority,sovereign.fiji
system.fj.health,sovereign.fiji
system.fj.monetary_accounts,sovereign.fiji
system.fj.payments_finance,sovereign.fiji
system.fj.public_order_security,sovereign.fiji
system.fj.response_table,sovereign.fiji
system.fj.shelter_thermal,sovereign.fiji
system.fj.strategic_materiel,sovereign.fiji
system.fj.trade_demand,sovereign.fiji
system.fj.trade_production,sovereign.fiji
system.fj.transport_logistics,sovereign.fiji
system.fj.water_sanitation,sovereign.fiji
system.fr.communications,sovereign.france
system.fr.energy,sovereign.france
system.fr.external_relationships,sovereign.france
system.fr.fiscal_accounts,sovereign.france
system.fr.food,sovereign.france
system.fr.governing_authority,sovereign.france
system.fr.health,sovereign.france
system.fr.monetary_accounts,sovereign.france
system.fr.payments_finance,sovereign.france
system.fr.public_order_security,sovereign.france
system.fr.response_table,sovereign.france
system.fr.shelter_thermal,sovereign.france
system.fr.strategic_materiel,sovereign.france
system.fr.trade_demand,sovereign.france
system.fr.trade_production,sovereign.france
system.fr.transport_logistics,sovereign.france
system.fr.water_sanitation,sovereign.france
system.ga.communications,sovereign.gabon
system.ga.energy,sovereign.gabon
system.ga.external_relationships,sovereign.gabon
system.ga.fiscal_accounts,sovereign.gabon
system.ga.food,sovereign.gabon
system.ga.governing_authority,sovereign.gabon
system.ga.health,sovereign.gabon
system.ga.monetary_accounts,sovereign.gabon
system.ga.payments_finance,sovereign.gabon
system.ga.public_order_security,sovereign.gabon
system.ga.response_table,sovereign.gabon
system.ga.shelter_thermal,sovereign.gabon
system.ga.strategic_materiel,sovereign.gabon
system.ga.trade_demand,sovereign.gabon
system.ga.trade_production,sovereign.gabon
system.ga.transport_logistics,sovereign.gabon
system.ga.water_sanitation,sovereign.gabon
system.gb.communications,sovereign.united_kingdom
system.gb.energy,sovereign.united_kingdom
system.gb.external_relationships,sovereign.united_kingdom
system.gb.fiscal_accounts,sovereign.united_kingdom
system.gb.food,sovereign.united_kingdom
system.gb.governing_authority,sovereign.united_kingdom
system.gb.health,sovereign.united_kingdom
system.gb.monetary_accounts,sovereign.united_kingdom
system.gb.payments_finance,sovereign.united_kingdom
system.gb.public_order_security,sovereign.united_kingdom
system.gb.response_table,sovereign.united_kingdom
system.gb.shelter_thermal,sovereign.united_kingdom
system.gb.strategic_materiel,sovereign.united_kingdom
system.gb.trade_demand,sovereign.united_kingdom
system.gb.trade_production,sovereign.united_kingdom
system.gb.transport_logistics,sovereign.united_kingdom
system.gb.water_sanitation,sovereign.united_kingdom
system.gd.communications,sovereign.grenada
system.gd.energy,sovereign.grenada
system.gd.external_relationships,sovereign.grenada
system.gd.fiscal_accounts,sovereign.grenada
system.gd.food,sovereign.grenada
system.gd.governing_authority,sovereign.grenada
system.gd.health,sovereign.grenada
system.gd.monetary_accounts,sovereign.grenada
system.gd.payments_finance,sovereign.grenada
system.gd.public_order_security,sovereign.grenada
system.gd.response_table,sovereign.grenada
system.gd.shelter_thermal,sovereign.grenada
system.gd.strategic_materiel,sovereign.grenada
system.gd.trade_demand,sovereign.grenada
system.gd.trade_production,sovereign.grenada
system.gd.transport_logistics,sovereign.grenada
system.gd.water_sanitation,sovereign.grenada
system.gh.communications,sovereign.ghana
system.gh.energy,sovereign.ghana
system.gh.external_relationships,sovereign.ghana
system.gh.fiscal_accounts,sovereign.ghana
system.gh.food,sovereign.ghana
system.gh.governing_authority,sovereign.ghana
system.gh.health,sovereign.ghana
system.gh.monetary_accounts,sovereign.ghana
system.gh.payments_finance,sovereign.ghana
system.gh.public_order_security,sovereign.ghana
system.gh.response_table,sovereign.ghana
system.gh.shelter_thermal,sovereign.ghana
system.gh.strategic_materiel,sovereign.ghana
system.gh.trade_demand,sovereign.ghana
system.gh.trade_production,sovereign.ghana
system.gh.transport_logistics,sovereign.ghana
system.gh.water_sanitation,sovereign.ghana
system.gm.communications,sovereign.gambia
system.gm.energy,sovereign.gambia
system.gm.external_relationships,sovereign.gambia
system.gm.fiscal_accounts,sovereign.gambia
system.gm.food,sovereign.gambia
system.gm.governing_authority,sovereign.gambia
system.gm.health,sovereign.gambia
system.gm.monetary_accounts,sovereign.gambia
system.gm.payments_finance,sovereign.gambia
system.gm.public_order_security,sovereign.gambia
system.gm.response_table,sovereign.gambia
system.gm.shelter_thermal,sovereign.gambia
system.gm.strategic_materiel,sovereign.gambia
system.gm.trade_demand,sovereign.gambia
system.gm.trade_production,sovereign.gambia
system.gm.transport_logistics,sovereign.gambia
system.gm.water_sanitation,sovereign.gambia
system.gn.communications,sovereign.guinea
system.gn.energy,sovereign.guinea
system.gn.external_relationships,sovereign.guinea
system.gn.fiscal_accounts,sovereign.guinea
system.gn.food,sovereign.guinea
system.gn.governing_authority,sovereign.guinea
system.gn.health,sovereign.guinea
system.gn.monetary_accounts,sovereign.guinea
system.gn.payments_finance,sovereign.guinea
system.gn.public_order_security,sovereign.guinea
system.gn.response_table,sovereign.guinea
system.gn.shelter_thermal,sovereign.guinea
system.gn.strategic_materiel,sovereign.guinea
system.gn.trade_demand,sovereign.guinea
system.gn.trade_production,sovereign.guinea
system.gn.transport_logistics,sovereign.guinea
system.gn.water_sanitation,sovereign.guinea
system.gq.communications,sovereign.equatorial_guinea
system.gq.energy,sovereign.equatorial_guinea
system.gq.external_relationships,sovereign.equatorial_guinea
system.gq.fiscal_accounts,sovereign.equatorial_guinea
system.gq.food,sovereign.equatorial_guinea
system.gq.governing_authority,sovereign.equatorial_guinea
system.gq.health,sovereign.equatorial_guinea
system.gq.monetary_accounts,sovereign.equatorial_guinea
system.gq.payments_finance,sovereign.equatorial_guinea
system.gq.public_order_security,sovereign.equatorial_guinea
system.gq.response_table,sovereign.equatorial_guinea
system.gq.shelter_thermal,sovereign.equatorial_guinea
system.gq.strategic_materiel,sovereign.equatorial_guinea
system.gq.trade_demand,sovereign.equatorial_guinea
system.gq.trade_production,sovereign.equatorial_guinea
system.gq.transport_logistics,sovereign.equatorial_guinea
system.gq.water_sanitation,sovereign.equatorial_guinea
system.gr.communications,sovereign.greece
system.gr.energy,sovereign.greece
system.gr.external_relationships,sovereign.greece
system.gr.fiscal_accounts,sovereign.greece
system.gr.food,sovereign.greece
system.gr.governing_authority,sovereign.greece
system.gr.health,sovereign.greece
system.gr.monetary_accounts,sovereign.greece
system.gr.payments_finance,sovereign.greece
system.gr.public_order_security,sovereign.greece
system.gr.response_table,sovereign.greece
system.gr.shelter_thermal,sovereign.greece
system.gr.strategic_materiel,sovereign.greece
system.gr.trade_demand,sovereign.greece
system.gr.trade_production,sovereign.greece
system.gr.transport_logistics,sovereign.greece
system.gr.water_sanitation,sovereign.greece
system.gt.communications,sovereign.guatemala
system.gt.energy,sovereign.guatemala
system.gt.external_relationships,sovereign.guatemala
system.gt.fiscal_accounts,sovereign.guatemala
system.gt.food,sovereign.guatemala
system.gt.governing_authority,sovereign.guatemala
system.gt.health,sovereign.guatemala
system.gt.monetary_accounts,sovereign.guatemala
system.gt.payments_finance,sovereign.guatemala
system.gt.public_order_security,sovereign.guatemala
system.gt.response_table,sovereign.guatemala
system.gt.shelter_thermal,sovereign.guatemala
system.gt.strategic_materiel,sovereign.guatemala
system.gt.trade_demand,sovereign.guatemala
system.gt.trade_production,sovereign.guatemala
system.gt.transport_logistics,sovereign.guatemala
system.gt.water_sanitation,sovereign.guatemala
system.gw.communications,sovereign.guinea_bissau
system.gw.energy,sovereign.guinea_bissau
system.gw.external_relationships,sovereign.guinea_bissau
system.gw.fiscal_accounts,sovereign.guinea_bissau
system.gw.food,sovereign.guinea_bissau
system.gw.governing_authority,sovereign.guinea_bissau
system.gw.health,sovereign.guinea_bissau
system.gw.monetary_accounts,sovereign.guinea_bissau
system.gw.payments_finance,sovereign.guinea_bissau
system.gw.public_order_security,sovereign.guinea_bissau
system.gw.response_table,sovereign.guinea_bissau
system.gw.shelter_thermal,sovereign.guinea_bissau
system.gw.strategic_materiel,sovereign.guinea_bissau
system.gw.trade_demand,sovereign.guinea_bissau
system.gw.trade_production,sovereign.guinea_bissau
system.gw.transport_logistics,sovereign.guinea_bissau
system.gw.water_sanitation,sovereign.guinea_bissau
system.gy.communications,sovereign.guyana
system.gy.energy,sovereign.guyana
system.gy.external_relationships,sovereign.guyana
system.gy.fiscal_accounts,sovereign.guyana
system.gy.food,sovereign.guyana
system.gy.governing_authority,sovereign.guyana
system.gy.health,sovereign.guyana
system.gy.monetary_accounts,sovereign.guyana
system.gy.payments_finance,sovereign.guyana
system.gy.public_order_security,sovereign.guyana
system.gy.response_table,sovereign.guyana
system.gy.shelter_thermal,sovereign.guyana
system.gy.strategic_materiel,sovereign.guyana
system.gy.trade_demand,sovereign.guyana
system.gy.trade_production,sovereign.guyana
system.gy.transport_logistics,sovereign.guyana
system.gy.water_sanitation,sovereign.guyana
system.hn.communications,sovereign.honduras
system.hn.energy,sovereign.honduras
system.hn.external_relationships,sovereign.honduras
system.hn.fiscal_accounts,sovereign.honduras
system.hn.food,sovereign.honduras
system.hn.governing_authority,sovereign.honduras
system.hn.health,sovereign.honduras
system.hn.monetary_accounts,sovereign.honduras
system.hn.payments_finance,sovereign.honduras
system.hn.public_order_security,sovereign.honduras
system.hn.response_table,sovereign.honduras
system.hn.shelter_thermal,sovereign.honduras
system.hn.strategic_materiel,sovereign.honduras
system.hn.trade_demand,sovereign.honduras
system.hn.trade_production,sovereign.honduras
system.hn.transport_logistics,sovereign.honduras
system.hn.water_sanitation,sovereign.honduras
system.ht.communications,sovereign.haiti
system.ht.energy,sovereign.haiti
system.ht.external_relationships,sovereign.haiti
system.ht.fiscal_accounts,sovereign.haiti
system.ht.food,sovereign.haiti
system.ht.governing_authority,sovereign.haiti
system.ht.health,sovereign.haiti
system.ht.monetary_accounts,sovereign.haiti
system.ht.payments_finance,sovereign.haiti
system.ht.public_order_security,sovereign.haiti
system.ht.response_table,sovereign.haiti
system.ht.shelter_thermal,sovereign.haiti
system.ht.strategic_materiel,sovereign.haiti
system.ht.trade_demand,sovereign.haiti
system.ht.trade_production,sovereign.haiti
system.ht.transport_logistics,sovereign.haiti
system.ht.water_sanitation,sovereign.haiti
system.hu.communications,sovereign.hungary
system.hu.energy,sovereign.hungary
system.hu.external_relationships,sovereign.hungary
system.hu.fiscal_accounts,sovereign.hungary
system.hu.food,sovereign.hungary
system.hu.governing_authority,sovereign.hungary
system.hu.health,sovereign.hungary
system.hu.monetary_accounts,sovereign.hungary
system.hu.payments_finance,sovereign.hungary
system.hu.public_order_security,sovereign.hungary
system.hu.response_table,sovereign.hungary
system.hu.shelter_thermal,sovereign.hungary
system.hu.strategic_materiel,sovereign.hungary
system.hu.trade_demand,sovereign.hungary
system.hu.trade_production,sovereign.hungary
system.hu.transport_logistics,sovereign.hungary
system.hu.water_sanitation,sovereign.hungary
system.hv.communications,sovereign.burkina_faso
system.hv.energy,sovereign.burkina_faso
system.hv.external_relationships,sovereign.burkina_faso
system.hv.fiscal_accounts,sovereign.burkina_faso
system.hv.food,sovereign.burkina_faso
system.hv.governing_authority,sovereign.burkina_faso
system.hv.health,sovereign.burkina_faso
system.hv.monetary_accounts,sovereign.burkina_faso
system.hv.payments_finance,sovereign.burkina_faso
system.hv.public_order_security,sovereign.burkina_faso
system.hv.response_table,sovereign.burkina_faso
system.hv.shelter_thermal,sovereign.burkina_faso
system.hv.strategic_materiel,sovereign.burkina_faso
system.hv.trade_demand,sovereign.burkina_faso
system.hv.trade_production,sovereign.burkina_faso
system.hv.transport_logistics,sovereign.burkina_faso
system.hv.water_sanitation,sovereign.burkina_faso
system.id.communications,sovereign.indonesia
system.id.energy,sovereign.indonesia
system.id.external_relationships,sovereign.indonesia
system.id.fiscal_accounts,sovereign.indonesia
system.id.food,sovereign.indonesia
system.id.governing_authority,sovereign.indonesia
system.id.health,sovereign.indonesia
system.id.monetary_accounts,sovereign.indonesia
system.id.payments_finance,sovereign.indonesia
system.id.public_order_security,sovereign.indonesia
system.id.response_table,sovereign.indonesia
system.id.shelter_thermal,sovereign.indonesia
system.id.strategic_materiel,sovereign.indonesia
system.id.trade_demand,sovereign.indonesia
system.id.trade_production,sovereign.indonesia
system.id.transport_logistics,sovereign.indonesia
system.id.water_sanitation,sovereign.indonesia
system.ie.communications,sovereign.ireland
system.ie.energy,sovereign.ireland
system.ie.external_relationships,sovereign.ireland
system.ie.fiscal_accounts,sovereign.ireland
system.ie.food,sovereign.ireland
system.ie.governing_authority,sovereign.ireland
system.ie.health,sovereign.ireland
system.ie.monetary_accounts,sovereign.ireland
system.ie.payments_finance,sovereign.ireland
system.ie.public_order_security,sovereign.ireland
system.ie.response_table,sovereign.ireland
system.ie.shelter_thermal,sovereign.ireland
system.ie.strategic_materiel,sovereign.ireland
system.ie.trade_demand,sovereign.ireland
system.ie.trade_production,sovereign.ireland
system.ie.transport_logistics,sovereign.ireland
system.ie.water_sanitation,sovereign.ireland
system.il.communications,sovereign.israel
system.il.energy,sovereign.israel
system.il.external_relationships,sovereign.israel
system.il.fiscal_accounts,sovereign.israel
system.il.food,sovereign.israel
system.il.governing_authority,sovereign.israel
system.il.health,sovereign.israel
system.il.monetary_accounts,sovereign.israel
system.il.payments_finance,sovereign.israel
system.il.public_order_security,sovereign.israel
system.il.response_table,sovereign.israel
system.il.shelter_thermal,sovereign.israel
system.il.strategic_materiel,sovereign.israel
system.il.trade_demand,sovereign.israel
system.il.trade_production,sovereign.israel
system.il.transport_logistics,sovereign.israel
system.il.water_sanitation,sovereign.israel
system.in.communications,sovereign.india
system.in.energy,sovereign.india
system.in.external_relationships,sovereign.india
system.in.fiscal_accounts,sovereign.india
system.in.food,sovereign.india
system.in.governing_authority,sovereign.india
system.in.health,sovereign.india
system.in.monetary_accounts,sovereign.india
system.in.payments_finance,sovereign.india
system.in.public_order_security,sovereign.india
system.in.response_table,sovereign.india
system.in.shelter_thermal,sovereign.india
system.in.strategic_materiel,sovereign.india
system.in.trade_demand,sovereign.india
system.in.trade_production,sovereign.india
system.in.transport_logistics,sovereign.india
system.in.water_sanitation,sovereign.india
system.iq.communications,sovereign.iraq
system.iq.energy,sovereign.iraq
system.iq.external_relationships,sovereign.iraq
system.iq.fiscal_accounts,sovereign.iraq
system.iq.food,sovereign.iraq
system.iq.governing_authority,sovereign.iraq
system.iq.health,sovereign.iraq
system.iq.monetary_accounts,sovereign.iraq
system.iq.payments_finance,sovereign.iraq
system.iq.public_order_security,sovereign.iraq
system.iq.response_table,sovereign.iraq
system.iq.shelter_thermal,sovereign.iraq
system.iq.strategic_materiel,sovereign.iraq
system.iq.trade_demand,sovereign.iraq
system.iq.trade_production,sovereign.iraq
system.iq.transport_logistics,sovereign.iraq
system.iq.water_sanitation,sovereign.iraq
system.ir.communications,sovereign.iran
system.ir.energy,sovereign.iran
system.ir.external_relationships,sovereign.iran
system.ir.fiscal_accounts,sovereign.iran
system.ir.food,sovereign.iran
system.ir.governing_authority,sovereign.iran
system.ir.health,sovereign.iran
system.ir.monetary_accounts,sovereign.iran
system.ir.payments_finance,sovereign.iran
system.ir.public_order_security,sovereign.iran
system.ir.response_table,sovereign.iran
system.ir.shelter_thermal,sovereign.iran
system.ir.strategic_materiel,sovereign.iran
system.ir.trade_demand,sovereign.iran
system.ir.trade_production,sovereign.iran
system.ir.transport_logistics,sovereign.iran
system.ir.water_sanitation,sovereign.iran
system.is.communications,sovereign.iceland
system.is.energy,sovereign.iceland
system.is.external_relationships,sovereign.iceland
system.is.fiscal_accounts,sovereign.iceland
system.is.food,sovereign.iceland
system.is.governing_authority,sovereign.iceland
system.is.health,sovereign.iceland
system.is.monetary_accounts,sovereign.iceland
system.is.payments_finance,sovereign.iceland
system.is.public_order_security,sovereign.iceland
system.is.response_table,sovereign.iceland
system.is.shelter_thermal,sovereign.iceland
system.is.strategic_materiel,sovereign.iceland
system.is.trade_demand,sovereign.iceland
system.is.trade_production,sovereign.iceland
system.is.transport_logistics,sovereign.iceland
system.is.water_sanitation,sovereign.iceland
system.it.communications,sovereign.italy
system.it.energy,sovereign.italy
system.it.external_relationships,sovereign.italy
system.it.fiscal_accounts,sovereign.italy
system.it.food,sovereign.italy
system.it.governing_authority,sovereign.italy
system.it.health,sovereign.italy
system.it.monetary_accounts,sovereign.italy
system.it.payments_finance,sovereign.italy
system.it.public_order_security,sovereign.italy
system.it.response_table,sovereign.italy
system.it.shelter_thermal,sovereign.italy
system.it.strategic_materiel,sovereign.italy
system.it.trade_demand,sovereign.italy
system.it.trade_production,sovereign.italy
system.it.transport_logistics,sovereign.italy
system.it.water_sanitation,sovereign.italy
system.jm.communications,sovereign.jamaica
system.jm.energy,sovereign.jamaica
system.jm.external_relationships,sovereign.jamaica
system.jm.fiscal_accounts,sovereign.jamaica
system.jm.food,sovereign.jamaica
system.jm.governing_authority,sovereign.jamaica
system.jm.health,sovereign.jamaica
system.jm.monetary_accounts,sovereign.jamaica
system.jm.payments_finance,sovereign.jamaica
system.jm.public_order_security,sovereign.jamaica
system.jm.response_table,sovereign.jamaica
system.jm.shelter_thermal,sovereign.jamaica
system.jm.strategic_materiel,sovereign.jamaica
system.jm.trade_demand,sovereign.jamaica
system.jm.trade_production,sovereign.jamaica
system.jm.transport_logistics,sovereign.jamaica
system.jm.water_sanitation,sovereign.jamaica
system.jo.communications,sovereign.jordan
system.jo.energy,sovereign.jordan
system.jo.external_relationships,sovereign.jordan
system.jo.fiscal_accounts,sovereign.jordan
system.jo.food,sovereign.jordan
system.jo.governing_authority,sovereign.jordan
system.jo.health,sovereign.jordan
system.jo.monetary_accounts,sovereign.jordan
system.jo.payments_finance,sovereign.jordan
system.jo.public_order_security,sovereign.jordan
system.jo.response_table,sovereign.jordan
system.jo.shelter_thermal,sovereign.jordan
system.jo.strategic_materiel,sovereign.jordan
system.jo.trade_demand,sovereign.jordan
system.jo.trade_production,sovereign.jordan
system.jo.transport_logistics,sovereign.jordan
system.jo.water_sanitation,sovereign.jordan
system.jp.communications,sovereign.japan
system.jp.energy,sovereign.japan
system.jp.external_relationships,sovereign.japan
system.jp.fiscal_accounts,sovereign.japan
system.jp.food,sovereign.japan
system.jp.governing_authority,sovereign.japan
system.jp.health,sovereign.japan
system.jp.monetary_accounts,sovereign.japan
system.jp.payments_finance,sovereign.japan
system.jp.public_order_security,sovereign.japan
system.jp.response_table,sovereign.japan
system.jp.shelter_thermal,sovereign.japan
system.jp.strategic_materiel,sovereign.japan
system.jp.trade_demand,sovereign.japan
system.jp.trade_production,sovereign.japan
system.jp.transport_logistics,sovereign.japan
system.jp.water_sanitation,sovereign.japan
system.ke.communications,sovereign.kenya
system.ke.energy,sovereign.kenya
system.ke.external_relationships,sovereign.kenya
system.ke.fiscal_accounts,sovereign.kenya
system.ke.food,sovereign.kenya
system.ke.governing_authority,sovereign.kenya
system.ke.health,sovereign.kenya
system.ke.monetary_accounts,sovereign.kenya
system.ke.payments_finance,sovereign.kenya
system.ke.public_order_security,sovereign.kenya
system.ke.response_table,sovereign.kenya
system.ke.shelter_thermal,sovereign.kenya
system.ke.strategic_materiel,sovereign.kenya
system.ke.trade_demand,sovereign.kenya
system.ke.trade_production,sovereign.kenya
system.ke.transport_logistics,sovereign.kenya
system.ke.water_sanitation,sovereign.kenya
system.kh.communications,sovereign.cambodia
system.kh.energy,sovereign.cambodia
system.kh.external_relationships,sovereign.cambodia
system.kh.fiscal_accounts,sovereign.cambodia
system.kh.food,sovereign.cambodia
system.kh.governing_authority,sovereign.cambodia
system.kh.health,sovereign.cambodia
system.kh.monetary_accounts,sovereign.cambodia
system.kh.payments_finance,sovereign.cambodia
system.kh.public_order_security,sovereign.cambodia
system.kh.response_table,sovereign.cambodia
system.kh.shelter_thermal,sovereign.cambodia
system.kh.strategic_materiel,sovereign.cambodia
system.kh.trade_demand,sovereign.cambodia
system.kh.trade_production,sovereign.cambodia
system.kh.transport_logistics,sovereign.cambodia
system.kh.water_sanitation,sovereign.cambodia
system.ki.communications,sovereign.kiribati
system.ki.energy,sovereign.kiribati
system.ki.external_relationships,sovereign.kiribati
system.ki.fiscal_accounts,sovereign.kiribati
system.ki.food,sovereign.kiribati
system.ki.governing_authority,sovereign.kiribati
system.ki.health,sovereign.kiribati
system.ki.monetary_accounts,sovereign.kiribati
system.ki.payments_finance,sovereign.kiribati
system.ki.public_order_security,sovereign.kiribati
system.ki.response_table,sovereign.kiribati
system.ki.shelter_thermal,sovereign.kiribati
system.ki.strategic_materiel,sovereign.kiribati
system.ki.trade_demand,sovereign.kiribati
system.ki.trade_production,sovereign.kiribati
system.ki.transport_logistics,sovereign.kiribati
system.ki.water_sanitation,sovereign.kiribati
system.km.communications,sovereign.comoros
system.km.energy,sovereign.comoros
system.km.external_relationships,sovereign.comoros
system.km.fiscal_accounts,sovereign.comoros
system.km.food,sovereign.comoros
system.km.governing_authority,sovereign.comoros
system.km.health,sovereign.comoros
system.km.monetary_accounts,sovereign.comoros
system.km.payments_finance,sovereign.comoros
system.km.public_order_security,sovereign.comoros
system.km.response_table,sovereign.comoros
system.km.shelter_thermal,sovereign.comoros
system.km.strategic_materiel,sovereign.comoros
system.km.trade_demand,sovereign.comoros
system.km.trade_production,sovereign.comoros
system.km.transport_logistics,sovereign.comoros
system.km.water_sanitation,sovereign.comoros
system.kp.communications,sovereign.north_korea
system.kp.energy,sovereign.north_korea
system.kp.external_relationships,sovereign.north_korea
system.kp.fiscal_accounts,sovereign.north_korea
system.kp.food,sovereign.north_korea
system.kp.governing_authority,sovereign.north_korea
system.kp.health,sovereign.north_korea
system.kp.monetary_accounts,sovereign.north_korea
system.kp.payments_finance,sovereign.north_korea
system.kp.public_order_security,sovereign.north_korea
system.kp.response_table,sovereign.north_korea
system.kp.shelter_thermal,sovereign.north_korea
system.kp.strategic_materiel,sovereign.north_korea
system.kp.trade_demand,sovereign.north_korea
system.kp.trade_production,sovereign.north_korea
system.kp.transport_logistics,sovereign.north_korea
system.kp.water_sanitation,sovereign.north_korea
system.kr.communications,sovereign.south_korea
system.kr.energy,sovereign.south_korea
system.kr.external_relationships,sovereign.south_korea
system.kr.fiscal_accounts,sovereign.south_korea
system.kr.food,sovereign.south_korea
system.kr.governing_authority,sovereign.south_korea
system.kr.health,sovereign.south_korea
system.kr.monetary_accounts,sovereign.south_korea
system.kr.payments_finance,sovereign.south_korea
system.kr.public_order_security,sovereign.south_korea
system.kr.response_table,sovereign.south_korea
system.kr.shelter_thermal,sovereign.south_korea
system.kr.strategic_materiel,sovereign.south_korea
system.kr.trade_demand,sovereign.south_korea
system.kr.trade_production,sovereign.south_korea
system.kr.transport_logistics,sovereign.south_korea
system.kr.water_sanitation,sovereign.south_korea
system.kw.communications,sovereign.kuwait
system.kw.energy,sovereign.kuwait
system.kw.external_relationships,sovereign.kuwait
system.kw.fiscal_accounts,sovereign.kuwait
system.kw.food,sovereign.kuwait
system.kw.governing_authority,sovereign.kuwait
system.kw.health,sovereign.kuwait
system.kw.monetary_accounts,sovereign.kuwait
system.kw.payments_finance,sovereign.kuwait
system.kw.public_order_security,sovereign.kuwait
system.kw.response_table,sovereign.kuwait
system.kw.shelter_thermal,sovereign.kuwait
system.kw.strategic_materiel,sovereign.kuwait
system.kw.trade_demand,sovereign.kuwait
system.kw.trade_production,sovereign.kuwait
system.kw.transport_logistics,sovereign.kuwait
system.kw.water_sanitation,sovereign.kuwait
system.la.communications,sovereign.laos
system.la.energy,sovereign.laos
system.la.external_relationships,sovereign.laos
system.la.fiscal_accounts,sovereign.laos
system.la.food,sovereign.laos
system.la.governing_authority,sovereign.laos
system.la.health,sovereign.laos
system.la.monetary_accounts,sovereign.laos
system.la.payments_finance,sovereign.laos
system.la.public_order_security,sovereign.laos
system.la.response_table,sovereign.laos
system.la.shelter_thermal,sovereign.laos
system.la.strategic_materiel,sovereign.laos
system.la.trade_demand,sovereign.laos
system.la.trade_production,sovereign.laos
system.la.transport_logistics,sovereign.laos
system.la.water_sanitation,sovereign.laos
system.lb.communications,sovereign.lebanon
system.lb.energy,sovereign.lebanon
system.lb.external_relationships,sovereign.lebanon
system.lb.fiscal_accounts,sovereign.lebanon
system.lb.food,sovereign.lebanon
system.lb.governing_authority,sovereign.lebanon
system.lb.health,sovereign.lebanon
system.lb.monetary_accounts,sovereign.lebanon
system.lb.payments_finance,sovereign.lebanon
system.lb.public_order_security,sovereign.lebanon
system.lb.response_table,sovereign.lebanon
system.lb.shelter_thermal,sovereign.lebanon
system.lb.strategic_materiel,sovereign.lebanon
system.lb.trade_demand,sovereign.lebanon
system.lb.trade_production,sovereign.lebanon
system.lb.transport_logistics,sovereign.lebanon
system.lb.water_sanitation,sovereign.lebanon
system.lc.communications,sovereign.saint_lucia
system.lc.energy,sovereign.saint_lucia
system.lc.external_relationships,sovereign.saint_lucia
system.lc.fiscal_accounts,sovereign.saint_lucia
system.lc.food,sovereign.saint_lucia
system.lc.governing_authority,sovereign.saint_lucia
system.lc.health,sovereign.saint_lucia
system.lc.monetary_accounts,sovereign.saint_lucia
system.lc.payments_finance,sovereign.saint_lucia
system.lc.public_order_security,sovereign.saint_lucia
system.lc.response_table,sovereign.saint_lucia
system.lc.shelter_thermal,sovereign.saint_lucia
system.lc.strategic_materiel,sovereign.saint_lucia
system.lc.trade_demand,sovereign.saint_lucia
system.lc.trade_production,sovereign.saint_lucia
system.lc.transport_logistics,sovereign.saint_lucia
system.lc.water_sanitation,sovereign.saint_lucia
system.li.communications,sovereign.liechtenstein
system.li.energy,sovereign.liechtenstein
system.li.external_relationships,sovereign.liechtenstein
system.li.fiscal_accounts,sovereign.liechtenstein
system.li.food,sovereign.liechtenstein
system.li.governing_authority,sovereign.liechtenstein
system.li.health,sovereign.liechtenstein
system.li.monetary_accounts,sovereign.liechtenstein
system.li.payments_finance,sovereign.liechtenstein
system.li.public_order_security,sovereign.liechtenstein
system.li.response_table,sovereign.liechtenstein
system.li.shelter_thermal,sovereign.liechtenstein
system.li.strategic_materiel,sovereign.liechtenstein
system.li.trade_demand,sovereign.liechtenstein
system.li.trade_production,sovereign.liechtenstein
system.li.transport_logistics,sovereign.liechtenstein
system.li.water_sanitation,sovereign.liechtenstein
system.lk.communications,sovereign.sri_lanka
system.lk.energy,sovereign.sri_lanka
system.lk.external_relationships,sovereign.sri_lanka
system.lk.fiscal_accounts,sovereign.sri_lanka
system.lk.food,sovereign.sri_lanka
system.lk.governing_authority,sovereign.sri_lanka
system.lk.health,sovereign.sri_lanka
system.lk.monetary_accounts,sovereign.sri_lanka
system.lk.payments_finance,sovereign.sri_lanka
system.lk.public_order_security,sovereign.sri_lanka
system.lk.response_table,sovereign.sri_lanka
system.lk.shelter_thermal,sovereign.sri_lanka
system.lk.strategic_materiel,sovereign.sri_lanka
system.lk.trade_demand,sovereign.sri_lanka
system.lk.trade_production,sovereign.sri_lanka
system.lk.transport_logistics,sovereign.sri_lanka
system.lk.water_sanitation,sovereign.sri_lanka
system.lr.communications,sovereign.liberia
system.lr.energy,sovereign.liberia
system.lr.external_relationships,sovereign.liberia
system.lr.fiscal_accounts,sovereign.liberia
system.lr.food,sovereign.liberia
system.lr.governing_authority,sovereign.liberia
system.lr.health,sovereign.liberia
system.lr.monetary_accounts,sovereign.liberia
system.lr.payments_finance,sovereign.liberia
system.lr.public_order_security,sovereign.liberia
system.lr.response_table,sovereign.liberia
system.lr.shelter_thermal,sovereign.liberia
system.lr.strategic_materiel,sovereign.liberia
system.lr.trade_demand,sovereign.liberia
system.lr.trade_production,sovereign.liberia
system.lr.transport_logistics,sovereign.liberia
system.lr.water_sanitation,sovereign.liberia
system.ls.communications,sovereign.lesotho
system.ls.energy,sovereign.lesotho
system.ls.external_relationships,sovereign.lesotho
system.ls.fiscal_accounts,sovereign.lesotho
system.ls.food,sovereign.lesotho
system.ls.governing_authority,sovereign.lesotho
system.ls.health,sovereign.lesotho
system.ls.monetary_accounts,sovereign.lesotho
system.ls.payments_finance,sovereign.lesotho
system.ls.public_order_security,sovereign.lesotho
system.ls.response_table,sovereign.lesotho
system.ls.shelter_thermal,sovereign.lesotho
system.ls.strategic_materiel,sovereign.lesotho
system.ls.trade_demand,sovereign.lesotho
system.ls.trade_production,sovereign.lesotho
system.ls.transport_logistics,sovereign.lesotho
system.ls.water_sanitation,sovereign.lesotho
system.lu.communications,sovereign.luxembourg
system.lu.energy,sovereign.luxembourg
system.lu.external_relationships,sovereign.luxembourg
system.lu.fiscal_accounts,sovereign.luxembourg
system.lu.food,sovereign.luxembourg
system.lu.governing_authority,sovereign.luxembourg
system.lu.health,sovereign.luxembourg
system.lu.monetary_accounts,sovereign.luxembourg
system.lu.payments_finance,sovereign.luxembourg
system.lu.public_order_security,sovereign.luxembourg
system.lu.response_table,sovereign.luxembourg
system.lu.shelter_thermal,sovereign.luxembourg
system.lu.strategic_materiel,sovereign.luxembourg
system.lu.trade_demand,sovereign.luxembourg
system.lu.trade_production,sovereign.luxembourg
system.lu.transport_logistics,sovereign.luxembourg
system.lu.water_sanitation,sovereign.luxembourg
system.ly.communications,sovereign.libya
system.ly.energy,sovereign.libya
system.ly.external_relationships,sovereign.libya
system.ly.fiscal_accounts,sovereign.libya
system.ly.food,sovereign.libya
system.ly.governing_authority,sovereign.libya
system.ly.health,sovereign.libya
system.ly.monetary_accounts,sovereign.libya
system.ly.payments_finance,sovereign.libya
system.ly.public_order_security,sovereign.libya
system.ly.response_table,sovereign.libya
system.ly.shelter_thermal,sovereign.libya
system.ly.strategic_materiel,sovereign.libya
system.ly.trade_demand,sovereign.libya
system.ly.trade_production,sovereign.libya
system.ly.transport_logistics,sovereign.libya
system.ly.water_sanitation,sovereign.libya
system.ma.communications,sovereign.morocco
system.ma.energy,sovereign.morocco
system.ma.external_relationships,sovereign.morocco
system.ma.fiscal_accounts,sovereign.morocco
system.ma.food,sovereign.morocco
system.ma.governing_authority,sovereign.morocco
system.ma.health,sovereign.morocco
system.ma.monetary_accounts,sovereign.morocco
system.ma.payments_finance,sovereign.morocco
system.ma.public_order_security,sovereign.morocco
system.ma.response_table,sovereign.morocco
system.ma.shelter_thermal,sovereign.morocco
system.ma.strategic_materiel,sovereign.morocco
system.ma.trade_demand,sovereign.morocco
system.ma.trade_production,sovereign.morocco
system.ma.transport_logistics,sovereign.morocco
system.ma.water_sanitation,sovereign.morocco
system.mc.communications,sovereign.monaco
system.mc.energy,sovereign.monaco
system.mc.external_relationships,sovereign.monaco
system.mc.fiscal_accounts,sovereign.monaco
system.mc.food,sovereign.monaco
system.mc.governing_authority,sovereign.monaco
system.mc.health,sovereign.monaco
system.mc.monetary_accounts,sovereign.monaco
system.mc.payments_finance,sovereign.monaco
system.mc.public_order_security,sovereign.monaco
system.mc.response_table,sovereign.monaco
system.mc.shelter_thermal,sovereign.monaco
system.mc.strategic_materiel,sovereign.monaco
system.mc.trade_demand,sovereign.monaco
system.mc.trade_production,sovereign.monaco
system.mc.transport_logistics,sovereign.monaco
system.mc.water_sanitation,sovereign.monaco
system.mg.communications,sovereign.madagascar
system.mg.energy,sovereign.madagascar
system.mg.external_relationships,sovereign.madagascar
system.mg.fiscal_accounts,sovereign.madagascar
system.mg.food,sovereign.madagascar
system.mg.governing_authority,sovereign.madagascar
system.mg.health,sovereign.madagascar
system.mg.monetary_accounts,sovereign.madagascar
system.mg.payments_finance,sovereign.madagascar
system.mg.public_order_security,sovereign.madagascar
system.mg.response_table,sovereign.madagascar
system.mg.shelter_thermal,sovereign.madagascar
system.mg.strategic_materiel,sovereign.madagascar
system.mg.trade_demand,sovereign.madagascar
system.mg.trade_production,sovereign.madagascar
system.mg.transport_logistics,sovereign.madagascar
system.mg.water_sanitation,sovereign.madagascar
system.ml.communications,sovereign.mali
system.ml.energy,sovereign.mali
system.ml.external_relationships,sovereign.mali
system.ml.fiscal_accounts,sovereign.mali
system.ml.food,sovereign.mali
system.ml.governing_authority,sovereign.mali
system.ml.health,sovereign.mali
system.ml.monetary_accounts,sovereign.mali
system.ml.payments_finance,sovereign.mali
system.ml.public_order_security,sovereign.mali
system.ml.response_table,sovereign.mali
system.ml.shelter_thermal,sovereign.mali
system.ml.strategic_materiel,sovereign.mali
system.ml.trade_demand,sovereign.mali
system.ml.trade_production,sovereign.mali
system.ml.transport_logistics,sovereign.mali
system.ml.water_sanitation,sovereign.mali
system.mn.communications,sovereign.mongolia
system.mn.energy,sovereign.mongolia
system.mn.external_relationships,sovereign.mongolia
system.mn.fiscal_accounts,sovereign.mongolia
system.mn.food,sovereign.mongolia
system.mn.governing_authority,sovereign.mongolia
system.mn.health,sovereign.mongolia
system.mn.monetary_accounts,sovereign.mongolia
system.mn.payments_finance,sovereign.mongolia
system.mn.public_order_security,sovereign.mongolia
system.mn.response_table,sovereign.mongolia
system.mn.shelter_thermal,sovereign.mongolia
system.mn.strategic_materiel,sovereign.mongolia
system.mn.trade_demand,sovereign.mongolia
system.mn.trade_production,sovereign.mongolia
system.mn.transport_logistics,sovereign.mongolia
system.mn.water_sanitation,sovereign.mongolia
system.mr.communications,sovereign.mauritania
system.mr.energy,sovereign.mauritania
system.mr.external_relationships,sovereign.mauritania
system.mr.fiscal_accounts,sovereign.mauritania
system.mr.food,sovereign.mauritania
system.mr.governing_authority,sovereign.mauritania
system.mr.health,sovereign.mauritania
system.mr.monetary_accounts,sovereign.mauritania
system.mr.payments_finance,sovereign.mauritania
system.mr.public_order_security,sovereign.mauritania
system.mr.response_table,sovereign.mauritania
system.mr.shelter_thermal,sovereign.mauritania
system.mr.strategic_materiel,sovereign.mauritania
system.mr.trade_demand,sovereign.mauritania
system.mr.trade_production,sovereign.mauritania
system.mr.transport_logistics,sovereign.mauritania
system.mr.water_sanitation,sovereign.mauritania
system.mt.communications,sovereign.malta
system.mt.energy,sovereign.malta
system.mt.external_relationships,sovereign.malta
system.mt.fiscal_accounts,sovereign.malta
system.mt.food,sovereign.malta
system.mt.governing_authority,sovereign.malta
system.mt.health,sovereign.malta
system.mt.monetary_accounts,sovereign.malta
system.mt.payments_finance,sovereign.malta
system.mt.public_order_security,sovereign.malta
system.mt.response_table,sovereign.malta
system.mt.shelter_thermal,sovereign.malta
system.mt.strategic_materiel,sovereign.malta
system.mt.trade_demand,sovereign.malta
system.mt.trade_production,sovereign.malta
system.mt.transport_logistics,sovereign.malta
system.mt.water_sanitation,sovereign.malta
system.mu.communications,sovereign.mauritius
system.mu.energy,sovereign.mauritius
system.mu.external_relationships,sovereign.mauritius
system.mu.fiscal_accounts,sovereign.mauritius
system.mu.food,sovereign.mauritius
system.mu.governing_authority,sovereign.mauritius
system.mu.health,sovereign.mauritius
system.mu.monetary_accounts,sovereign.mauritius
system.mu.payments_finance,sovereign.mauritius
system.mu.public_order_security,sovereign.mauritius
system.mu.response_table,sovereign.mauritius
system.mu.shelter_thermal,sovereign.mauritius
system.mu.strategic_materiel,sovereign.mauritius
system.mu.trade_demand,sovereign.mauritius
system.mu.trade_production,sovereign.mauritius
system.mu.transport_logistics,sovereign.mauritius
system.mu.water_sanitation,sovereign.mauritius
system.mv.communications,sovereign.maldives
system.mv.energy,sovereign.maldives
system.mv.external_relationships,sovereign.maldives
system.mv.fiscal_accounts,sovereign.maldives
system.mv.food,sovereign.maldives
system.mv.governing_authority,sovereign.maldives
system.mv.health,sovereign.maldives
system.mv.monetary_accounts,sovereign.maldives
system.mv.payments_finance,sovereign.maldives
system.mv.public_order_security,sovereign.maldives
system.mv.response_table,sovereign.maldives
system.mv.shelter_thermal,sovereign.maldives
system.mv.strategic_materiel,sovereign.maldives
system.mv.trade_demand,sovereign.maldives
system.mv.trade_production,sovereign.maldives
system.mv.transport_logistics,sovereign.maldives
system.mv.water_sanitation,sovereign.maldives
system.mw.communications,sovereign.malawi
system.mw.energy,sovereign.malawi
system.mw.external_relationships,sovereign.malawi
system.mw.fiscal_accounts,sovereign.malawi
system.mw.food,sovereign.malawi
system.mw.governing_authority,sovereign.malawi
system.mw.health,sovereign.malawi
system.mw.monetary_accounts,sovereign.malawi
system.mw.payments_finance,sovereign.malawi
system.mw.public_order_security,sovereign.malawi
system.mw.response_table,sovereign.malawi
system.mw.shelter_thermal,sovereign.malawi
system.mw.strategic_materiel,sovereign.malawi
system.mw.trade_demand,sovereign.malawi
system.mw.trade_production,sovereign.malawi
system.mw.transport_logistics,sovereign.malawi
system.mw.water_sanitation,sovereign.malawi
system.mx.communications,sovereign.mexico
system.mx.energy,sovereign.mexico
system.mx.external_relationships,sovereign.mexico
system.mx.fiscal_accounts,sovereign.mexico
system.mx.food,sovereign.mexico
system.mx.governing_authority,sovereign.mexico
system.mx.health,sovereign.mexico
system.mx.monetary_accounts,sovereign.mexico
system.mx.payments_finance,sovereign.mexico
system.mx.public_order_security,sovereign.mexico
system.mx.response_table,sovereign.mexico
system.mx.shelter_thermal,sovereign.mexico
system.mx.strategic_materiel,sovereign.mexico
system.mx.trade_demand,sovereign.mexico
system.mx.trade_production,sovereign.mexico
system.mx.transport_logistics,sovereign.mexico
system.mx.water_sanitation,sovereign.mexico
system.my.communications,sovereign.malaysia
system.my.energy,sovereign.malaysia
system.my.external_relationships,sovereign.malaysia
system.my.fiscal_accounts,sovereign.malaysia
system.my.food,sovereign.malaysia
system.my.governing_authority,sovereign.malaysia
system.my.health,sovereign.malaysia
system.my.monetary_accounts,sovereign.malaysia
system.my.payments_finance,sovereign.malaysia
system.my.public_order_security,sovereign.malaysia
system.my.response_table,sovereign.malaysia
system.my.shelter_thermal,sovereign.malaysia
system.my.strategic_materiel,sovereign.malaysia
system.my.trade_demand,sovereign.malaysia
system.my.trade_production,sovereign.malaysia
system.my.transport_logistics,sovereign.malaysia
system.my.water_sanitation,sovereign.malaysia
system.mz.communications,sovereign.mozambique
system.mz.energy,sovereign.mozambique
system.mz.external_relationships,sovereign.mozambique
system.mz.fiscal_accounts,sovereign.mozambique
system.mz.food,sovereign.mozambique
system.mz.governing_authority,sovereign.mozambique
system.mz.health,sovereign.mozambique
system.mz.monetary_accounts,sovereign.mozambique
system.mz.payments_finance,sovereign.mozambique
system.mz.public_order_security,sovereign.mozambique
system.mz.response_table,sovereign.mozambique
system.mz.shelter_thermal,sovereign.mozambique
system.mz.strategic_materiel,sovereign.mozambique
system.mz.trade_demand,sovereign.mozambique
system.mz.trade_production,sovereign.mozambique
system.mz.transport_logistics,sovereign.mozambique
system.mz.water_sanitation,sovereign.mozambique
system.ne.communications,sovereign.niger
system.ne.energy,sovereign.niger
system.ne.external_relationships,sovereign.niger
system.ne.fiscal_accounts,sovereign.niger
system.ne.food,sovereign.niger
system.ne.governing_authority,sovereign.niger
system.ne.health,sovereign.niger
system.ne.monetary_accounts,sovereign.niger
system.ne.payments_finance,sovereign.niger
system.ne.public_order_security,sovereign.niger
system.ne.response_table,sovereign.niger
system.ne.shelter_thermal,sovereign.niger
system.ne.strategic_materiel,sovereign.niger
system.ne.trade_demand,sovereign.niger
system.ne.trade_production,sovereign.niger
system.ne.transport_logistics,sovereign.niger
system.ne.water_sanitation,sovereign.niger
system.ng.communications,sovereign.nigeria
system.ng.energy,sovereign.nigeria
system.ng.external_relationships,sovereign.nigeria
system.ng.fiscal_accounts,sovereign.nigeria
system.ng.food,sovereign.nigeria
system.ng.governing_authority,sovereign.nigeria
system.ng.health,sovereign.nigeria
system.ng.monetary_accounts,sovereign.nigeria
system.ng.payments_finance,sovereign.nigeria
system.ng.public_order_security,sovereign.nigeria
system.ng.response_table,sovereign.nigeria
system.ng.shelter_thermal,sovereign.nigeria
system.ng.strategic_materiel,sovereign.nigeria
system.ng.trade_demand,sovereign.nigeria
system.ng.trade_production,sovereign.nigeria
system.ng.transport_logistics,sovereign.nigeria
system.ng.water_sanitation,sovereign.nigeria
system.ni.communications,sovereign.nicaragua
system.ni.energy,sovereign.nicaragua
system.ni.external_relationships,sovereign.nicaragua
system.ni.fiscal_accounts,sovereign.nicaragua
system.ni.food,sovereign.nicaragua
system.ni.governing_authority,sovereign.nicaragua
system.ni.health,sovereign.nicaragua
system.ni.monetary_accounts,sovereign.nicaragua
system.ni.payments_finance,sovereign.nicaragua
system.ni.public_order_security,sovereign.nicaragua
system.ni.response_table,sovereign.nicaragua
system.ni.shelter_thermal,sovereign.nicaragua
system.ni.strategic_materiel,sovereign.nicaragua
system.ni.trade_demand,sovereign.nicaragua
system.ni.trade_production,sovereign.nicaragua
system.ni.transport_logistics,sovereign.nicaragua
system.ni.water_sanitation,sovereign.nicaragua
system.nl.communications,sovereign.netherlands
system.nl.energy,sovereign.netherlands
system.nl.external_relationships,sovereign.netherlands
system.nl.fiscal_accounts,sovereign.netherlands
system.nl.food,sovereign.netherlands
system.nl.governing_authority,sovereign.netherlands
system.nl.health,sovereign.netherlands
system.nl.monetary_accounts,sovereign.netherlands
system.nl.payments_finance,sovereign.netherlands
system.nl.public_order_security,sovereign.netherlands
system.nl.response_table,sovereign.netherlands
system.nl.shelter_thermal,sovereign.netherlands
system.nl.strategic_materiel,sovereign.netherlands
system.nl.trade_demand,sovereign.netherlands
system.nl.trade_production,sovereign.netherlands
system.nl.transport_logistics,sovereign.netherlands
system.nl.water_sanitation,sovereign.netherlands
system.no.communications,sovereign.norway
system.no.energy,sovereign.norway
system.no.external_relationships,sovereign.norway
system.no.fiscal_accounts,sovereign.norway
system.no.food,sovereign.norway
system.no.governing_authority,sovereign.norway
system.no.health,sovereign.norway
system.no.monetary_accounts,sovereign.norway
system.no.payments_finance,sovereign.norway
system.no.public_order_security,sovereign.norway
system.no.response_table,sovereign.norway
system.no.shelter_thermal,sovereign.norway
system.no.strategic_materiel,sovereign.norway
system.no.trade_demand,sovereign.norway
system.no.trade_production,sovereign.norway
system.no.transport_logistics,sovereign.norway
system.no.water_sanitation,sovereign.norway
system.np.communications,sovereign.nepal
system.np.energy,sovereign.nepal
system.np.external_relationships,sovereign.nepal
system.np.fiscal_accounts,sovereign.nepal
system.np.food,sovereign.nepal
system.np.governing_authority,sovereign.nepal
system.np.health,sovereign.nepal
system.np.monetary_accounts,sovereign.nepal
system.np.payments_finance,sovereign.nepal
system.np.public_order_security,sovereign.nepal
system.np.response_table,sovereign.nepal
system.np.shelter_thermal,sovereign.nepal
system.np.strategic_materiel,sovereign.nepal
system.np.trade_demand,sovereign.nepal
system.np.trade_production,sovereign.nepal
system.np.transport_logistics,sovereign.nepal
system.np.water_sanitation,sovereign.nepal
system.nr.communications,sovereign.nauru
system.nr.energy,sovereign.nauru
system.nr.external_relationships,sovereign.nauru
system.nr.fiscal_accounts,sovereign.nauru
system.nr.food,sovereign.nauru
system.nr.governing_authority,sovereign.nauru
system.nr.health,sovereign.nauru
system.nr.monetary_accounts,sovereign.nauru
system.nr.payments_finance,sovereign.nauru
system.nr.public_order_security,sovereign.nauru
system.nr.response_table,sovereign.nauru
system.nr.shelter_thermal,sovereign.nauru
system.nr.strategic_materiel,sovereign.nauru
system.nr.trade_demand,sovereign.nauru
system.nr.trade_production,sovereign.nauru
system.nr.transport_logistics,sovereign.nauru
system.nr.water_sanitation,sovereign.nauru
system.nz.communications,sovereign.new_zealand
system.nz.energy,sovereign.new_zealand
system.nz.external_relationships,sovereign.new_zealand
system.nz.fiscal_accounts,sovereign.new_zealand
system.nz.food,sovereign.new_zealand
system.nz.governing_authority,sovereign.new_zealand
system.nz.health,sovereign.new_zealand
system.nz.monetary_accounts,sovereign.new_zealand
system.nz.payments_finance,sovereign.new_zealand
system.nz.public_order_security,sovereign.new_zealand
system.nz.response_table,sovereign.new_zealand
system.nz.shelter_thermal,sovereign.new_zealand
system.nz.strategic_materiel,sovereign.new_zealand
system.nz.trade_demand,sovereign.new_zealand
system.nz.trade_production,sovereign.new_zealand
system.nz.transport_logistics,sovereign.new_zealand
system.nz.water_sanitation,sovereign.new_zealand
system.om.communications,sovereign.oman
system.om.energy,sovereign.oman
system.om.external_relationships,sovereign.oman
system.om.fiscal_accounts,sovereign.oman
system.om.food,sovereign.oman
system.om.governing_authority,sovereign.oman
system.om.health,sovereign.oman
system.om.monetary_accounts,sovereign.oman
system.om.payments_finance,sovereign.oman
system.om.public_order_security,sovereign.oman
system.om.response_table,sovereign.oman
system.om.shelter_thermal,sovereign.oman
system.om.strategic_materiel,sovereign.oman
system.om.trade_demand,sovereign.oman
system.om.trade_production,sovereign.oman
system.om.transport_logistics,sovereign.oman
system.om.water_sanitation,sovereign.oman
system.pa.communications,sovereign.panama
system.pa.energy,sovereign.panama
system.pa.external_relationships,sovereign.panama
system.pa.fiscal_accounts,sovereign.panama
system.pa.food,sovereign.panama
system.pa.governing_authority,sovereign.panama
system.pa.health,sovereign.panama
system.pa.monetary_accounts,sovereign.panama
system.pa.payments_finance,sovereign.panama
system.pa.public_order_security,sovereign.panama
system.pa.response_table,sovereign.panama
system.pa.shelter_thermal,sovereign.panama
system.pa.strategic_materiel,sovereign.panama
system.pa.trade_demand,sovereign.panama
system.pa.trade_production,sovereign.panama
system.pa.transport_logistics,sovereign.panama
system.pa.water_sanitation,sovereign.panama
system.pe.communications,sovereign.peru
system.pe.energy,sovereign.peru
system.pe.external_relationships,sovereign.peru
system.pe.fiscal_accounts,sovereign.peru
system.pe.food,sovereign.peru
system.pe.governing_authority,sovereign.peru
system.pe.health,sovereign.peru
system.pe.monetary_accounts,sovereign.peru
system.pe.payments_finance,sovereign.peru
system.pe.public_order_security,sovereign.peru
system.pe.response_table,sovereign.peru
system.pe.shelter_thermal,sovereign.peru
system.pe.strategic_materiel,sovereign.peru
system.pe.trade_demand,sovereign.peru
system.pe.trade_production,sovereign.peru
system.pe.transport_logistics,sovereign.peru
system.pe.water_sanitation,sovereign.peru
system.pg.communications,sovereign.papua_new_guinea
system.pg.energy,sovereign.papua_new_guinea
system.pg.external_relationships,sovereign.papua_new_guinea
system.pg.fiscal_accounts,sovereign.papua_new_guinea
system.pg.food,sovereign.papua_new_guinea
system.pg.governing_authority,sovereign.papua_new_guinea
system.pg.health,sovereign.papua_new_guinea
system.pg.monetary_accounts,sovereign.papua_new_guinea
system.pg.payments_finance,sovereign.papua_new_guinea
system.pg.public_order_security,sovereign.papua_new_guinea
system.pg.response_table,sovereign.papua_new_guinea
system.pg.shelter_thermal,sovereign.papua_new_guinea
system.pg.strategic_materiel,sovereign.papua_new_guinea
system.pg.trade_demand,sovereign.papua_new_guinea
system.pg.trade_production,sovereign.papua_new_guinea
system.pg.transport_logistics,sovereign.papua_new_guinea
system.pg.water_sanitation,sovereign.papua_new_guinea
system.ph.communications,sovereign.philippines
system.ph.energy,sovereign.philippines
system.ph.external_relationships,sovereign.philippines
system.ph.fiscal_accounts,sovereign.philippines
system.ph.food,sovereign.philippines
system.ph.governing_authority,sovereign.philippines
system.ph.health,sovereign.philippines
system.ph.monetary_accounts,sovereign.philippines
system.ph.payments_finance,sovereign.philippines
system.ph.public_order_security,sovereign.philippines
system.ph.response_table,sovereign.philippines
system.ph.shelter_thermal,sovereign.philippines
system.ph.strategic_materiel,sovereign.philippines
system.ph.trade_demand,sovereign.philippines
system.ph.trade_production,sovereign.philippines
system.ph.transport_logistics,sovereign.philippines
system.ph.water_sanitation,sovereign.philippines
system.pk.communications,sovereign.pakistan
system.pk.energy,sovereign.pakistan
system.pk.external_relationships,sovereign.pakistan
system.pk.fiscal_accounts,sovereign.pakistan
system.pk.food,sovereign.pakistan
system.pk.governing_authority,sovereign.pakistan
system.pk.health,sovereign.pakistan
system.pk.monetary_accounts,sovereign.pakistan
system.pk.payments_finance,sovereign.pakistan
system.pk.public_order_security,sovereign.pakistan
system.pk.response_table,sovereign.pakistan
system.pk.shelter_thermal,sovereign.pakistan
system.pk.strategic_materiel,sovereign.pakistan
system.pk.trade_demand,sovereign.pakistan
system.pk.trade_production,sovereign.pakistan
system.pk.transport_logistics,sovereign.pakistan
system.pk.water_sanitation,sovereign.pakistan
system.pl.communications,sovereign.poland
system.pl.energy,sovereign.poland
system.pl.external_relationships,sovereign.poland
system.pl.fiscal_accounts,sovereign.poland
system.pl.food,sovereign.poland
system.pl.governing_authority,sovereign.poland
system.pl.health,sovereign.poland
system.pl.monetary_accounts,sovereign.poland
system.pl.payments_finance,sovereign.poland
system.pl.public_order_security,sovereign.poland
system.pl.response_table,sovereign.poland
system.pl.shelter_thermal,sovereign.poland
system.pl.strategic_materiel,sovereign.poland
system.pl.trade_demand,sovereign.poland
system.pl.trade_production,sovereign.poland
system.pl.transport_logistics,sovereign.poland
system.pl.water_sanitation,sovereign.poland
system.pt.communications,sovereign.portugal
system.pt.energy,sovereign.portugal
system.pt.external_relationships,sovereign.portugal
system.pt.fiscal_accounts,sovereign.portugal
system.pt.food,sovereign.portugal
system.pt.governing_authority,sovereign.portugal
system.pt.health,sovereign.portugal
system.pt.monetary_accounts,sovereign.portugal
system.pt.payments_finance,sovereign.portugal
system.pt.public_order_security,sovereign.portugal
system.pt.response_table,sovereign.portugal
system.pt.shelter_thermal,sovereign.portugal
system.pt.strategic_materiel,sovereign.portugal
system.pt.trade_demand,sovereign.portugal
system.pt.trade_production,sovereign.portugal
system.pt.transport_logistics,sovereign.portugal
system.pt.water_sanitation,sovereign.portugal
system.py.communications,sovereign.paraguay
system.py.energy,sovereign.paraguay
system.py.external_relationships,sovereign.paraguay
system.py.fiscal_accounts,sovereign.paraguay
system.py.food,sovereign.paraguay
system.py.governing_authority,sovereign.paraguay
system.py.health,sovereign.paraguay
system.py.monetary_accounts,sovereign.paraguay
system.py.payments_finance,sovereign.paraguay
system.py.public_order_security,sovereign.paraguay
system.py.response_table,sovereign.paraguay
system.py.shelter_thermal,sovereign.paraguay
system.py.strategic_materiel,sovereign.paraguay
system.py.trade_demand,sovereign.paraguay
system.py.trade_production,sovereign.paraguay
system.py.transport_logistics,sovereign.paraguay
system.py.water_sanitation,sovereign.paraguay
system.qa.communications,sovereign.qatar
system.qa.energy,sovereign.qatar
system.qa.external_relationships,sovereign.qatar
system.qa.fiscal_accounts,sovereign.qatar
system.qa.food,sovereign.qatar
system.qa.governing_authority,sovereign.qatar
system.qa.health,sovereign.qatar
system.qa.monetary_accounts,sovereign.qatar
system.qa.payments_finance,sovereign.qatar
system.qa.public_order_security,sovereign.qatar
system.qa.response_table,sovereign.qatar
system.qa.shelter_thermal,sovereign.qatar
system.qa.strategic_materiel,sovereign.qatar
system.qa.trade_demand,sovereign.qatar
system.qa.trade_production,sovereign.qatar
system.qa.transport_logistics,sovereign.qatar
system.qa.water_sanitation,sovereign.qatar
system.ro.communications,sovereign.romania
system.ro.energy,sovereign.romania
system.ro.external_relationships,sovereign.romania
system.ro.fiscal_accounts,sovereign.romania
system.ro.food,sovereign.romania
system.ro.governing_authority,sovereign.romania
system.ro.health,sovereign.romania
system.ro.monetary_accounts,sovereign.romania
system.ro.payments_finance,sovereign.romania
system.ro.public_order_security,sovereign.romania
system.ro.response_table,sovereign.romania
system.ro.shelter_thermal,sovereign.romania
system.ro.strategic_materiel,sovereign.romania
system.ro.trade_demand,sovereign.romania
system.ro.trade_production,sovereign.romania
system.ro.transport_logistics,sovereign.romania
system.ro.water_sanitation,sovereign.romania
system.rw.communications,sovereign.rwanda
system.rw.energy,sovereign.rwanda
system.rw.external_relationships,sovereign.rwanda
system.rw.fiscal_accounts,sovereign.rwanda
system.rw.food,sovereign.rwanda
system.rw.governing_authority,sovereign.rwanda
system.rw.health,sovereign.rwanda
system.rw.monetary_accounts,sovereign.rwanda
system.rw.payments_finance,sovereign.rwanda
system.rw.public_order_security,sovereign.rwanda
system.rw.response_table,sovereign.rwanda
system.rw.shelter_thermal,sovereign.rwanda
system.rw.strategic_materiel,sovereign.rwanda
system.rw.trade_demand,sovereign.rwanda
system.rw.trade_production,sovereign.rwanda
system.rw.transport_logistics,sovereign.rwanda
system.rw.water_sanitation,sovereign.rwanda
system.sa.communications,sovereign.saudi_arabia
system.sa.energy,sovereign.saudi_arabia
system.sa.external_relationships,sovereign.saudi_arabia
system.sa.fiscal_accounts,sovereign.saudi_arabia
system.sa.food,sovereign.saudi_arabia
system.sa.governing_authority,sovereign.saudi_arabia
system.sa.health,sovereign.saudi_arabia
system.sa.monetary_accounts,sovereign.saudi_arabia
system.sa.payments_finance,sovereign.saudi_arabia
system.sa.public_order_security,sovereign.saudi_arabia
system.sa.response_table,sovereign.saudi_arabia
system.sa.shelter_thermal,sovereign.saudi_arabia
system.sa.strategic_materiel,sovereign.saudi_arabia
system.sa.trade_demand,sovereign.saudi_arabia
system.sa.trade_production,sovereign.saudi_arabia
system.sa.transport_logistics,sovereign.saudi_arabia
system.sa.water_sanitation,sovereign.saudi_arabia
system.sb.communications,sovereign.solomon_islands
system.sb.energy,sovereign.solomon_islands
system.sb.external_relationships,sovereign.solomon_islands
system.sb.fiscal_accounts,sovereign.solomon_islands
system.sb.food,sovereign.solomon_islands
system.sb.governing_authority,sovereign.solomon_islands
system.sb.health,sovereign.solomon_islands
system.sb.monetary_accounts,sovereign.solomon_islands
system.sb.payments_finance,sovereign.solomon_islands
system.sb.public_order_security,sovereign.solomon_islands
system.sb.response_table,sovereign.solomon_islands
system.sb.shelter_thermal,sovereign.solomon_islands
system.sb.strategic_materiel,sovereign.solomon_islands
system.sb.trade_demand,sovereign.solomon_islands
system.sb.trade_production,sovereign.solomon_islands
system.sb.transport_logistics,sovereign.solomon_islands
system.sb.water_sanitation,sovereign.solomon_islands
system.sc.communications,sovereign.seychelles
system.sc.energy,sovereign.seychelles
system.sc.external_relationships,sovereign.seychelles
system.sc.fiscal_accounts,sovereign.seychelles
system.sc.food,sovereign.seychelles
system.sc.governing_authority,sovereign.seychelles
system.sc.health,sovereign.seychelles
system.sc.monetary_accounts,sovereign.seychelles
system.sc.payments_finance,sovereign.seychelles
system.sc.public_order_security,sovereign.seychelles
system.sc.response_table,sovereign.seychelles
system.sc.shelter_thermal,sovereign.seychelles
system.sc.strategic_materiel,sovereign.seychelles
system.sc.trade_demand,sovereign.seychelles
system.sc.trade_production,sovereign.seychelles
system.sc.transport_logistics,sovereign.seychelles
system.sc.water_sanitation,sovereign.seychelles
system.sd.communications,sovereign.sudan
system.sd.energy,sovereign.sudan
system.sd.external_relationships,sovereign.sudan
system.sd.fiscal_accounts,sovereign.sudan
system.sd.food,sovereign.sudan
system.sd.governing_authority,sovereign.sudan
system.sd.health,sovereign.sudan
system.sd.monetary_accounts,sovereign.sudan
system.sd.payments_finance,sovereign.sudan
system.sd.public_order_security,sovereign.sudan
system.sd.response_table,sovereign.sudan
system.sd.shelter_thermal,sovereign.sudan
system.sd.strategic_materiel,sovereign.sudan
system.sd.trade_demand,sovereign.sudan
system.sd.trade_production,sovereign.sudan
system.sd.transport_logistics,sovereign.sudan
system.sd.water_sanitation,sovereign.sudan
system.se.communications,sovereign.sweden
system.se.energy,sovereign.sweden
system.se.external_relationships,sovereign.sweden
system.se.fiscal_accounts,sovereign.sweden
system.se.food,sovereign.sweden
system.se.governing_authority,sovereign.sweden
system.se.health,sovereign.sweden
system.se.monetary_accounts,sovereign.sweden
system.se.payments_finance,sovereign.sweden
system.se.public_order_security,sovereign.sweden
system.se.response_table,sovereign.sweden
system.se.shelter_thermal,sovereign.sweden
system.se.strategic_materiel,sovereign.sweden
system.se.trade_demand,sovereign.sweden
system.se.trade_production,sovereign.sweden
system.se.transport_logistics,sovereign.sweden
system.se.water_sanitation,sovereign.sweden
system.sg.communications,sovereign.singapore
system.sg.energy,sovereign.singapore
system.sg.external_relationships,sovereign.singapore
system.sg.fiscal_accounts,sovereign.singapore
system.sg.food,sovereign.singapore
system.sg.governing_authority,sovereign.singapore
system.sg.health,sovereign.singapore
system.sg.monetary_accounts,sovereign.singapore
system.sg.payments_finance,sovereign.singapore
system.sg.public_order_security,sovereign.singapore
system.sg.response_table,sovereign.singapore
system.sg.shelter_thermal,sovereign.singapore
system.sg.strategic_materiel,sovereign.singapore
system.sg.trade_demand,sovereign.singapore
system.sg.trade_production,sovereign.singapore
system.sg.transport_logistics,sovereign.singapore
system.sg.water_sanitation,sovereign.singapore
system.sl.communications,sovereign.sierra_leone
system.sl.energy,sovereign.sierra_leone
system.sl.external_relationships,sovereign.sierra_leone
system.sl.fiscal_accounts,sovereign.sierra_leone
system.sl.food,sovereign.sierra_leone
system.sl.governing_authority,sovereign.sierra_leone
system.sl.health,sovereign.sierra_leone
system.sl.monetary_accounts,sovereign.sierra_leone
system.sl.payments_finance,sovereign.sierra_leone
system.sl.public_order_security,sovereign.sierra_leone
system.sl.response_table,sovereign.sierra_leone
system.sl.shelter_thermal,sovereign.sierra_leone
system.sl.strategic_materiel,sovereign.sierra_leone
system.sl.trade_demand,sovereign.sierra_leone
system.sl.trade_production,sovereign.sierra_leone
system.sl.transport_logistics,sovereign.sierra_leone
system.sl.water_sanitation,sovereign.sierra_leone
system.sm.communications,sovereign.san_marino
system.sm.energy,sovereign.san_marino
system.sm.external_relationships,sovereign.san_marino
system.sm.fiscal_accounts,sovereign.san_marino
system.sm.food,sovereign.san_marino
system.sm.governing_authority,sovereign.san_marino
system.sm.health,sovereign.san_marino
system.sm.monetary_accounts,sovereign.san_marino
system.sm.payments_finance,sovereign.san_marino
system.sm.public_order_security,sovereign.san_marino
system.sm.response_table,sovereign.san_marino
system.sm.shelter_thermal,sovereign.san_marino
system.sm.strategic_materiel,sovereign.san_marino
system.sm.trade_demand,sovereign.san_marino
system.sm.trade_production,sovereign.san_marino
system.sm.transport_logistics,sovereign.san_marino
system.sm.water_sanitation,sovereign.san_marino
system.sn.communications,sovereign.senegal
system.sn.energy,sovereign.senegal
system.sn.external_relationships,sovereign.senegal
system.sn.fiscal_accounts,sovereign.senegal
system.sn.food,sovereign.senegal
system.sn.governing_authority,sovereign.senegal
system.sn.health,sovereign.senegal
system.sn.monetary_accounts,sovereign.senegal
system.sn.payments_finance,sovereign.senegal
system.sn.public_order_security,sovereign.senegal
system.sn.response_table,sovereign.senegal
system.sn.shelter_thermal,sovereign.senegal
system.sn.strategic_materiel,sovereign.senegal
system.sn.trade_demand,sovereign.senegal
system.sn.trade_production,sovereign.senegal
system.sn.transport_logistics,sovereign.senegal
system.sn.water_sanitation,sovereign.senegal
system.so.communications,sovereign.somalia
system.so.energy,sovereign.somalia
system.so.external_relationships,sovereign.somalia
system.so.fiscal_accounts,sovereign.somalia
system.so.food,sovereign.somalia
system.so.governing_authority,sovereign.somalia
system.so.health,sovereign.somalia
system.so.monetary_accounts,sovereign.somalia
system.so.payments_finance,sovereign.somalia
system.so.public_order_security,sovereign.somalia
system.so.response_table,sovereign.somalia
system.so.shelter_thermal,sovereign.somalia
system.so.strategic_materiel,sovereign.somalia
system.so.trade_demand,sovereign.somalia
system.so.trade_production,sovereign.somalia
system.so.transport_logistics,sovereign.somalia
system.so.water_sanitation,sovereign.somalia
system.sr.communications,sovereign.suriname
system.sr.energy,sovereign.suriname
system.sr.external_relationships,sovereign.suriname
system.sr.fiscal_accounts,sovereign.suriname
system.sr.food,sovereign.suriname
system.sr.governing_authority,sovereign.suriname
system.sr.health,sovereign.suriname
system.sr.monetary_accounts,sovereign.suriname
system.sr.payments_finance,sovereign.suriname
system.sr.public_order_security,sovereign.suriname
system.sr.response_table,sovereign.suriname
system.sr.shelter_thermal,sovereign.suriname
system.sr.strategic_materiel,sovereign.suriname
system.sr.trade_demand,sovereign.suriname
system.sr.trade_production,sovereign.suriname
system.sr.transport_logistics,sovereign.suriname
system.sr.water_sanitation,sovereign.suriname
system.st.communications,sovereign.sao_tome_and_principe
system.st.energy,sovereign.sao_tome_and_principe
system.st.external_relationships,sovereign.sao_tome_and_principe
system.st.fiscal_accounts,sovereign.sao_tome_and_principe
system.st.food,sovereign.sao_tome_and_principe
system.st.governing_authority,sovereign.sao_tome_and_principe
system.st.health,sovereign.sao_tome_and_principe
system.st.monetary_accounts,sovereign.sao_tome_and_principe
system.st.payments_finance,sovereign.sao_tome_and_principe
system.st.public_order_security,sovereign.sao_tome_and_principe
system.st.response_table,sovereign.sao_tome_and_principe
system.st.shelter_thermal,sovereign.sao_tome_and_principe
system.st.strategic_materiel,sovereign.sao_tome_and_principe
system.st.trade_demand,sovereign.sao_tome_and_principe
system.st.trade_production,sovereign.sao_tome_and_principe
system.st.transport_logistics,sovereign.sao_tome_and_principe
system.st.water_sanitation,sovereign.sao_tome_and_principe
system.su.communications,sovereign.ussr
system.su.energy,sovereign.ussr
system.su.external_relationships,sovereign.ussr
system.su.fiscal_accounts,sovereign.ussr
system.su.food,sovereign.ussr
system.su.governing_authority,sovereign.ussr
system.su.health,sovereign.ussr
system.su.monetary_accounts,sovereign.ussr
system.su.payments_finance,sovereign.ussr
system.su.public_order_security,sovereign.ussr
system.su.response_table,sovereign.ussr
system.su.shelter_thermal,sovereign.ussr
system.su.strategic_materiel,sovereign.ussr
system.su.trade_demand,sovereign.ussr
system.su.trade_production,sovereign.ussr
system.su.transport_logistics,sovereign.ussr
system.su.water_sanitation,sovereign.ussr
system.sv.communications,sovereign.el_salvador
system.sv.energy,sovereign.el_salvador
system.sv.external_relationships,sovereign.el_salvador
system.sv.fiscal_accounts,sovereign.el_salvador
system.sv.food,sovereign.el_salvador
system.sv.governing_authority,sovereign.el_salvador
system.sv.health,sovereign.el_salvador
system.sv.monetary_accounts,sovereign.el_salvador
system.sv.payments_finance,sovereign.el_salvador
system.sv.public_order_security,sovereign.el_salvador
system.sv.response_table,sovereign.el_salvador
system.sv.shelter_thermal,sovereign.el_salvador
system.sv.strategic_materiel,sovereign.el_salvador
system.sv.trade_demand,sovereign.el_salvador
system.sv.trade_production,sovereign.el_salvador
system.sv.transport_logistics,sovereign.el_salvador
system.sv.water_sanitation,sovereign.el_salvador
system.sy.communications,sovereign.syria
system.sy.energy,sovereign.syria
system.sy.external_relationships,sovereign.syria
system.sy.fiscal_accounts,sovereign.syria
system.sy.food,sovereign.syria
system.sy.governing_authority,sovereign.syria
system.sy.health,sovereign.syria
system.sy.monetary_accounts,sovereign.syria
system.sy.payments_finance,sovereign.syria
system.sy.public_order_security,sovereign.syria
system.sy.response_table,sovereign.syria
system.sy.shelter_thermal,sovereign.syria
system.sy.strategic_materiel,sovereign.syria
system.sy.trade_demand,sovereign.syria
system.sy.trade_production,sovereign.syria
system.sy.transport_logistics,sovereign.syria
system.sy.water_sanitation,sovereign.syria
system.sz.communications,sovereign.eswatini
system.sz.energy,sovereign.eswatini
system.sz.external_relationships,sovereign.eswatini
system.sz.fiscal_accounts,sovereign.eswatini
system.sz.food,sovereign.eswatini
system.sz.governing_authority,sovereign.eswatini
system.sz.health,sovereign.eswatini
system.sz.monetary_accounts,sovereign.eswatini
system.sz.payments_finance,sovereign.eswatini
system.sz.public_order_security,sovereign.eswatini
system.sz.response_table,sovereign.eswatini
system.sz.shelter_thermal,sovereign.eswatini
system.sz.strategic_materiel,sovereign.eswatini
system.sz.trade_demand,sovereign.eswatini
system.sz.trade_production,sovereign.eswatini
system.sz.transport_logistics,sovereign.eswatini
system.sz.water_sanitation,sovereign.eswatini
system.td.communications,sovereign.chad
system.td.energy,sovereign.chad
system.td.external_relationships,sovereign.chad
system.td.fiscal_accounts,sovereign.chad
system.td.food,sovereign.chad
system.td.governing_authority,sovereign.chad
system.td.health,sovereign.chad
system.td.monetary_accounts,sovereign.chad
system.td.payments_finance,sovereign.chad
system.td.public_order_security,sovereign.chad
system.td.response_table,sovereign.chad
system.td.shelter_thermal,sovereign.chad
system.td.strategic_materiel,sovereign.chad
system.td.trade_demand,sovereign.chad
system.td.trade_production,sovereign.chad
system.td.transport_logistics,sovereign.chad
system.td.water_sanitation,sovereign.chad
system.tg.communications,sovereign.togo
system.tg.energy,sovereign.togo
system.tg.external_relationships,sovereign.togo
system.tg.fiscal_accounts,sovereign.togo
system.tg.food,sovereign.togo
system.tg.governing_authority,sovereign.togo
system.tg.health,sovereign.togo
system.tg.monetary_accounts,sovereign.togo
system.tg.payments_finance,sovereign.togo
system.tg.public_order_security,sovereign.togo
system.tg.response_table,sovereign.togo
system.tg.shelter_thermal,sovereign.togo
system.tg.strategic_materiel,sovereign.togo
system.tg.trade_demand,sovereign.togo
system.tg.trade_production,sovereign.togo
system.tg.transport_logistics,sovereign.togo
system.tg.water_sanitation,sovereign.togo
system.th.communications,sovereign.thailand
system.th.energy,sovereign.thailand
system.th.external_relationships,sovereign.thailand
system.th.fiscal_accounts,sovereign.thailand
system.th.food,sovereign.thailand
system.th.governing_authority,sovereign.thailand
system.th.health,sovereign.thailand
system.th.monetary_accounts,sovereign.thailand
system.th.payments_finance,sovereign.thailand
system.th.public_order_security,sovereign.thailand
system.th.response_table,sovereign.thailand
system.th.shelter_thermal,sovereign.thailand
system.th.strategic_materiel,sovereign.thailand
system.th.trade_demand,sovereign.thailand
system.th.trade_production,sovereign.thailand
system.th.transport_logistics,sovereign.thailand
system.th.water_sanitation,sovereign.thailand
system.tn.communications,sovereign.tunisia
system.tn.energy,sovereign.tunisia
system.tn.external_relationships,sovereign.tunisia
system.tn.fiscal_accounts,sovereign.tunisia
system.tn.food,sovereign.tunisia
system.tn.governing_authority,sovereign.tunisia
system.tn.health,sovereign.tunisia
system.tn.monetary_accounts,sovereign.tunisia
system.tn.payments_finance,sovereign.tunisia
system.tn.public_order_security,sovereign.tunisia
system.tn.response_table,sovereign.tunisia
system.tn.shelter_thermal,sovereign.tunisia
system.tn.strategic_materiel,sovereign.tunisia
system.tn.trade_demand,sovereign.tunisia
system.tn.trade_production,sovereign.tunisia
system.tn.transport_logistics,sovereign.tunisia
system.tn.water_sanitation,sovereign.tunisia
system.to.communications,sovereign.tonga
system.to.energy,sovereign.tonga
system.to.external_relationships,sovereign.tonga
system.to.fiscal_accounts,sovereign.tonga
system.to.food,sovereign.tonga
system.to.governing_authority,sovereign.tonga
system.to.health,sovereign.tonga
system.to.monetary_accounts,sovereign.tonga
system.to.payments_finance,sovereign.tonga
system.to.public_order_security,sovereign.tonga
system.to.response_table,sovereign.tonga
system.to.shelter_thermal,sovereign.tonga
system.to.strategic_materiel,sovereign.tonga
system.to.trade_demand,sovereign.tonga
system.to.trade_production,sovereign.tonga
system.to.transport_logistics,sovereign.tonga
system.to.water_sanitation,sovereign.tonga
system.tr.communications,sovereign.turkey
system.tr.energy,sovereign.turkey
system.tr.external_relationships,sovereign.turkey
system.tr.fiscal_accounts,sovereign.turkey
system.tr.food,sovereign.turkey
system.tr.governing_authority,sovereign.turkey
system.tr.health,sovereign.turkey
system.tr.monetary_accounts,sovereign.turkey
system.tr.payments_finance,sovereign.turkey
system.tr.public_order_security,sovereign.turkey
system.tr.response_table,sovereign.turkey
system.tr.shelter_thermal,sovereign.turkey
system.tr.strategic_materiel,sovereign.turkey
system.tr.trade_demand,sovereign.turkey
system.tr.trade_production,sovereign.turkey
system.tr.transport_logistics,sovereign.turkey
system.tr.water_sanitation,sovereign.turkey
system.tt.communications,sovereign.trinidad_and_tobago
system.tt.energy,sovereign.trinidad_and_tobago
system.tt.external_relationships,sovereign.trinidad_and_tobago
system.tt.fiscal_accounts,sovereign.trinidad_and_tobago
system.tt.food,sovereign.trinidad_and_tobago
system.tt.governing_authority,sovereign.trinidad_and_tobago
system.tt.health,sovereign.trinidad_and_tobago
system.tt.monetary_accounts,sovereign.trinidad_and_tobago
system.tt.payments_finance,sovereign.trinidad_and_tobago
system.tt.public_order_security,sovereign.trinidad_and_tobago
system.tt.response_table,sovereign.trinidad_and_tobago
system.tt.shelter_thermal,sovereign.trinidad_and_tobago
system.tt.strategic_materiel,sovereign.trinidad_and_tobago
system.tt.trade_demand,sovereign.trinidad_and_tobago
system.tt.trade_production,sovereign.trinidad_and_tobago
system.tt.transport_logistics,sovereign.trinidad_and_tobago
system.tt.water_sanitation,sovereign.trinidad_and_tobago
system.tv.communications,sovereign.tuvalu
system.tv.energy,sovereign.tuvalu
system.tv.external_relationships,sovereign.tuvalu
system.tv.fiscal_accounts,sovereign.tuvalu
system.tv.food,sovereign.tuvalu
system.tv.governing_authority,sovereign.tuvalu
system.tv.health,sovereign.tuvalu
system.tv.monetary_accounts,sovereign.tuvalu
system.tv.payments_finance,sovereign.tuvalu
system.tv.public_order_security,sovereign.tuvalu
system.tv.response_table,sovereign.tuvalu
system.tv.shelter_thermal,sovereign.tuvalu
system.tv.strategic_materiel,sovereign.tuvalu
system.tv.trade_demand,sovereign.tuvalu
system.tv.trade_production,sovereign.tuvalu
system.tv.transport_logistics,sovereign.tuvalu
system.tv.water_sanitation,sovereign.tuvalu
system.tz.communications,sovereign.tanzania
system.tz.energy,sovereign.tanzania
system.tz.external_relationships,sovereign.tanzania
system.tz.fiscal_accounts,sovereign.tanzania
system.tz.food,sovereign.tanzania
system.tz.governing_authority,sovereign.tanzania
system.tz.health,sovereign.tanzania
system.tz.monetary_accounts,sovereign.tanzania
system.tz.payments_finance,sovereign.tanzania
system.tz.public_order_security,sovereign.tanzania
system.tz.response_table,sovereign.tanzania
system.tz.shelter_thermal,sovereign.tanzania
system.tz.strategic_materiel,sovereign.tanzania
system.tz.trade_demand,sovereign.tanzania
system.tz.trade_production,sovereign.tanzania
system.tz.transport_logistics,sovereign.tanzania
system.tz.water_sanitation,sovereign.tanzania
system.ug.communications,sovereign.uganda
system.ug.energy,sovereign.uganda
system.ug.external_relationships,sovereign.uganda
system.ug.fiscal_accounts,sovereign.uganda
system.ug.food,sovereign.uganda
system.ug.governing_authority,sovereign.uganda
system.ug.health,sovereign.uganda
system.ug.monetary_accounts,sovereign.uganda
system.ug.payments_finance,sovereign.uganda
system.ug.public_order_security,sovereign.uganda
system.ug.response_table,sovereign.uganda
system.ug.shelter_thermal,sovereign.uganda
system.ug.strategic_materiel,sovereign.uganda
system.ug.trade_demand,sovereign.uganda
system.ug.trade_production,sovereign.uganda
system.ug.transport_logistics,sovereign.uganda
system.ug.water_sanitation,sovereign.uganda
system.us.communications,sovereign.united_states
system.us.energy,sovereign.united_states
system.us.external_relationships,sovereign.united_states
system.us.fiscal_accounts,sovereign.united_states
system.us.food,sovereign.united_states
system.us.governing_authority,sovereign.united_states
system.us.health,sovereign.united_states
system.us.monetary_accounts,sovereign.united_states
system.us.payments_finance,sovereign.united_states
system.us.public_order_security,sovereign.united_states
system.us.response_table,sovereign.united_states
system.us.shelter_thermal,sovereign.united_states
system.us.strategic_materiel,sovereign.united_states
system.us.trade_demand,sovereign.united_states
system.us.trade_production,sovereign.united_states
system.us.transport_logistics,sovereign.united_states
system.us.water_sanitation,sovereign.united_states
system.uy.communications,sovereign.uruguay
system.uy.energy,sovereign.uruguay
system.uy.external_relationships,sovereign.uruguay
system.uy.fiscal_accounts,sovereign.uruguay
system.uy.food,sovereign.uruguay
system.uy.governing_authority,sovereign.uruguay
system.uy.health,sovereign.uruguay
system.uy.monetary_accounts,sovereign.uruguay
system.uy.payments_finance,sovereign.uruguay
system.uy.public_order_security,sovereign.uruguay
system.uy.response_table,sovereign.uruguay
system.uy.shelter_thermal,sovereign.uruguay
system.uy.strategic_materiel,sovereign.uruguay
system.uy.trade_demand,sovereign.uruguay
system.uy.trade_production,sovereign.uruguay
system.uy.transport_logistics,sovereign.uruguay
system.uy.water_sanitation,sovereign.uruguay
system.va.communications,sovereign.holy_see
system.va.energy,sovereign.holy_see
system.va.external_relationships,sovereign.holy_see
system.va.fiscal_accounts,sovereign.holy_see
system.va.food,sovereign.holy_see
system.va.governing_authority,sovereign.holy_see
system.va.health,sovereign.holy_see
system.va.monetary_accounts,sovereign.holy_see
system.va.payments_finance,sovereign.holy_see
system.va.public_order_security,sovereign.holy_see
system.va.response_table,sovereign.holy_see
system.va.shelter_thermal,sovereign.holy_see
system.va.strategic_materiel,sovereign.holy_see
system.va.trade_demand,sovereign.holy_see
system.va.trade_production,sovereign.holy_see
system.va.transport_logistics,sovereign.holy_see
system.va.water_sanitation,sovereign.holy_see
system.ve.communications,sovereign.venezuela
system.ve.energy,sovereign.venezuela
system.ve.external_relationships,sovereign.venezuela
system.ve.fiscal_accounts,sovereign.venezuela
system.ve.food,sovereign.venezuela
system.ve.governing_authority,sovereign.venezuela
system.ve.health,sovereign.venezuela
system.ve.monetary_accounts,sovereign.venezuela
system.ve.payments_finance,sovereign.venezuela
system.ve.public_order_security,sovereign.venezuela
system.ve.response_table,sovereign.venezuela
system.ve.shelter_thermal,sovereign.venezuela
system.ve.strategic_materiel,sovereign.venezuela
system.ve.trade_demand,sovereign.venezuela
system.ve.trade_production,sovereign.venezuela
system.ve.transport_logistics,sovereign.venezuela
system.ve.water_sanitation,sovereign.venezuela
system.vn.communications,sovereign.vietnam
system.vn.energy,sovereign.vietnam
system.vn.external_relationships,sovereign.vietnam
system.vn.fiscal_accounts,sovereign.vietnam
system.vn.food,sovereign.vietnam
system.vn.governing_authority,sovereign.vietnam
system.vn.health,sovereign.vietnam
system.vn.monetary_accounts,sovereign.vietnam
system.vn.payments_finance,sovereign.vietnam
system.vn.public_order_security,sovereign.vietnam
system.vn.response_table,sovereign.vietnam
system.vn.shelter_thermal,sovereign.vietnam
system.vn.strategic_materiel,sovereign.vietnam
system.vn.trade_demand,sovereign.vietnam
system.vn.trade_production,sovereign.vietnam
system.vn.transport_logistics,sovereign.vietnam
system.vn.water_sanitation,sovereign.vietnam
system.ws.communications,sovereign.samoa
system.ws.energy,sovereign.samoa
system.ws.external_relationships,sovereign.samoa
system.ws.fiscal_accounts,sovereign.samoa
system.ws.food,sovereign.samoa
system.ws.governing_authority,sovereign.samoa
system.ws.health,sovereign.samoa
system.ws.monetary_accounts,sovereign.samoa
system.ws.payments_finance,sovereign.samoa
system.ws.public_order_security,sovereign.samoa
system.ws.response_table,sovereign.samoa
system.ws.shelter_thermal,sovereign.samoa
system.ws.strategic_materiel,sovereign.samoa
system.ws.trade_demand,sovereign.samoa
system.ws.trade_production,sovereign.samoa
system.ws.transport_logistics,sovereign.samoa
system.ws.water_sanitation,sovereign.samoa
system.yd.communications,sovereign.south_yemen
system.yd.energy,sovereign.south_yemen
system.yd.external_relationships,sovereign.south_yemen
system.yd.fiscal_accounts,sovereign.south_yemen
system.yd.food,sovereign.south_yemen
system.yd.governing_authority,sovereign.south_yemen
system.yd.health,sovereign.south_yemen
system.yd.monetary_accounts,sovereign.south_yemen
system.yd.payments_finance,sovereign.south_yemen
system.yd.public_order_security,sovereign.south_yemen
system.yd.response_table,sovereign.south_yemen
system.yd.shelter_thermal,sovereign.south_yemen
system.yd.strategic_materiel,sovereign.south_yemen
system.yd.trade_demand,sovereign.south_yemen
system.yd.trade_production,sovereign.south_yemen
system.yd.transport_logistics,sovereign.south_yemen
system.yd.water_sanitation,sovereign.south_yemen
system.ye.communications,sovereign.north_yemen
system.ye.energy,sovereign.north_yemen
system.ye.external_relationships,sovereign.north_yemen
system.ye.fiscal_accounts,sovereign.north_yemen
system.ye.food,sovereign.north_yemen
system.ye.governing_authority,sovereign.north_yemen
system.ye.health,sovereign.north_yemen
system.ye.monetary_accounts,sovereign.north_yemen
system.ye.payments_finance,sovereign.north_yemen
system.ye.public_order_security,sovereign.north_yemen
system.ye.response_table,sovereign.north_yemen
system.ye.shelter_thermal,sovereign.north_yemen
system.ye.strategic_materiel,sovereign.north_yemen
system.ye.trade_demand,sovereign.north_yemen
system.ye.trade_production,sovereign.north_yemen
system.ye.transport_logistics,sovereign.north_yemen
system.ye.water_sanitation,sovereign.north_yemen
system.yu.communications,sovereign.yugoslavia
system.yu.energy,sovereign.yugoslavia
system.yu.external_relationships,sovereign.yugoslavia
system.yu.fiscal_accounts,sovereign.yugoslavia
system.yu.food,sovereign.yugoslavia
system.yu.governing_authority,sovereign.yugoslavia
system.yu.health,sovereign.yugoslavia
system.yu.monetary_accounts,sovereign.yugoslavia
system.yu.payments_finance,sovereign.yugoslavia
system.yu.public_order_security,sovereign.yugoslavia
system.yu.response_table,sovereign.yugoslavia
system.yu.shelter_thermal,sovereign.yugoslavia
system.yu.strategic_materiel,sovereign.yugoslavia
system.yu.trade_demand,sovereign.yugoslavia
system.yu.trade_production,sovereign.yugoslavia
system.yu.transport_logistics,sovereign.yugoslavia
system.yu.water_sanitation,sovereign.yugoslavia
system.za.communications,sovereign.south_africa
system.za.energy,sovereign.south_africa
system.za.external_relationships,sovereign.south_africa
system.za.fiscal_accounts,sovereign.south_africa
system.za.food,sovereign.south_africa
system.za.governing_authority,sovereign.south_africa
system.za.health,sovereign.south_africa
system.za.monetary_accounts,sovereign.south_africa
system.za.payments_finance,sovereign.south_africa
system.za.public_order_security,sovereign.south_africa
system.za.response_table,sovereign.south_africa
system.za.shelter_thermal,sovereign.south_africa
system.za.strategic_materiel,sovereign.south_africa
system.za.trade_demand,sovereign.south_africa
system.za.trade_production,sovereign.south_africa
system.za.transport_logistics,sovereign.south_africa
system.za.water_sanitation,sovereign.south_africa
system.zm.communications,sovereign.zambia
system.zm.energy,sovereign.zambia
system.zm.external_relationships,sovereign.zambia
system.zm.fiscal_accounts,sovereign.zambia
system.zm.food,sovereign.zambia
system.zm.governing_authority,sovereign.zambia
system.zm.health,sovereign.zambia
system.zm.monetary_accounts,sovereign.zambia
system.zm.payments_finance,sovereign.zambia
system.zm.public_order_security,sovereign.zambia
system.zm.response_table,sovereign.zambia
system.zm.shelter_thermal,sovereign.zambia
system.zm.strategic_materiel,sovereign.zambia
system.zm.trade_demand,sovereign.zambia
system.zm.trade_production,sovereign.zambia
system.zm.transport_logistics,sovereign.zambia
system.zm.water_sanitation,sovereign.zambia
system.zr.communications,sovereign.drc
system.zr.energy,sovereign.drc
system.zr.external_relationships,sovereign.drc
system.zr.fiscal_accounts,sovereign.drc
system.zr.food,sovereign.drc
system.zr.governing_authority,sovereign.drc
system.zr.health,sovereign.drc
system.zr.monetary_accounts,sovereign.drc
system.zr.payments_finance,sovereign.drc
system.zr.public_order_security,sovereign.drc
system.zr.response_table,sovereign.drc
system.zr.shelter_thermal,sovereign.drc
system.zr.strategic_materiel,sovereign.drc
system.zr.trade_demand,sovereign.drc
system.zr.trade_production,sovereign.drc
system.zr.transport_logistics,sovereign.drc
system.zr.water_sanitation,sovereign.drc
